evidence_id,archive_id,evidence_type,authority,source_url,resolved_url,retrieval_date,http_status,content_type,content_sha256,evidence_quote,supports_decision,limitation,verification_status
beic_scope,beic,collection_scope,official_first_party,https://www.beic.it/wp-json/wp/v2/pages/2881,https://www.beic.it/wp-json/wp/v2/pages/2881,2026-08-11,200,application/json; charset=UTF-8,33ddfddd106a359e6887c616c6a0acdc9b272c035c6072a696416acde0c01e00,"BEIC reports 39,821 digital resources, 98,327 bibliographic records, and 5,617 authors.",Measures the broad digital-library ceiling.,"The total is multidisciplinary and includes non-text, non-Italian, and in-copyright material.",verified_official_evidence
beic_terms,beic,digital_library_terms,official_first_party,https://www.beic.it/wp-json/wp/v2/pages/2886,https://www.beic.it/wp-json/wp/v2/pages/2886,2026-08-11,200,application/json; charset=UTF-8,b9a56b29d1ad83fd6f61f5441264c52e063979eaef5efaab9ee6999bc89bbf47,"BEIC states that its digital-library images are freely accessible, downloadable, and reusable; public-domain reproductions remain public domain, copyrighted BEIC-held works are CC BY-SA, and catalog/OAI-PMH metadata is CC0.",Establishes reusable digital objects and open metadata subject to exact work status.,The image license does not establish corrected OCR or identify Italian literary text automatically.,verified_official_evidence
bibit_incunaboli_scope,bibit_incunaboli,scope_and_access,official_first_party,http://backend.bibliotecaitaliana.it/wp-json/muruca-core/v1/pages,http://backend.bibliotecaitaliana.it/wp-json/muruca-core/v1/pages,2026-08-11,200,application/json; charset=UTF-8,2846cbc877cbe354b835e0b59775fa3d507d3e5aeb944885c09147ea320f11c2,"Incunaboli in volgare contains more than 1,600 incunabula from about 70 libraries and more than 200,000 freely consultable images with technical and management metadata.",Pins the archive-scale image inventory and confirms metadata availability.,"No corrected transcription, OCR download, or corpus-text reuse grant is advertised.",verified_official_evidence
bibit_scrittori_scope,bibit_scrittori_italia,scope_and_access,official_first_party,http://backend.bibliotecaitaliana.it/wp-json/muruca-core/v1/pages,http://backend.bibliotecaitaliana.it/wp-json/muruca-core/v1/pages,2026-08-11,200,application/json; charset=UTF-8,2846cbc877cbe354b835e0b59775fa3d507d3e5aeb944885c09147ea320f11c2,"Scrittori d’Italia comprises 287 volumes, 179 works, and 125,171 image-text pages; the images are freely available under Laterza's permission.",Pins the complete advertised scope and confirms an image rather than transcription layer.,Image availability does not establish an OCR/full-text layer or avoid overlap with BibIt.,verified_official_evidence
diacoris_access_terms,diacoris,query_terms_and_scope,official_first_party,https://corpora.ficlit.unibo.it/DiaCORIS/,https://corpora.ficlit.unibo.it/DiaCORIS/,2026-08-11,200,text/html,1afabb46d438ebee9614f484c96392375106301be9456d85597355d3730e568a,DiaCORIS exposes 1861-2001 sections and grants query access exclusively for scientific research with no economic benefit.,Confirms the historical slice and non-commercial research query route.,"It does not grant bulk text, redistribution, derivative-dataset, or model-training permission.",verified_official_evidence
eltec_release_terms,eltec_italian,release_terms_and_scope,official_first_party,https://raw.githubusercontent.com/COST-ELTeC/ELTeC-ita/master/README.md,https://raw.githubusercontent.com/COST-ELTeC/ELTeC-ita/master/README.md,2026-08-11,200,text/plain; charset=utf-8,b24299b6288359d6c3892d4f40662cccff2b5562f6ff3c48e63b60d2e8f91950,The ELTeC Italian release contains 36 level-1 novels; all included texts are public domain and the textual markup is CC BY 4.0.,"Establishes release size, text status, markup license, contributors, and source families.","The release overlaps BibIt/CLiGS sources and includes early-twentieth-century material, so it requires capped, record-level inventory.",verified_official_evidence
gallica_api_access,gallica,metadata_and_ocr_access,official_first_party,https://api.bnf.fr/fr/api-gallica-de-recherche,https://api.bnf.fr/fr/api-gallica-de-recherche,2026-08-11,200,text/html; charset=UTF-8,6856983c6738569033ab1db7eada0d566c1da2b73a8b82f8455fb8631674469f,Gallica's SRU API searches the digital collection and exposes OCR-quality values from 0 to 100.,Supports a metadata-only inventory and a later measured OCR-quality gate.,API access does not itself permit reuse of digitized documents.,verified_official_evidence
gallica_api_terms,gallica,api_terms,official_first_party,https://api.bnf.fr/fr/conditions-generales-dutilisation-du-site-bnf-api-et-jeux-de-donnees,https://api.bnf.fr/fr/conditions-generales-dutilisation-du-site-bnf-api-et-jeux-de-donnees,2026-08-11,200,text/html; charset=UTF-8,4ae4c11213d29f71b194b9657cbcf7480dedabeaaa8485ab7c835deb0eb780e3,BnF API terms permit dataset downloads but require separate Gallica content terms or prior authorization for digitized-document reuse; BnF metadata is Etalab Open Licence 2.0 with source and update-date credit.,Permits bounded metadata discovery with attribution.,Corpus-text training remains blocked until the exact Gallica content and item rights pass.,verified_official_evidence
google_books_api_access,google_books,metadata_access,official_first_party,https://developers.google.com/books/docs/v1/using,https://developers.google.com/books/docs/v1/using,2026-08-11,200,text/html; charset=utf-8,1a07df042d9f8051649f7cf5a48d85e734e0439011cfb168dd576f9a4266309f,"The Books API is a search and access interface; availability varies with copyright, contract, legal restrictions, and user location.",Supports discovery of editions that can be located in reusable archives.,API discovery and preview availability are not reusable corpus-text provenance.,verified_official_evidence
google_books_api_terms,google_books,api_terms,official_first_party,https://developers.google.com/books/terms,https://developers.google.com/books/terms,2026-08-11,200,text/html; charset=utf-8,1afbf509616debf436bbda1c4eacdb19df81e38cce00790477adfbdf8434ba64,"Google Books API use is governed by the Books API and Google APIs terms, with removal duties for supplied content.",Supports metadata discovery under the API terms.,The terms do not grant a blanket corpus-text training or bulk-download right.,verified_official_evidence
hathitrust_terms_access,hathitrust,terms_access_blocker,official_first_party,https://www.hathitrust.org/terms-of-use/,https://www.hathitrust.org/terms-of-use/,2026-08-11,403,text/html; charset=UTF-8,c18f481447799f11325d84e4d323d810400cf6bb7f27fe3e5f6dfe14235387e2,The official HathiTrust terms page returned an automated-access challenge to this audit client.,Records that first-party permission evidence could not be pinned.,"No training, bulk-download, or redistribution permission may be inferred from full-view status.",official_page_inaccessible_http_403
internet_archive_automation,internet_archive,automated_access,official_first_party,https://archive.org/developers/bots.html,https://archive.org/developers/bots.html,2026-08-11,200,text/html; charset=utf-8,356286fd82beca35f2dfe7f69da7269ca8d565764ca4b1d2e6aef3adccb5d871,"Internet Archive documents automated access for bots, AI agents, and LLMs and requires descriptive user agents, delays, and rate-limit handling.",Authorizes a rate-limited metadata inventory through documented services.,Operational access guidance is not a blanket license for item text.,verified_official_evidence
internet_archive_historical_italian_count,internet_archive,metadata_count,official_first_party,https://archive.org/advancedsearch.php?q=language%3Aita+AND+mediatype%3Atexts+AND+date%3A%5B1200-01-01+TO+1900-12-31%5D&fl%5B%5D=identifier&rows=0&page=1&output=json,https://archive.org/advancedsearch.php?q=language%3Aita+AND+mediatype%3Atexts+AND+date%3A%5B1200-01-01+TO+1900-12-31%5D&fl%5B%5D=identifier&rows=0&page=1&output=json,2026-08-11,200,application/json,80948b18bdd19f21ae6b78ed5b835c0064ea576a62d9dc3736145a7430573d1d,"Pinned metadata query returned 99,424 records.",Measures the broad metadata candidate ceiling for Italian texts dated no later than 1900.,Language/date metadata is noisy; the count is not a rights-cleared or OCR-quality-passing corpus.,verified_official_evidence
internet_culturale_scope,internet_culturale,collection_scope,official_first_party,https://www.internetculturale.it/it/41/collezioni-digitali,https://www.internetculturale.it/it/41/collezioni-digitali,2026-08-11,200,text/html; charset=UTF-8,43678ddd517757a438dbf3f805f466182da228d18753e7949d61ead099d0f44d,The official collection directory reports 291 digital collections and distinguishes full-text and digital-text discovery routes.,Measures the collection-level discovery universe before item inventory.,Collection count is not a count of reusable Italian primary-text documents.,verified_official_evidence
internet_culturale_terms,internet_culturale,portal_terms,official_first_party,https://www.internetculturale.it/it/15/termini-d-uso,https://www.internetculturale.it/it/15/termini-d-uso,2026-08-11,200,text/html; charset=UTF-8,837a19ca4304d27f19435fa22b879f965dad872d2af443e9a4f062fe0b1154ab,"Internet Culturale permits non-commercial sharing and transformation of hosted digital content with attribution and ShareAlike, subject to different item-specific indications; metadata is CC0 1.0.",Establishes a compatible non-commercial reuse route and its attribution/share-alike duties.,Partner sites and item-specific notices can override portal defaults; web-resolution files are not automatically primary text.,verified_official_evidence
midia_result_access,midia,result_access,official_first_party,https://www.corpusmidia.unito.it/documentation.php,https://www.corpusmidia.unito.it/documentation.php,2026-08-11,200,text/html; charset=UTF-8,9fb9ff7db180669ef96c9c89422e84761ce392ec81eb4f4007b7589da825aee2,MIDIA documents downloadable CSV query results and links from concordance rows to the source text and work metadata.,Supports a bounded source-list and access inventory.,A query-result interface is not yet a verified bulk release endpoint.,verified_official_evidence
midia_terms_and_scope,midia,terms_scope_and_access,official_first_party,https://www.corpusmidia.unito.it/,https://www.corpusmidia.unito.it/,2026-08-11,200,text/html; charset=UTF-8,8705be41f96b22e17e2b13577d5c0a14a79a4b8290a51dd0c763e8d32e485a0e,MIDIA reports about 7.8 million occurrences from about 800 texts spanning the thirteenth to mid-twentieth century and distributes the corpus under CC BY-NC 4.0.,"Establishes non-commercial reuse terms, composition scale, and attribution duty.","The corpus crosses 1900 and still requires period filtering, source-level deduplication, and an access-method audit.",verified_official_evidence
ovi_tlio_access,ovi_tlio,query_access,official_first_party,http://tlio.ovi.cnr.it/TLIO/,http://tlio.ovi.cnr.it/TLIO/,2026-08-11,200,text/html,2fafa913385f0bb9d11e59f27ae8d420e02d9e7474c87c13dda8e4f89818300a,The official TLIO landing page exposes an interrogation menu.,Confirms query-interface access.,"No bulk text, license, redistribution, or model-training permission is stated.",verified_official_evidence
