review_id,unit_id,reference_id,review_type,evidence,resolution,next_checkpoint
review:bibit:record:bibit000118:bibit:sonnet:bibit001304:structural_0005,bibit:record:bibit000118,bibit:sonnet:bibit001304:structural_0005,sonnet_segment_quarantine,left=0.000920;right=0.923810;matching_shingles=97;preferred=bibit:sonnet:bibit001304:structural_0005,remove_exact_matched_span_in_checkpoint_7b,7B
review:bibit:record:bibit000278:bibit:sonnet:bibit001629:structural_0011,bibit:record:bibit000278,bibit:sonnet:bibit001629:structural_0011,sonnet_segment_quarantine,left=0.011510;right=0.912088;matching_shingles=83;preferred=bibit:sonnet:bibit001629:structural_0011,remove_exact_matched_span_in_checkpoint_7b,7B
review:bibit:record:bibit000682:bibit:sonnet:bibit000099:structural_0006,bibit:record:bibit000682,bibit:sonnet:bibit000099:structural_0006,sonnet_segment_quarantine,left=0.010947;right=0.833333;matching_shingles=80;preferred=bibit:sonnet:bibit000099:structural_0006,remove_exact_matched_span_in_checkpoint_7b,7B
review:bibit:record:bibit000709:bibit:sonnet:bibit001585:structural_0002,bibit:record:bibit000709,bibit:sonnet:bibit001585:structural_0002,sonnet_segment_quarantine,left=0.000584;right=1.000000;matching_shingles=88;preferred=bibit:sonnet:bibit001585:structural_0002,remove_exact_matched_span_in_checkpoint_7b,7B
review:bibit:record:bibit000709:bibit:sonnet:bibit001585:structural_0003,bibit:record:bibit000709,bibit:sonnet:bibit001585:structural_0003,sonnet_segment_quarantine,left=0.000577;right=1.000000;matching_shingles=87;preferred=bibit:sonnet:bibit001585:structural_0003,remove_exact_matched_span_in_checkpoint_7b,7B
review:bibit:record:bibit000709:bibit:sonnet:bibit001585:structural_0004,bibit:record:bibit000709,bibit:sonnet:bibit001585:structural_0004,sonnet_segment_quarantine,left=0.000571;right=1.000000;matching_shingles=86;preferred=bibit:sonnet:bibit001585:structural_0004,remove_exact_matched_span_in_checkpoint_7b,7B
review:bibit:record:bibit000709:bibit:sonnet:bibit001585:structural_0006,bibit:record:bibit000709,bibit:sonnet:bibit001585:structural_0006,sonnet_segment_quarantine,left=0.000584;right=0.967033;matching_shingles=88;preferred=bibit:sonnet:bibit001585:structural_0006,remove_exact_matched_span_in_checkpoint_7b,7B
review:bibit:record:bibit000709:bibit:sonnet:bibit001585:structural_0007,bibit:record:bibit000709,bibit:sonnet:bibit001585:structural_0007,sonnet_segment_quarantine,left=0.000471;right=0.898734;matching_shingles=71;preferred=bibit:sonnet:bibit001585:structural_0007,remove_exact_matched_span_in_checkpoint_7b,7B
review:bibit:record:bibit000709:bibit:sonnet:bibit001585:structural_0010,bibit:record:bibit000709,bibit:sonnet:bibit001585:structural_0010,sonnet_segment_quarantine,left=0.000577;right=1.000000;matching_shingles=87;preferred=bibit:sonnet:bibit001585:structural_0010,remove_exact_matched_span_in_checkpoint_7b,7B
review:bibit:record:bibit000709:wikisource:sonnet:itws:260006:sonnet0001,bibit:record:bibit000709,wikisource:sonnet:itws:260006:sonnet0001,sonnet_segment_quarantine,left=0.000345;right=0.825397;matching_shingles=52;preferred=wikisource:sonnet:itws:260006:sonnet0001,remove_exact_matched_span_in_checkpoint_7b,7B
review:bibit:record:bibit000935:bibit:sonnet:bibit000099:sonnet_0386,bibit:record:bibit000935,bibit:sonnet:bibit000099:sonnet_0386,sonnet_segment_quarantine,left=0.001280;right=0.809524;matching_shingles=85;preferred=bibit:sonnet:bibit000099:sonnet_0386,remove_exact_matched_span_in_checkpoint_7b,7B
review:bibit:record:bibit000935:bibit:sonnet:bibit000099:sonnet_0483,bibit:record:bibit000935,bibit:sonnet:bibit000099:sonnet_0483,sonnet_segment_quarantine,left=0.001280;right=0.833333;matching_shingles=85;preferred=bibit:sonnet:bibit000099:sonnet_0483,remove_exact_matched_span_in_checkpoint_7b,7B
review:bibit:record:bibit001063:wikisource:sonnet:itws:987480:sonnet0001,bibit:record:bibit001063,wikisource:sonnet:itws:987480:sonnet0001,sonnet_segment_quarantine,left=0.001878;right=0.925000;matching_shingles=74;preferred=wikisource:sonnet:itws:987480:sonnet0001,remove_exact_matched_span_in_checkpoint_7b,7B
review:bibit:record:bibit001063:wikisource:sonnet:itws:988061:sonnet0001,bibit:record:bibit001063,wikisource:sonnet:itws:988061:sonnet0001,sonnet_segment_quarantine,left=0.001573;right=0.885714;matching_shingles=62;preferred=wikisource:sonnet:itws:988061:sonnet0001,remove_exact_matched_span_in_checkpoint_7b,7B
review:bibit:record:bibit001120:bibit:record:bibit000985,bibit:record:bibit001120,bibit:record:bibit000985,embedded_canonical_span,left=0.847231;right=0.310567;matching_shingles=2601;preferred=bibit:record:bibit000985,remove_exact_matched_span_in_checkpoint_7b,7B
review:bibit:record:bibit001190:bibit:record:bibit000369,bibit:record:bibit001190,bibit:record:bibit000369,embedded_canonical_span,left=0.956881;right=0.444681;matching_shingles=2086;preferred=bibit:record:bibit000369,remove_exact_matched_span_in_checkpoint_7b,7B
review:bibit:record:bibit001217:bibit:sonnet:bibit000099:structural_0006,bibit:record:bibit001217,bibit:sonnet:bibit000099:structural_0006,sonnet_segment_quarantine,left=0.022105;right=1.000000;matching_shingles=96;preferred=bibit:sonnet:bibit000099:structural_0006,remove_exact_matched_span_in_checkpoint_7b,7B
review:bibit:record:bibit001217:bibit:sonnet:bibit000099:structural_0007,bibit:record:bibit001217,bibit:sonnet:bibit000099:structural_0007,sonnet_segment_quarantine,left=0.022565;right=1.000000;matching_shingles=98;preferred=bibit:sonnet:bibit000099:structural_0007,remove_exact_matched_span_in_checkpoint_7b,7B
review:bibit:record:bibit001217:bibit:sonnet:bibit000099:structural_0008,bibit:record:bibit001217,bibit:sonnet:bibit000099:structural_0008,sonnet_segment_quarantine,left=0.022565;right=1.000000;matching_shingles=98;preferred=bibit:sonnet:bibit000099:structural_0008,remove_exact_matched_span_in_checkpoint_7b,7B
review:bibit:record:bibit001465:bibit:record:bibit001453,bibit:record:bibit001465,bibit:record:bibit001453,embedded_canonical_span,left=0.973419;right=0.727076;matching_shingles=19482;preferred=bibit:record:bibit001453,remove_exact_matched_span_in_checkpoint_7b,7B
review:bibit:record:bibit001495:bibit:sonnet:bibit001495:sonnet_0001,bibit:record:bibit001495,bibit:sonnet:bibit001495:sonnet_0001,sonnet_segment_quarantine,left=0.002907;right=0.866667;matching_shingles=91;preferred=bibit:sonnet:bibit001495:sonnet_0001,remove_exact_matched_span_in_checkpoint_7b,7B
review:bibit:record:bibit001585:wikisource:sonnet:itws:260006:sonnet0001,bibit:record:bibit001585,wikisource:sonnet:itws:260006:sonnet0001,sonnet_segment_quarantine,left=0.019954;right=0.825397;matching_shingles=52;preferred=wikisource:sonnet:itws:260006:sonnet0001,remove_exact_matched_span_in_checkpoint_7b,7B
review:bibit:record:bibit001643:bibit:record:bibit000051,bibit:record:bibit001643,bibit:record:bibit000051,embedded_canonical_span,left=0.922807;right=0.364455;matching_shingles=2104;preferred=bibit:record:bibit000051,remove_exact_matched_span_in_checkpoint_7b,7B
review:bibit:record:bibit001643:bibit:record:bibit000253,bibit:record:bibit001643,bibit:record:bibit000253,embedded_canonical_span,left=0.872165;right=0.146544;matching_shingles=846;preferred=bibit:record:bibit000253,remove_exact_matched_span_in_checkpoint_7b,7B
review:bibit:record:bibit001643:bibit:record:bibit000646,bibit:record:bibit001643,bibit:record:bibit000646,embedded_canonical_span,left=0.899425;right=0.216872;matching_shingles=1252;preferred=bibit:record:bibit000646,remove_exact_matched_span_in_checkpoint_7b,7B
review:gutenberg:record:pg38698:bibit:sonnet:bibit001111:sonnet_0033,gutenberg:record:pg38698,bibit:sonnet:bibit001111:sonnet_0033,sonnet_segment_quarantine,left=0.001455;right=0.843137;matching_shingles=86;preferred=bibit:sonnet:bibit001111:sonnet_0033,remove_exact_matched_span_in_checkpoint_7b,7B
review:gutenberg:record:pg38698:gutenberg:sonnet:pg27825:char33248-33795,gutenberg:record:pg38698,gutenberg:sonnet:pg27825:char33248-33795,sonnet_segment_quarantine,left=0.001252;right=0.850575;matching_shingles=74;preferred=gutenberg:sonnet:pg27825:char33248-33795,remove_exact_matched_span_in_checkpoint_7b,7B
review:gutenberg:record:pg46717:bibit:sonnet:bibit001063:sonnet_0005,gutenberg:record:pg46717,bibit:sonnet:bibit001063:sonnet_0005,sonnet_segment_quarantine,left=0.001065;right=0.836957;matching_shingles=77;preferred=bibit:sonnet:bibit001063:sonnet_0005,remove_exact_matched_span_in_checkpoint_7b,7B
review:gutenberg:record:pg47276:v6:sonnet:colonna_sonetti_spirituali_sonetto_cxcvi,gutenberg:record:pg47276,v6:sonnet:colonna_sonetti_spirituali_sonetto_cxcvi,sonnet_segment_quarantine,left=0.000467;right=0.920792;matching_shingles=93;preferred=v6:sonnet:colonna_sonetti_spirituali_sonetto_cxcvi,remove_exact_matched_span_in_checkpoint_7b,7B
review:gutenberg:record:pg47276:v6:sonnet:colonna_sonetti_spirituali_sonetto_lxxvi,gutenberg:record:pg47276,v6:sonnet:colonna_sonetti_spirituali_sonetto_lxxvi,sonnet_segment_quarantine,left=0.000436;right=0.887755;matching_shingles=87;preferred=v6:sonnet:colonna_sonetti_spirituali_sonetto_lxxvi,remove_exact_matched_span_in_checkpoint_7b,7B
review:gutenberg:record:pg47276:wikisource:sonnet:itws:826865:sonnet0001,gutenberg:record:pg47276,wikisource:sonnet:itws:826865:sonnet0001,sonnet_segment_quarantine,left=0.000492;right=1.000000;matching_shingles=98;preferred=wikisource:sonnet:itws:826865:sonnet0001,remove_exact_matched_span_in_checkpoint_7b,7B
review:ilc_ota:record:ota_0304:rime-0304:bibit:sonnet:bibit000129:sonnet_0033,ilc_ota:record:ota_0304:rime-0304,bibit:sonnet:bibit000129:sonnet_0033,sonnet_segment_quarantine,left=0.006380;right=1.000000;matching_shingles=111;preferred=bibit:sonnet:bibit000129:sonnet_0033,remove_exact_matched_span_in_checkpoint_7b,7B
review:ilc_ota:record:ota_0304:rime-0304:bibit:sonnet:bibit000129:sonnet_0034,ilc_ota:record:ota_0304:rime-0304,bibit:sonnet:bibit000129:sonnet_0034,sonnet_segment_quarantine,left=0.006150;right=1.000000;matching_shingles=107;preferred=bibit:sonnet:bibit000129:sonnet_0034,remove_exact_matched_span_in_checkpoint_7b,7B
review:ilc_ota:record:ota_0304:rime-0304:bibit:sonnet:bibit000129:sonnet_0035,ilc_ota:record:ota_0304:rime-0304,bibit:sonnet:bibit000129:sonnet_0035,sonnet_segment_quarantine,left=0.005977;right=1.000000;matching_shingles=104;preferred=bibit:sonnet:bibit000129:sonnet_0035,remove_exact_matched_span_in_checkpoint_7b,7B
review:ilc_ota:record:ota_0304:rime-0304:bibit:sonnet:bibit000129:sonnet_0036,ilc_ota:record:ota_0304:rime-0304,bibit:sonnet:bibit000129:sonnet_0036,sonnet_segment_quarantine,left=0.006207;right=0.990826;matching_shingles=108;preferred=bibit:sonnet:bibit000129:sonnet_0036,remove_exact_matched_span_in_checkpoint_7b,7B
review:ilc_ota:record:ota_0304:rime-0304:bibit:sonnet:bibit000129:sonnet_0037,ilc_ota:record:ota_0304:rime-0304,bibit:sonnet:bibit000129:sonnet_0037,sonnet_segment_quarantine,left=0.005633;right=0.924528;matching_shingles=98;preferred=bibit:sonnet:bibit000129:sonnet_0037,remove_exact_matched_span_in_checkpoint_7b,7B
review:ilc_ota:record:ota_0304:rime-0304:bibit:sonnet:bibit000129:sonnet_0038,ilc_ota:record:ota_0304:rime-0304,bibit:sonnet:bibit000129:sonnet_0038,sonnet_segment_quarantine,left=0.006092;right=1.000000;matching_shingles=106;preferred=bibit:sonnet:bibit000129:sonnet_0038,remove_exact_matched_span_in_checkpoint_7b,7B
review:ilc_ota:record:ota_0304:rime-0304:bibit:sonnet:bibit000129:sonnet_0039,ilc_ota:record:ota_0304:rime-0304,bibit:sonnet:bibit000129:sonnet_0039,sonnet_segment_quarantine,left=0.005575;right=0.923810;matching_shingles=97;preferred=bibit:sonnet:bibit000129:sonnet_0039,remove_exact_matched_span_in_checkpoint_7b,7B
review:ilc_ota:record:ota_0304:rime-0304:bibit:sonnet:bibit000129:sonnet_0040,ilc_ota:record:ota_0304:rime-0304,bibit:sonnet:bibit000129:sonnet_0040,sonnet_segment_quarantine,left=0.006322;right=1.000000;matching_shingles=110;preferred=bibit:sonnet:bibit000129:sonnet_0040,remove_exact_matched_span_in_checkpoint_7b,7B
review:ilc_ota:record:ota_0304:rime-0304:bibit:sonnet:bibit000129:sonnet_0041,ilc_ota:record:ota_0304:rime-0304,bibit:sonnet:bibit000129:sonnet_0041,sonnet_segment_quarantine,left=0.005575;right=0.923810;matching_shingles=97;preferred=bibit:sonnet:bibit000129:sonnet_0041,remove_exact_matched_span_in_checkpoint_7b,7B
review:ilc_ota:record:ota_0304:rime-0304:bibit:sonnet:bibit000129:sonnet_0042,ilc_ota:record:ota_0304:rime-0304,bibit:sonnet:bibit000129:sonnet_0042,sonnet_segment_quarantine,left=0.006092;right=1.000000;matching_shingles=106;preferred=bibit:sonnet:bibit000129:sonnet_0042,remove_exact_matched_span_in_checkpoint_7b,7B
review:ilc_ota:record:ota_0304:rime-0304:bibit:sonnet:bibit000129:sonnet_0043,ilc_ota:record:ota_0304:rime-0304,bibit:sonnet:bibit000129:sonnet_0043,sonnet_segment_quarantine,left=0.005173;right=0.918367;matching_shingles=90;preferred=bibit:sonnet:bibit000129:sonnet_0043,remove_exact_matched_span_in_checkpoint_7b,7B
review:ilc_ota:record:ota_0304:rime-0304:bibit:sonnet:bibit000129:sonnet_0044,ilc_ota:record:ota_0304:rime-0304,bibit:sonnet:bibit000129:sonnet_0044,sonnet_segment_quarantine,left=0.005288;right=0.920000;matching_shingles=92;preferred=bibit:sonnet:bibit000129:sonnet_0044,remove_exact_matched_span_in_checkpoint_7b,7B
review:ilc_ota:record:ota_0304:rime-0304:bibit:sonnet:bibit000129:sonnet_0045,ilc_ota:record:ota_0304:rime-0304,bibit:sonnet:bibit000129:sonnet_0045,sonnet_segment_quarantine,left=0.005230;right=0.850467;matching_shingles=91;preferred=bibit:sonnet:bibit000129:sonnet_0045,remove_exact_matched_span_in_checkpoint_7b,7B
review:ilc_ota:record:ota_0304:rime-0304:bibit:sonnet:bibit000129:sonnet_0046,ilc_ota:record:ota_0304:rime-0304,bibit:sonnet:bibit000129:sonnet_0046,sonnet_segment_quarantine,left=0.006035;right=1.000000;matching_shingles=105;preferred=bibit:sonnet:bibit000129:sonnet_0046,remove_exact_matched_span_in_checkpoint_7b,7B
review:ilc_ota:record:ota_0304:rime-0304:bibit:sonnet:bibit000129:sonnet_0047,ilc_ota:record:ota_0304:rime-0304,bibit:sonnet:bibit000129:sonnet_0047,sonnet_segment_quarantine,left=0.005920;right=1.000000;matching_shingles=103;preferred=bibit:sonnet:bibit000129:sonnet_0047,remove_exact_matched_span_in_checkpoint_7b,7B
review:ilc_ota:record:ota_0304:rime-0304:bibit:sonnet:bibit000129:sonnet_0048,ilc_ota:record:ota_0304:rime-0304,bibit:sonnet:bibit000129:sonnet_0048,sonnet_segment_quarantine,left=0.005747;right=1.000000;matching_shingles=100;preferred=bibit:sonnet:bibit000129:sonnet_0048,remove_exact_matched_span_in_checkpoint_7b,7B
review:ilc_ota:record:ota_0304:rime-0304:bibit:sonnet:bibit000129:sonnet_0049,ilc_ota:record:ota_0304:rime-0304,bibit:sonnet:bibit000129:sonnet_0049,sonnet_segment_quarantine,left=0.006035;right=1.000000;matching_shingles=105;preferred=bibit:sonnet:bibit000129:sonnet_0049,remove_exact_matched_span_in_checkpoint_7b,7B
review:ilc_ota:record:ota_0304:rime-0304:bibit:sonnet:bibit000129:sonnet_0050,ilc_ota:record:ota_0304:rime-0304,bibit:sonnet:bibit000129:sonnet_0050,sonnet_segment_quarantine,left=0.005058;right=0.916667;matching_shingles=88;preferred=bibit:sonnet:bibit000129:sonnet_0050,remove_exact_matched_span_in_checkpoint_7b,7B
review:ilc_ota:record:ota_0304:rime-0304:bibit:sonnet:bibit000129:sonnet_0051,ilc_ota:record:ota_0304:rime-0304,bibit:sonnet:bibit000129:sonnet_0051,sonnet_segment_quarantine,left=0.005115;right=0.967391;matching_shingles=89;preferred=bibit:sonnet:bibit000129:sonnet_0051,remove_exact_matched_span_in_checkpoint_7b,7B
review:ilc_ota:record:ota_0304:rime-0304:bibit:sonnet:bibit000129:sonnet_0052,ilc_ota:record:ota_0304:rime-0304,bibit:sonnet:bibit000129:sonnet_0052,sonnet_segment_quarantine,left=0.005920;right=0.927928;matching_shingles=103;preferred=bibit:sonnet:bibit000129:sonnet_0052,remove_exact_matched_span_in_checkpoint_7b,7B
review:ilc_ota:record:ota_0304:rime-0304:bibit:sonnet:bibit000129:sonnet_0053,ilc_ota:record:ota_0304:rime-0304,bibit:sonnet:bibit000129:sonnet_0053,sonnet_segment_quarantine,left=0.005690;right=1.000000;matching_shingles=99;preferred=bibit:sonnet:bibit000129:sonnet_0053,remove_exact_matched_span_in_checkpoint_7b,7B
review:ilc_ota:record:ota_0304:rime-0304:bibit:sonnet:bibit000129:sonnet_0054,ilc_ota:record:ota_0304:rime-0304,bibit:sonnet:bibit000129:sonnet_0054,sonnet_segment_quarantine,left=0.006035;right=1.000000;matching_shingles=105;preferred=bibit:sonnet:bibit000129:sonnet_0054,remove_exact_matched_span_in_checkpoint_7b,7B
review:ilc_ota:record:ota_0304:rime-0304:bibit:sonnet:bibit000129:sonnet_0056,ilc_ota:record:ota_0304:rime-0304,bibit:sonnet:bibit000129:sonnet_0056,sonnet_segment_quarantine,left=0.005575;right=0.923810;matching_shingles=97;preferred=bibit:sonnet:bibit000129:sonnet_0056,remove_exact_matched_span_in_checkpoint_7b,7B
review:ilc_ota:record:ota_0304:rime-0304:bibit:sonnet:bibit000129:sonnet_0057,ilc_ota:record:ota_0304:rime-0304,bibit:sonnet:bibit000129:sonnet_0057,sonnet_segment_quarantine,left=0.004828;right=0.840000;matching_shingles=84;preferred=bibit:sonnet:bibit000129:sonnet_0057,remove_exact_matched_span_in_checkpoint_7b,7B
review:ilc_ota:record:ota_0304:rime-0304:bibit:sonnet:bibit000129:sonnet_0058,ilc_ota:record:ota_0304:rime-0304,bibit:sonnet:bibit000129:sonnet_0058,sonnet_segment_quarantine,left=0.005805;right=0.926606;matching_shingles=101;preferred=bibit:sonnet:bibit000129:sonnet_0058,remove_exact_matched_span_in_checkpoint_7b,7B
review:ilc_ota:record:ota_0304:rime-0304:bibit:sonnet:bibit000129:sonnet_0059,ilc_ota:record:ota_0304:rime-0304,bibit:sonnet:bibit000129:sonnet_0059,sonnet_segment_quarantine,left=0.005805;right=0.943925;matching_shingles=101;preferred=bibit:sonnet:bibit000129:sonnet_0059,remove_exact_matched_span_in_checkpoint_7b,7B
review:ilc_ota:record:ota_0304:rime-0304:bibit:sonnet:bibit000129:sonnet_0060,ilc_ota:record:ota_0304:rime-0304,bibit:sonnet:bibit000129:sonnet_0060,sonnet_segment_quarantine,left=0.005288;right=0.920000;matching_shingles=92;preferred=bibit:sonnet:bibit000129:sonnet_0060,remove_exact_matched_span_in_checkpoint_7b,7B
review:ilc_ota:record:ota_0304:rime-0304:bibit:sonnet:bibit000129:sonnet_0061,ilc_ota:record:ota_0304:rime-0304,bibit:sonnet:bibit000129:sonnet_0061,sonnet_segment_quarantine,left=0.005920;right=1.000000;matching_shingles=103;preferred=bibit:sonnet:bibit000129:sonnet_0061,remove_exact_matched_span_in_checkpoint_7b,7B
review:ilc_ota:record:ota_0304:rime-0304:bibit:sonnet:bibit000129:sonnet_0062,ilc_ota:record:ota_0304:rime-0304,bibit:sonnet:bibit000129:sonnet_0062,sonnet_segment_quarantine,left=0.005345;right=1.000000;matching_shingles=93;preferred=bibit:sonnet:bibit000129:sonnet_0062,remove_exact_matched_span_in_checkpoint_7b,7B
review:ilc_ota:record:ota_0304:rime-0304:bibit:sonnet:bibit000129:sonnet_0063,ilc_ota:record:ota_0304:rime-0304,bibit:sonnet:bibit000129:sonnet_0063,sonnet_segment_quarantine,left=0.005690;right=0.961165;matching_shingles=99;preferred=bibit:sonnet:bibit000129:sonnet_0063,remove_exact_matched_span_in_checkpoint_7b,7B
review:ilc_ota:record:ota_0304:rime-0304:bibit:sonnet:bibit000129:sonnet_0064,ilc_ota:record:ota_0304:rime-0304,bibit:sonnet:bibit000129:sonnet_0064,sonnet_segment_quarantine,left=0.005805;right=0.926606;matching_shingles=101;preferred=bibit:sonnet:bibit000129:sonnet_0064,remove_exact_matched_span_in_checkpoint_7b,7B
review:ilc_ota:record:ota_0304:rime-0304:bibit:sonnet:bibit000129:sonnet_0065,ilc_ota:record:ota_0304:rime-0304,bibit:sonnet:bibit000129:sonnet_0065,sonnet_segment_quarantine,left=0.005403;right=0.854545;matching_shingles=94;preferred=bibit:sonnet:bibit000129:sonnet_0065,remove_exact_matched_span_in_checkpoint_7b,7B
review:ilc_ota:record:ota_0304:rime-0304:bibit:sonnet:bibit000129:sonnet_0066,ilc_ota:record:ota_0304:rime-0304,bibit:sonnet:bibit000129:sonnet_0066,sonnet_segment_quarantine,left=0.005805;right=1.000000;matching_shingles=101;preferred=bibit:sonnet:bibit000129:sonnet_0066,remove_exact_matched_span_in_checkpoint_7b,7B
review:ilc_ota:record:ota_0304:rime-0304:bibit:sonnet:bibit000129:sonnet_0067,ilc_ota:record:ota_0304:rime-0304,bibit:sonnet:bibit000129:sonnet_0067,sonnet_segment_quarantine,left=0.005805;right=0.926606;matching_shingles=101;preferred=bibit:sonnet:bibit000129:sonnet_0067,remove_exact_matched_span_in_checkpoint_7b,7B
review:ilc_ota:record:ota_0304:rime-0304:bibit:sonnet:bibit000129:sonnet_0068,ilc_ota:record:ota_0304:rime-0304,bibit:sonnet:bibit000129:sonnet_0068,sonnet_segment_quarantine,left=0.005403;right=1.000000;matching_shingles=94;preferred=bibit:sonnet:bibit000129:sonnet_0068,remove_exact_matched_span_in_checkpoint_7b,7B
review:ilc_ota:record:ota_0304:rime-0304:bibit:sonnet:bibit000129:sonnet_0069,ilc_ota:record:ota_0304:rime-0304,bibit:sonnet:bibit000129:sonnet_0069,sonnet_segment_quarantine,left=0.005288;right=0.920000;matching_shingles=92;preferred=bibit:sonnet:bibit000129:sonnet_0069,remove_exact_matched_span_in_checkpoint_7b,7B
review:ilc_ota:record:ota_0304:rime-0304:bibit:sonnet:bibit000129:sonnet_0071,ilc_ota:record:ota_0304:rime-0304,bibit:sonnet:bibit000129:sonnet_0071,sonnet_segment_quarantine,left=0.005977;right=1.000000;matching_shingles=104;preferred=bibit:sonnet:bibit000129:sonnet_0071,remove_exact_matched_span_in_checkpoint_7b,7B
review:ilc_ota:record:ota_0304:rime-0304:bibit:sonnet:bibit000129:sonnet_0072,ilc_ota:record:ota_0304:rime-0304,bibit:sonnet:bibit000129:sonnet_0072,sonnet_segment_quarantine,left=0.004885;right=0.867347;matching_shingles=85;preferred=bibit:sonnet:bibit000129:sonnet_0072,remove_exact_matched_span_in_checkpoint_7b,7B
review:ilc_ota:record:ota_0304:rime-0304:bibit:sonnet:bibit000129:sonnet_0073,ilc_ota:record:ota_0304:rime-0304,bibit:sonnet:bibit000129:sonnet_0073,sonnet_segment_quarantine,left=0.006092;right=1.000000;matching_shingles=106;preferred=bibit:sonnet:bibit000129:sonnet_0073,remove_exact_matched_span_in_checkpoint_7b,7B
review:ilc_ota:record:ota_0304:rime-0304:bibit:sonnet:bibit000129:sonnet_0074,ilc_ota:record:ota_0304:rime-0304,bibit:sonnet:bibit000129:sonnet_0074,sonnet_segment_quarantine,left=0.005575;right=1.000000;matching_shingles=97;preferred=bibit:sonnet:bibit000129:sonnet_0074,remove_exact_matched_span_in_checkpoint_7b,7B
review:ilc_ota:record:ota_0304:rime-0304:bibit:sonnet:bibit000129:sonnet_0075,ilc_ota:record:ota_0304:rime-0304,bibit:sonnet:bibit000129:sonnet_0075,sonnet_segment_quarantine,left=0.004828;right=0.840000;matching_shingles=84;preferred=bibit:sonnet:bibit000129:sonnet_0075,remove_exact_matched_span_in_checkpoint_7b,7B
review:ilc_ota:record:ota_0304:rime-0304:bibit:sonnet:bibit000129:sonnet_0076,ilc_ota:record:ota_0304:rime-0304,bibit:sonnet:bibit000129:sonnet_0076,sonnet_segment_quarantine,left=0.005690;right=1.000000;matching_shingles=99;preferred=bibit:sonnet:bibit000129:sonnet_0076,remove_exact_matched_span_in_checkpoint_7b,7B
review:ilc_ota:record:ota_0304:rime-0304:bibit:sonnet:bibit000129:sonnet_0077,ilc_ota:record:ota_0304:rime-0304,bibit:sonnet:bibit000129:sonnet_0077,sonnet_segment_quarantine,left=0.005690;right=0.925234;matching_shingles=99;preferred=bibit:sonnet:bibit000129:sonnet_0077,remove_exact_matched_span_in_checkpoint_7b,7B
review:ilc_ota:record:ota_0304:rime-0304:bibit:sonnet:bibit000129:sonnet_0078,ilc_ota:record:ota_0304:rime-0304,bibit:sonnet:bibit000129:sonnet_0078,sonnet_segment_quarantine,left=0.005115;right=0.917526;matching_shingles=89;preferred=bibit:sonnet:bibit000129:sonnet_0078,remove_exact_matched_span_in_checkpoint_7b,7B
review:ilc_ota:record:ota_0304:rime-0304:bibit:sonnet:bibit000129:sonnet_0080,ilc_ota:record:ota_0304:rime-0304,bibit:sonnet:bibit000129:sonnet_0080,sonnet_segment_quarantine,left=0.004770;right=0.838384;matching_shingles=83;preferred=bibit:sonnet:bibit000129:sonnet_0080,remove_exact_matched_span_in_checkpoint_7b,7B
review:ilc_ota:record:ota_0304:rime-0304:bibit:sonnet:bibit000129:sonnet_0081,ilc_ota:record:ota_0304:rime-0304,bibit:sonnet:bibit000129:sonnet_0081,sonnet_segment_quarantine,left=0.006092;right=1.000000;matching_shingles=106;preferred=bibit:sonnet:bibit000129:sonnet_0081,remove_exact_matched_span_in_checkpoint_7b,7B
review:ilc_ota:record:ota_0304:rime-0304:bibit:sonnet:bibit000129:structural_0003,ilc_ota:record:ota_0304:rime-0304,bibit:sonnet:bibit000129:structural_0003,sonnet_segment_quarantine,left=0.005518;right=1.000000;matching_shingles=96;preferred=bibit:sonnet:bibit000129:structural_0003,remove_exact_matched_span_in_checkpoint_7b,7B
review:ilc_ota:record:ota_0304:rime-0304:bibit:sonnet:bibit000129:structural_0004,ilc_ota:record:ota_0304:rime-0304,bibit:sonnet:bibit000129:structural_0004,sonnet_segment_quarantine,left=0.005115;right=1.000000;matching_shingles=89;preferred=bibit:sonnet:bibit000129:structural_0004,remove_exact_matched_span_in_checkpoint_7b,7B
review:ilc_ota:record:ota_0304:rime-0304:bibit:sonnet:bibit000129:structural_0006,ilc_ota:record:ota_0304:rime-0304,bibit:sonnet:bibit000129:structural_0006,sonnet_segment_quarantine,left=0.003851;right=0.893333;matching_shingles=67;preferred=bibit:sonnet:bibit000129:structural_0006,remove_exact_matched_span_in_checkpoint_7b,7B
review:ilc_ota:record:ota_0304:rime-0304:bibit:sonnet:bibit000129:structural_0007,ilc_ota:record:ota_0304:rime-0304,bibit:sonnet:bibit000129:structural_0007,sonnet_segment_quarantine,left=0.005460;right=1.000000;matching_shingles=95;preferred=bibit:sonnet:bibit000129:structural_0007,remove_exact_matched_span_in_checkpoint_7b,7B
review:ilc_ota:record:ota_0304:rime-0304:bibit:sonnet:bibit000129:structural_0010,ilc_ota:record:ota_0304:rime-0304,bibit:sonnet:bibit000129:structural_0010,sonnet_segment_quarantine,left=0.004885;right=1.000000;matching_shingles=85;preferred=bibit:sonnet:bibit000129:structural_0010,remove_exact_matched_span_in_checkpoint_7b,7B
review:ilc_ota:record:ota_0304:rime-0304:bibit:sonnet:bibit000129:structural_0011,ilc_ota:record:ota_0304:rime-0304,bibit:sonnet:bibit000129:structural_0011,sonnet_segment_quarantine,left=0.005288;right=0.876190;matching_shingles=92;preferred=bibit:sonnet:bibit000129:structural_0011,remove_exact_matched_span_in_checkpoint_7b,7B
review:ilc_ota:record:ota_1062:amori-1062:bibit:sonnet:bibit000887:structural_0004,ilc_ota:record:ota_1062:amori-1062,bibit:sonnet:bibit000887:structural_0004,sonnet_segment_quarantine,left=0.001511;right=0.875000;matching_shingles=70;preferred=bibit:sonnet:bibit000887:structural_0004,remove_exact_matched_span_in_checkpoint_7b,7B
review:ilc_ota:record:ota_1062:amori-1062:bibit:sonnet:bibit000887:structural_0005,ilc_ota:record:ota_1062:amori-1062,bibit:sonnet:bibit000887:structural_0005,sonnet_segment_quarantine,left=0.001878;right=0.915789;matching_shingles=87;preferred=bibit:sonnet:bibit000887:structural_0005,remove_exact_matched_span_in_checkpoint_7b,7B
review:ilc_ota:record:ota_1062:amori-1062:bibit:sonnet:bibit000887:structural_0006,ilc_ota:record:ota_1062:amori-1062,bibit:sonnet:bibit000887:structural_0006,sonnet_segment_quarantine,left=0.002008;right=0.869159;matching_shingles=93;preferred=bibit:sonnet:bibit000887:structural_0006,remove_exact_matched_span_in_checkpoint_7b,7B
review:ilc_ota:record:ota_1062:amori-1062:bibit:sonnet:bibit000887:structural_0007,ilc_ota:record:ota_1062:amori-1062,bibit:sonnet:bibit000887:structural_0007,sonnet_segment_quarantine,left=0.001792;right=0.830000;matching_shingles=83;preferred=bibit:sonnet:bibit000887:structural_0007,remove_exact_matched_span_in_checkpoint_7b,7B
review:ilc_ota:record:ota_1062:amori-1062:bibit:sonnet:bibit000887:structural_0015,ilc_ota:record:ota_1062:amori-1062,bibit:sonnet:bibit000887:structural_0015,sonnet_segment_quarantine,left=0.001900;right=0.846154;matching_shingles=88;preferred=bibit:sonnet:bibit000887:structural_0015,remove_exact_matched_span_in_checkpoint_7b,7B
review:ilc_ota:record:ota_1062:amori-1062:bibit:sonnet:bibit000887:structural_0021,ilc_ota:record:ota_1062:amori-1062,bibit:sonnet:bibit000887:structural_0021,sonnet_segment_quarantine,left=0.001813;right=0.831683;matching_shingles=84;preferred=bibit:sonnet:bibit000887:structural_0021,remove_exact_matched_span_in_checkpoint_7b,7B
review:ilc_ota:record:ota_1062:amori-1062:bibit:sonnet:bibit000887:structural_0031,ilc_ota:record:ota_1062:amori-1062,bibit:sonnet:bibit000887:structural_0031,sonnet_segment_quarantine,left=0.001684;right=0.906977;matching_shingles=78;preferred=bibit:sonnet:bibit000887:structural_0031,remove_exact_matched_span_in_checkpoint_7b,7B
review:ilc_ota:record:ota_1062:amori-1062:bibit:sonnet:bibit000887:structural_0042,ilc_ota:record:ota_1062:amori-1062,bibit:sonnet:bibit000887:structural_0042,sonnet_segment_quarantine,left=0.001986;right=0.920000;matching_shingles=92;preferred=bibit:sonnet:bibit000887:structural_0042,remove_exact_matched_span_in_checkpoint_7b,7B
review:ilc_ota:record:ota_1062:amori-1062:bibit:sonnet:bibit000887:structural_0043,ilc_ota:record:ota_1062:amori-1062,bibit:sonnet:bibit000887:structural_0043,sonnet_segment_quarantine,left=0.001641;right=0.826087;matching_shingles=76;preferred=bibit:sonnet:bibit000887:structural_0043,remove_exact_matched_span_in_checkpoint_7b,7B
review:ilc_ota:record:ota_1062:amori-1062:bibit:sonnet:bibit000887:structural_0047,ilc_ota:record:ota_1062:amori-1062,bibit:sonnet:bibit000887:structural_0047,sonnet_segment_quarantine,left=0.002094;right=0.923810;matching_shingles=97;preferred=bibit:sonnet:bibit000887:structural_0047,remove_exact_matched_span_in_checkpoint_7b,7B
review:ilc_ota:record:ota_1062:amori-1062:bibit:sonnet:bibit000887:structural_0048,ilc_ota:record:ota_1062:amori-1062,bibit:sonnet:bibit000887:structural_0048,sonnet_segment_quarantine,left=0.001576;right=0.811111;matching_shingles=73;preferred=bibit:sonnet:bibit000887:structural_0048,remove_exact_matched_span_in_checkpoint_7b,7B
review:ilc_ota:record:ota_1062:amori-1062:bibit:sonnet:bibit000887:structural_0049,ilc_ota:record:ota_1062:amori-1062,bibit:sonnet:bibit000887:structural_0049,sonnet_segment_quarantine,left=0.001878;right=0.844660;matching_shingles=87;preferred=bibit:sonnet:bibit000887:structural_0049,remove_exact_matched_span_in_checkpoint_7b,7B
review:ilc_ota:record:ota_1062:amori-1062:bibit:sonnet:bibit000887:structural_0050,ilc_ota:record:ota_1062:amori-1062,bibit:sonnet:bibit000887:structural_0050,sonnet_segment_quarantine,left=0.001986;right=0.920000;matching_shingles=92;preferred=bibit:sonnet:bibit000887:structural_0050,remove_exact_matched_span_in_checkpoint_7b,7B
review:ilc_ota:record:ota_1062:amori-1062:bibit:sonnet:bibit000887:structural_0051,ilc_ota:record:ota_1062:amori-1062,bibit:sonnet:bibit000887:structural_0051,sonnet_segment_quarantine,left=0.001900;right=0.814815;matching_shingles=88;preferred=bibit:sonnet:bibit000887:structural_0051,remove_exact_matched_span_in_checkpoint_7b,7B
review:ilc_ota:record:ota_1062:amori-1062:bibit:sonnet:bibit000887:structural_0056,ilc_ota:record:ota_1062:amori-1062,bibit:sonnet:bibit000887:structural_0056,sonnet_segment_quarantine,left=0.001921;right=0.917526;matching_shingles=89;preferred=bibit:sonnet:bibit000887:structural_0056,remove_exact_matched_span_in_checkpoint_7b,7B
review:ilc_ota:record:ota_1062:amori-1062:bibit:sonnet:bibit000887:structural_0058,ilc_ota:record:ota_1062:amori-1062,bibit:sonnet:bibit000887:structural_0058,sonnet_segment_quarantine,left=0.001792;right=0.855670;matching_shingles=83;preferred=bibit:sonnet:bibit000887:structural_0058,remove_exact_matched_span_in_checkpoint_7b,7B
review:ilc_ota:record:ota_1062:amori-1062:bibit:sonnet:bibit000887:structural_0065,ilc_ota:record:ota_1062:amori-1062,bibit:sonnet:bibit000887:structural_0065,sonnet_segment_quarantine,left=0.001857;right=0.811321;matching_shingles=86;preferred=bibit:sonnet:bibit000887:structural_0065,remove_exact_matched_span_in_checkpoint_7b,7B
review:liber_liber:record:ll:2344155:bibit:sonnet:bibit000002:sonnet_0004,liber_liber:record:ll:2344155,bibit:sonnet:bibit000002:sonnet_0004,sonnet_segment_quarantine,left=0.009455;right=0.835294;matching_shingles=71;preferred=bibit:sonnet:bibit000002:sonnet_0004,remove_exact_matched_span_in_checkpoint_7b,7B
review:liber_liber:record:ll:2344155:bibit:sonnet:bibit000002:sonnet_0007,liber_liber:record:ll:2344155,bibit:sonnet:bibit000002:sonnet_0007,sonnet_segment_quarantine,left=0.010521;right=0.831579;matching_shingles=79;preferred=bibit:sonnet:bibit000002:sonnet_0007,remove_exact_matched_span_in_checkpoint_7b,7B
review:wikisource:record:itws:121070:wikisource:sonnet:itws:879961:sonnet0003,wikisource:record:itws:121070,wikisource:sonnet:itws:879961:sonnet0003,sonnet_segment_quarantine,left=0.047799;right=0.904762;matching_shingles=76;preferred=wikisource:sonnet:itws:879961:sonnet0003,remove_exact_matched_span_in_checkpoint_7b,7B
review:wikisource:record:itws:121070:wikisource:sonnet:itws:879961:sonnet0004,wikisource:record:itws:121070,wikisource:sonnet:itws:879961:sonnet0004,sonnet_segment_quarantine,left=0.049057;right=0.876404;matching_shingles=78;preferred=wikisource:sonnet:itws:879961:sonnet0004,remove_exact_matched_span_in_checkpoint_7b,7B
review:wikisource:record:itws:285691:bibit:sonnet:bibit000266:sonnet_0001,wikisource:record:itws:285691,bibit:sonnet:bibit000266:sonnet_0001,sonnet_segment_quarantine,left=1.000000;right=1.000000;matching_shingles=104;preferred=bibit:sonnet:bibit000266:sonnet_0001,exclude_role_mismatch_from_broader,7B
review:wikisource:record:itws:3107:bibit:sonnet:bibit000266:sonnet_0005,wikisource:record:itws:3107,bibit:sonnet:bibit000266:sonnet_0005,sonnet_segment_quarantine,left=0.907407;right=0.915888;matching_shingles=98;preferred=bibit:sonnet:bibit000266:sonnet_0005,exclude_role_mismatch_from_broader,7B
review:wikisource:record:itws:364875:bibit:sonnet:bibit000242:sonnet_0135,wikisource:record:itws:364875,bibit:sonnet:bibit000242:sonnet_0135,sonnet_segment_quarantine,left=0.797872;right=0.815217;matching_shingles=75;preferred=bibit:sonnet:bibit000242:sonnet_0135,remove_exact_matched_span_in_checkpoint_7b,7B
review:wikisource:record:itws:394391:bibit:sonnet:bibit001555:sonnet_0007,wikisource:record:itws:394391,bibit:sonnet:bibit001555:sonnet_0007,sonnet_segment_quarantine,left=0.936170;right=1.000000;matching_shingles=88;preferred=bibit:sonnet:bibit001555:sonnet_0007,exclude_role_mismatch_from_broader,7B
review:wikisource:record:itws:394394:bibit:sonnet:bibit001555:sonnet_0028,wikisource:record:itws:394394,bibit:sonnet:bibit001555:sonnet_0028,sonnet_segment_quarantine,left=0.796296;right=0.843137;matching_shingles=86;preferred=bibit:sonnet:bibit001555:sonnet_0028,remove_exact_matched_span_in_checkpoint_7b,7B
review:wikisource:record:itws:394398:bibit:sonnet:bibit001555:sonnet_0011,wikisource:record:itws:394398,bibit:sonnet:bibit001555:sonnet_0011,sonnet_segment_quarantine,left=0.851852;right=0.893204;matching_shingles=92;preferred=bibit:sonnet:bibit001555:sonnet_0011,exclude_role_mismatch_from_broader,7B
review:wikisource:record:itws:394399:bibit:sonnet:bibit001555:sonnet_0013,wikisource:record:itws:394399,bibit:sonnet:bibit001555:sonnet_0013,sonnet_segment_quarantine,left=0.968085;right=1.000000;matching_shingles=91;preferred=bibit:sonnet:bibit001555:sonnet_0013,exclude_role_mismatch_from_broader,7B
review:wikisource:record:itws:394401:bibit:sonnet:bibit001555:sonnet_0023,wikisource:record:itws:394401,bibit:sonnet:bibit001555:sonnet_0023,sonnet_segment_quarantine,left=0.871287;right=0.916667;matching_shingles=88;preferred=bibit:sonnet:bibit001555:sonnet_0023,exclude_role_mismatch_from_broader,7B
review:wikisource:record:itws:394403:bibit:sonnet:bibit001555:sonnet_0075,wikisource:record:itws:394403,bibit:sonnet:bibit001555:sonnet_0075,sonnet_segment_quarantine,left=0.776699;right=0.824742;matching_shingles=80;preferred=bibit:sonnet:bibit001555:sonnet_0075,remove_exact_matched_span_in_checkpoint_7b,7B
review:wikisource:record:itws:394405:bibit:sonnet:bibit000396:sonnet_0021,wikisource:record:itws:394405,bibit:sonnet:bibit000396:sonnet_0021,sonnet_segment_quarantine,left=0.786408;right=0.835052;matching_shingles=81;preferred=bibit:sonnet:bibit000396:sonnet_0021,remove_exact_matched_span_in_checkpoint_7b,7B
review:wikisource:record:itws:394406:bibit:sonnet:bibit000396:sonnet_0025,wikisource:record:itws:394406,bibit:sonnet:bibit000396:sonnet_0025,sonnet_segment_quarantine,left=0.824742;right=0.851064;matching_shingles=80;preferred=bibit:sonnet:bibit000396:sonnet_0025,exclude_role_mismatch_from_broader,7B
review:wikisource:record:itws:394407:bibit:sonnet:bibit000396:sonnet_0026,wikisource:record:itws:394407,bibit:sonnet:bibit000396:sonnet_0026,sonnet_segment_quarantine,left=0.869565;right=0.898876;matching_shingles=80;preferred=bibit:sonnet:bibit000396:sonnet_0026,exclude_role_mismatch_from_broader,7B
review:wikisource:record:itws:394412:bibit:sonnet:bibit001555:sonnet_0016,wikisource:record:itws:394412,bibit:sonnet:bibit001555:sonnet_0016,sonnet_segment_quarantine,left=0.774194;right=0.800000;matching_shingles=72;preferred=bibit:sonnet:bibit001555:sonnet_0016,remove_exact_matched_span_in_checkpoint_7b,7B
review:wikisource:record:itws:394413:bibit:sonnet:bibit001555:sonnet_0017,wikisource:record:itws:394413,bibit:sonnet:bibit001555:sonnet_0017,sonnet_segment_quarantine,left=0.830189;right=0.916667;matching_shingles=88;preferred=bibit:sonnet:bibit001555:sonnet_0017,exclude_role_mismatch_from_broader,7B
review:wikisource:record:itws:394414:bibit:sonnet:bibit001555:sonnet_0074,wikisource:record:itws:394414,bibit:sonnet:bibit001555:sonnet_0074,sonnet_segment_quarantine,left=0.784483;right=0.850467;matching_shingles=91;preferred=bibit:sonnet:bibit001555:sonnet_0074,remove_exact_matched_span_in_checkpoint_7b,7B
review:wikisource:record:itws:394419:bibit:sonnet:bibit001555:sonnet_0051,wikisource:record:itws:394419,bibit:sonnet:bibit001555:sonnet_0051,sonnet_segment_quarantine,left=0.807018;right=0.920000;matching_shingles=92;preferred=bibit:sonnet:bibit001555:sonnet_0051,exclude_role_mismatch_from_broader,7B
review:wikisource:record:itws:394420:bibit:sonnet:bibit000396:sonnet_0037,wikisource:record:itws:394420,bibit:sonnet:bibit000396:sonnet_0037,sonnet_segment_quarantine,left=0.805556;right=0.836538;matching_shingles=87;preferred=bibit:sonnet:bibit000396:sonnet_0037,exclude_role_mismatch_from_broader,7B
review:wikisource:record:itws:394422:bibit:sonnet:bibit000396:sonnet_0039,wikisource:record:itws:394422,bibit:sonnet:bibit000396:sonnet_0039,sonnet_segment_quarantine,left=0.834783;right=0.857143;matching_shingles=96;preferred=bibit:sonnet:bibit000396:sonnet_0039,exclude_role_mismatch_from_broader,7B
review:wikisource:record:itws:394428:bibit:sonnet:bibit000396:sonnet_0001,wikisource:record:itws:394428,bibit:sonnet:bibit000396:sonnet_0001,sonnet_segment_quarantine,left=0.842593;right=0.892157;matching_shingles=91;preferred=bibit:sonnet:bibit000396:sonnet_0001,exclude_role_mismatch_from_broader,7B
review:wikisource:record:itws:394431:bibit:sonnet:bibit001632:sonnet_0003,wikisource:record:itws:394431,bibit:sonnet:bibit001632:sonnet_0003,sonnet_segment_quarantine,left=0.867347;right=0.913978;matching_shingles=85;preferred=bibit:sonnet:bibit001632:sonnet_0003,exclude_role_mismatch_from_broader,7B
review:wikisource:record:itws:394434:bibit:sonnet:bibit001632:sonnet_0030,wikisource:record:itws:394434,bibit:sonnet:bibit001632:sonnet_0030,sonnet_segment_quarantine,left=0.811321;right=0.843137;matching_shingles=86;preferred=bibit:sonnet:bibit001632:sonnet_0030,exclude_role_mismatch_from_broader,7B
review:wikisource:record:itws:394438:bibit:sonnet:bibit001632:sonnet_0037,wikisource:record:itws:394438,bibit:sonnet:bibit001632:sonnet_0037,sonnet_segment_quarantine,left=0.793814;right=0.819149;matching_shingles=77;preferred=bibit:sonnet:bibit001632:sonnet_0037,remove_exact_matched_span_in_checkpoint_7b,7B
review:wikisource:record:itws:394439:bibit:sonnet:bibit001632:sonnet_0009,wikisource:record:itws:394439,bibit:sonnet:bibit001632:sonnet_0009,sonnet_segment_quarantine,left=0.805310;right=0.827273;matching_shingles=91;preferred=bibit:sonnet:bibit001632:sonnet_0009,exclude_role_mismatch_from_broader,7B
review:wikisource:record:itws:394440:bibit:sonnet:bibit001632:sonnet_0019,wikisource:record:itws:394440,bibit:sonnet:bibit001632:sonnet_0019,sonnet_segment_quarantine,left=0.787234;right=0.813187;matching_shingles=74;preferred=bibit:sonnet:bibit001632:sonnet_0019,remove_exact_matched_span_in_checkpoint_7b,7B
review:wikisource:record:itws:394441:bibit:sonnet:bibit001632:sonnet_0018,wikisource:record:itws:394441,bibit:sonnet:bibit001632:sonnet_0018,sonnet_segment_quarantine,left=0.772727;right=0.841584;matching_shingles=85;preferred=bibit:sonnet:bibit001632:sonnet_0018,remove_exact_matched_span_in_checkpoint_7b,7B
review:wikisource:record:itws:394443:bibit:sonnet:bibit001632:sonnet_0025,wikisource:record:itws:394443,bibit:sonnet:bibit001632:sonnet_0025,sonnet_segment_quarantine,left=0.877193;right=0.892857;matching_shingles=100;preferred=bibit:sonnet:bibit001632:sonnet_0025,exclude_role_mismatch_from_broader,7B
review:wikisource:record:itws:394444:bibit:sonnet:bibit001632:sonnet_0043,wikisource:record:itws:394444,bibit:sonnet:bibit001632:sonnet_0043,sonnet_segment_quarantine,left=0.970874;right=1.000000;matching_shingles=100;preferred=bibit:sonnet:bibit001632:sonnet_0043,exclude_role_mismatch_from_broader,7B
review:wikisource:record:itws:394445:bibit:sonnet:bibit000396:sonnet_0010,wikisource:record:itws:394445,bibit:sonnet:bibit000396:sonnet_0010,sonnet_segment_quarantine,left=0.822430;right=0.907216;matching_shingles=88;preferred=bibit:sonnet:bibit000396:sonnet_0010,exclude_role_mismatch_from_broader,7B
review:wikisource:record:itws:394446:bibit:sonnet:bibit000396:sonnet_0003,wikisource:record:itws:394446,bibit:sonnet:bibit000396:sonnet_0003,sonnet_segment_quarantine,left=0.787234;right=0.822222;matching_shingles=74;preferred=bibit:sonnet:bibit000396:sonnet_0003,remove_exact_matched_span_in_checkpoint_7b,7B
review:wikisource:record:itws:394448:bibit:sonnet:bibit000396:sonnet_0009,wikisource:record:itws:394448,bibit:sonnet:bibit000396:sonnet_0009,sonnet_segment_quarantine,left=0.808081;right=0.833333;matching_shingles=80;preferred=bibit:sonnet:bibit000396:sonnet_0009,exclude_role_mismatch_from_broader,7B
review:wikisource:record:itws:394481:bibit:sonnet:bibit001555:sonnet_0057,wikisource:record:itws:394481,bibit:sonnet:bibit001555:sonnet_0057,sonnet_segment_quarantine,left=0.960784;right=1.000000;matching_shingles=98;preferred=bibit:sonnet:bibit001555:sonnet_0057,exclude_role_mismatch_from_broader,7B
review:wikisource:record:itws:394482:bibit:sonnet:bibit001555:sonnet_0059,wikisource:record:itws:394482,bibit:sonnet:bibit001555:sonnet_0059,sonnet_segment_quarantine,left=0.876289;right=0.913978;matching_shingles=85;preferred=bibit:sonnet:bibit001555:sonnet_0059,exclude_role_mismatch_from_broader,7B
review:wikisource:record:itws:394485:bibit:sonnet:bibit001555:sonnet_0060,wikisource:record:itws:394485,bibit:sonnet:bibit001555:sonnet_0060,sonnet_segment_quarantine,left=0.432558;right=0.920792;matching_shingles=93;preferred=bibit:sonnet:bibit001555:sonnet_0060,remove_exact_matched_span_in_checkpoint_7b,7B
review:wikisource:record:itws:394486:bibit:sonnet:bibit001555:sonnet_0005,wikisource:record:itws:394486,bibit:sonnet:bibit001555:sonnet_0005,sonnet_segment_quarantine,left=0.790000;right=0.831579;matching_shingles=79;preferred=bibit:sonnet:bibit001555:sonnet_0005,remove_exact_matched_span_in_checkpoint_7b,7B
review:wikisource:record:itws:394489:bibit:sonnet:bibit001555:sonnet_0079,wikisource:record:itws:394489,bibit:sonnet:bibit001555:sonnet_0079,sonnet_segment_quarantine,left=0.980392;right=1.000000;matching_shingles=100;preferred=bibit:sonnet:bibit001555:sonnet_0079,exclude_role_mismatch_from_broader,7B
review:wikisource:record:itws:394491:bibit:sonnet:bibit000776:sonnet_0007,wikisource:record:itws:394491,bibit:sonnet:bibit000776:sonnet_0007,sonnet_segment_quarantine,left=0.846154;right=0.905882;matching_shingles=77;preferred=bibit:sonnet:bibit000776:sonnet_0007,exclude_role_mismatch_from_broader,7B
review:wikisource:record:itws:394600:bibit:sonnet:bibit000396:sonnet_0065,wikisource:record:itws:394600,bibit:sonnet:bibit000396:sonnet_0065,sonnet_segment_quarantine,left=0.035102;right=0.907216;matching_shingles=88;preferred=bibit:sonnet:bibit000396:sonnet_0065,remove_exact_matched_span_in_checkpoint_7b,7B
review:wikisource:record:itws:394600:bibit:sonnet:bibit000396:sonnet_0066,wikisource:record:itws:394600,bibit:sonnet:bibit000396:sonnet_0066,sonnet_segment_quarantine,left=0.029517;right=0.822222;matching_shingles=74;preferred=bibit:sonnet:bibit000396:sonnet_0066,remove_exact_matched_span_in_checkpoint_7b,7B
review:wikisource:record:itws:394600:bibit:sonnet:bibit000396:sonnet_0067,wikisource:record:itws:394600,bibit:sonnet:bibit000396:sonnet_0067,sonnet_segment_quarantine,left=0.031512;right=0.806122;matching_shingles=79;preferred=bibit:sonnet:bibit000396:sonnet_0067,remove_exact_matched_span_in_checkpoint_7b,7B
review:wikisource:record:itws:394600:bibit:sonnet:bibit000396:sonnet_0069,wikisource:record:itws:394600,bibit:sonnet:bibit000396:sonnet_0069,sonnet_segment_quarantine,left=0.041085;right=0.971698;matching_shingles=103;preferred=bibit:sonnet:bibit000396:sonnet_0069,remove_exact_matched_span_in_checkpoint_7b,7B
review:wikisource:record:itws:394600:bibit:sonnet:bibit000396:sonnet_0070,wikisource:record:itws:394600,bibit:sonnet:bibit000396:sonnet_0070,sonnet_segment_quarantine,left=0.038692;right=1.000000;matching_shingles=97;preferred=bibit:sonnet:bibit000396:sonnet_0070,remove_exact_matched_span_in_checkpoint_7b,7B
review:wikisource:record:itws:394600:bibit:sonnet:bibit000396:sonnet_0071,wikisource:record:itws:394600,bibit:sonnet:bibit000396:sonnet_0071,sonnet_segment_quarantine,left=0.034703;right=0.805556;matching_shingles=87;preferred=bibit:sonnet:bibit000396:sonnet_0071,remove_exact_matched_span_in_checkpoint_7b,7B
review:wikisource:record:itws:394600:bibit:sonnet:bibit000396:sonnet_0072,wikisource:record:itws:394600,bibit:sonnet:bibit000396:sonnet_0072,sonnet_segment_quarantine,left=0.037096;right=0.920792;matching_shingles=93;preferred=bibit:sonnet:bibit000396:sonnet_0072,remove_exact_matched_span_in_checkpoint_7b,7B
review:wikisource:record:itws:394600:bibit:sonnet:bibit000396:sonnet_0073,wikisource:record:itws:394600,bibit:sonnet:bibit000396:sonnet_0073,sonnet_segment_quarantine,left=0.040287;right=1.000000;matching_shingles=101;preferred=bibit:sonnet:bibit000396:sonnet_0073,remove_exact_matched_span_in_checkpoint_7b,7B
review:wikisource:record:itws:394600:bibit:sonnet:bibit000396:sonnet_0074,wikisource:record:itws:394600,bibit:sonnet:bibit000396:sonnet_0074,sonnet_segment_quarantine,left=0.040686;right=0.927273;matching_shingles=102;preferred=bibit:sonnet:bibit000396:sonnet_0074,remove_exact_matched_span_in_checkpoint_7b,7B
review:wikisource:record:itws:394600:bibit:sonnet:bibit000396:sonnet_0075,wikisource:record:itws:394600,bibit:sonnet:bibit000396:sonnet_0075,sonnet_segment_quarantine,left=0.030714;right=0.905882;matching_shingles=77;preferred=bibit:sonnet:bibit000396:sonnet_0075,remove_exact_matched_span_in_checkpoint_7b,7B
review:wikisource:record:itws:394600:bibit:sonnet:bibit000396:sonnet_0077,wikisource:record:itws:394600,bibit:sonnet:bibit000396:sonnet_0077,sonnet_segment_quarantine,left=0.034304;right=0.843137;matching_shingles=86;preferred=bibit:sonnet:bibit000396:sonnet_0077,remove_exact_matched_span_in_checkpoint_7b,7B
review:wikisource:record:itws:394600:bibit:sonnet:bibit000396:sonnet_0079,wikisource:record:itws:394600,bibit:sonnet:bibit000396:sonnet_0079,sonnet_segment_quarantine,left=0.034304;right=0.905263;matching_shingles=86;preferred=bibit:sonnet:bibit000396:sonnet_0079,remove_exact_matched_span_in_checkpoint_7b,7B
review:wikisource:record:itws:394600:bibit:sonnet:bibit000396:sonnet_0085,wikisource:record:itws:394600,bibit:sonnet:bibit000396:sonnet_0085,sonnet_segment_quarantine,left=0.035899;right=0.909091;matching_shingles=90;preferred=bibit:sonnet:bibit000396:sonnet_0085,remove_exact_matched_span_in_checkpoint_7b,7B
review:wikisource:record:itws:394600:bibit:sonnet:bibit000396:sonnet_0086,wikisource:record:itws:394600,bibit:sonnet:bibit000396:sonnet_0086,sonnet_segment_quarantine,left=0.029916;right=0.824176;matching_shingles=75;preferred=bibit:sonnet:bibit000396:sonnet_0086,remove_exact_matched_span_in_checkpoint_7b,7B
review:wikisource:record:itws:394600:bibit:sonnet:bibit000396:sonnet_0087,wikisource:record:itws:394600,bibit:sonnet:bibit000396:sonnet_0087,sonnet_segment_quarantine,left=0.030714;right=0.827957;matching_shingles=77;preferred=bibit:sonnet:bibit000396:sonnet_0087,remove_exact_matched_span_in_checkpoint_7b,7B
review:wikisource:record:itws:394600:bibit:sonnet:bibit000396:sonnet_0088,wikisource:record:itws:394600,bibit:sonnet:bibit000396:sonnet_0088,sonnet_segment_quarantine,left=0.035102;right=0.926316;matching_shingles=88;preferred=bibit:sonnet:bibit000396:sonnet_0088,remove_exact_matched_span_in_checkpoint_7b,7B
review:wikisource:record:itws:394601:bibit:sonnet:bibit000396:sonnet_0032,wikisource:record:itws:394601,bibit:sonnet:bibit000396:sonnet_0032,sonnet_segment_quarantine,left=0.867347;right=0.913978;matching_shingles=85;preferred=bibit:sonnet:bibit000396:sonnet_0032,exclude_role_mismatch_from_broader,7B
review:wikisource:record:itws:394821:bibit:sonnet:bibit000657:sonnet_0001,wikisource:record:itws:394821,bibit:sonnet:bibit000657:sonnet_0001,sonnet_segment_quarantine,left=0.814159;right=0.851852;matching_shingles=92;preferred=bibit:sonnet:bibit000657:sonnet_0001,exclude_role_mismatch_from_broader,7B
review:wikisource:record:itws:394823:bibit:sonnet:bibit000657:sonnet_0003,wikisource:record:itws:394823,bibit:sonnet:bibit000657:sonnet_0003,sonnet_segment_quarantine,left=0.742268;right=0.818182;matching_shingles=72;preferred=bibit:sonnet:bibit000657:sonnet_0003,remove_exact_matched_span_in_checkpoint_7b,7B
review:wikisource:record:itws:394825:bibit:sonnet:bibit000657:sonnet_0006,wikisource:record:itws:394825,bibit:sonnet:bibit000657:sonnet_0006,sonnet_segment_quarantine,left=0.855769;right=0.908163;matching_shingles=89;preferred=bibit:sonnet:bibit000657:sonnet_0006,exclude_role_mismatch_from_broader,7B
review:wikisource:record:itws:394827:bibit:sonnet:bibit000657:sonnet_0008,wikisource:record:itws:394827,bibit:sonnet:bibit000657:sonnet_0008,sonnet_segment_quarantine,left=0.804124;right=0.838710;matching_shingles=78;preferred=bibit:sonnet:bibit000657:sonnet_0008,exclude_role_mismatch_from_broader,7B
review:wikisource:record:itws:394828:bibit:sonnet:bibit000657:sonnet_0016,wikisource:record:itws:394828,bibit:sonnet:bibit000657:sonnet_0016,sonnet_segment_quarantine,left=0.740000;right=0.804348;matching_shingles=74;preferred=bibit:sonnet:bibit000657:sonnet_0016,remove_exact_matched_span_in_checkpoint_7b,7B
review:wikisource:record:itws:394831:bibit:sonnet:bibit000657:sonnet_0020,wikisource:record:itws:394831,bibit:sonnet:bibit000657:sonnet_0020,sonnet_segment_quarantine,left=0.866667;right=0.919192;matching_shingles=91;preferred=bibit:sonnet:bibit000657:sonnet_0020,exclude_role_mismatch_from_broader,7B
review:wikisource:record:itws:394834:bibit:sonnet:bibit000657:sonnet_0017,wikisource:record:itws:394834,bibit:sonnet:bibit000657:sonnet_0017,sonnet_segment_quarantine,left=0.873950;right=0.928571;matching_shingles=104;preferred=bibit:sonnet:bibit000657:sonnet_0017,exclude_role_mismatch_from_broader,7B
review:wikisource:record:itws:394861:bibit:sonnet:bibit000657:sonnet_0036,wikisource:record:itws:394861,bibit:sonnet:bibit000657:sonnet_0036,sonnet_segment_quarantine,left=0.851064;right=0.909091;matching_shingles=80;preferred=bibit:sonnet:bibit000657:sonnet_0036,exclude_role_mismatch_from_broader,7B
review:wikisource:record:itws:394870:bibit:sonnet:bibit000657:sonnet_0087,wikisource:record:itws:394870,bibit:sonnet:bibit000657:sonnet_0087,sonnet_segment_quarantine,left=0.844037;right=0.920000;matching_shingles=92;preferred=bibit:sonnet:bibit000657:sonnet_0087,exclude_role_mismatch_from_broader,7B
review:wikisource:record:itws:394881:bibit:sonnet:bibit000657:sonnet_0120,wikisource:record:itws:394881,bibit:sonnet:bibit000657:sonnet_0120,sonnet_segment_quarantine,left=0.735294;right=0.833333;matching_shingles=75;preferred=bibit:sonnet:bibit000657:sonnet_0120,remove_exact_matched_span_in_checkpoint_7b,7B
review:wikisource:record:itws:394883:bibit:sonnet:bibit000657:sonnet_0127,wikisource:record:itws:394883,bibit:sonnet:bibit000657:sonnet_0127,sonnet_segment_quarantine,left=0.913462;right=0.989583;matching_shingles=95;preferred=bibit:sonnet:bibit000657:sonnet_0127,exclude_role_mismatch_from_broader,7B
review:wikisource:record:itws:394897:bibit:sonnet:bibit000776:sonnet_0025,wikisource:record:itws:394897,bibit:sonnet:bibit000776:sonnet_0025,sonnet_segment_quarantine,left=0.786408;right=0.852632;matching_shingles=81;preferred=bibit:sonnet:bibit000776:sonnet_0025,remove_exact_matched_span_in_checkpoint_7b,7B
review:wikisource:record:itws:394898:bibit:sonnet:bibit000776:sonnet_0024,wikisource:record:itws:394898,bibit:sonnet:bibit000776:sonnet_0024,sonnet_segment_quarantine,left=0.864078;right=0.917526;matching_shingles=89;preferred=bibit:sonnet:bibit000776:sonnet_0024,exclude_role_mismatch_from_broader,7B
review:wikisource:record:itws:394901:bibit:sonnet:bibit001632:sonnet_0045,wikisource:record:itws:394901,bibit:sonnet:bibit001632:sonnet_0045,sonnet_segment_quarantine,left=0.809091;right=0.890000;matching_shingles=89;preferred=bibit:sonnet:bibit001632:sonnet_0045,exclude_role_mismatch_from_broader,7B
review:wikisource:record:itws:394906:bibit:sonnet:bibit001555:sonnet_0019,wikisource:record:itws:394906,bibit:sonnet:bibit001555:sonnet_0019,sonnet_segment_quarantine,left=0.786408;right=0.852632;matching_shingles=81;preferred=bibit:sonnet:bibit001555:sonnet_0019,remove_exact_matched_span_in_checkpoint_7b,7B
review:wikisource:record:itws:394908:bibit:sonnet:bibit001555:sonnet_0040,wikisource:record:itws:394908,bibit:sonnet:bibit001555:sonnet_0040,sonnet_segment_quarantine,left=0.752212;right=0.867347;matching_shingles=85;preferred=bibit:sonnet:bibit001555:sonnet_0040,remove_exact_matched_span_in_checkpoint_7b,7B
review:wikisource:record:itws:394909:bibit:sonnet:bibit001555:sonnet_0048,wikisource:record:itws:394909,bibit:sonnet:bibit001555:sonnet_0048,sonnet_segment_quarantine,left=0.901786;right=1.000000;matching_shingles=101;preferred=bibit:sonnet:bibit001555:sonnet_0048,exclude_role_mismatch_from_broader,7B
review:wikisource:record:itws:394913:bibit:sonnet:bibit001632:sonnet_0004,wikisource:record:itws:394913,bibit:sonnet:bibit001632:sonnet_0004,sonnet_segment_quarantine,left=0.723810;right=0.826087;matching_shingles=76;preferred=bibit:sonnet:bibit001632:sonnet_0004,remove_exact_matched_span_in_checkpoint_7b,7B
review:wikisource:record:itws:394915:bibit:sonnet:bibit001632:sonnet_0008,wikisource:record:itws:394915,bibit:sonnet:bibit001632:sonnet_0008,sonnet_segment_quarantine,left=0.814433;right=0.831579;matching_shingles=79;preferred=bibit:sonnet:bibit001632:sonnet_0008,exclude_role_mismatch_from_broader,7B
review:wikisource:record:itws:394916:bibit:sonnet:bibit001632:sonnet_0049,wikisource:record:itws:394916,bibit:sonnet:bibit001632:sonnet_0049,sonnet_segment_quarantine,left=0.859813;right=0.920000;matching_shingles=92;preferred=bibit:sonnet:bibit001632:sonnet_0049,exclude_role_mismatch_from_broader,7B
review:wikisource:record:itws:394941:bibit:sonnet:bibit000776:sonnet_0043,wikisource:record:itws:394941,bibit:sonnet:bibit000776:sonnet_0043,sonnet_segment_quarantine,left=0.734513;right=0.805825;matching_shingles=83;preferred=bibit:sonnet:bibit000776:sonnet_0043,remove_exact_matched_span_in_checkpoint_7b,7B
review:wikisource:record:itws:394943:bibit:sonnet:bibit000776:sonnet_0039,wikisource:record:itws:394943,bibit:sonnet:bibit000776:sonnet_0039,sonnet_segment_quarantine,left=0.855856;right=1.000000;matching_shingles=95;preferred=bibit:sonnet:bibit000776:sonnet_0039,exclude_role_mismatch_from_broader,7B
review:wikisource:record:itws:43762:bibit:sonnet:bibit001063:sonnet_0036,wikisource:record:itws:43762,bibit:sonnet:bibit001063:sonnet_0036,sonnet_segment_quarantine,left=0.901099;right=0.911111;matching_shingles=82;preferred=bibit:sonnet:bibit001063:sonnet_0036,exclude_role_mismatch_from_broader,7B
review:wikisource:record:itws:43926:bibit:sonnet:bibit001063:sonnet_0048,wikisource:record:itws:43926,bibit:sonnet:bibit001063:sonnet_0048,sonnet_segment_quarantine,left=0.861702;right=0.870968;matching_shingles=81;preferred=bibit:sonnet:bibit001063:sonnet_0048,exclude_role_mismatch_from_broader,7B
review:wikisource:record:itws:473919:wikisource:sonnet:itws:474572:sonnet0001,wikisource:record:itws:473919,wikisource:sonnet:itws:474572:sonnet0001,sonnet_segment_quarantine,left=0.022124;right=1.000000;matching_shingles=90;preferred=wikisource:sonnet:itws:474572:sonnet0001,remove_exact_matched_span_in_checkpoint_7b,7B
review:wikisource:record:itws:473919:wikisource:sonnet:itws:480660:sonnet0001,wikisource:record:itws:473919,wikisource:sonnet:itws:480660:sonnet0001,sonnet_segment_quarantine,left=0.024582;right=1.000000;matching_shingles=100;preferred=wikisource:sonnet:itws:480660:sonnet0001,remove_exact_matched_span_in_checkpoint_7b,7B
review:wikisource:record:itws:473919:wikisource:sonnet:itws:480680:sonnet0001,wikisource:record:itws:473919,wikisource:sonnet:itws:480680:sonnet0001,sonnet_segment_quarantine,left=0.022370;right=1.000000;matching_shingles=91;preferred=wikisource:sonnet:itws:480680:sonnet0001,remove_exact_matched_span_in_checkpoint_7b,7B
review:wikisource:record:itws:473919:wikisource:sonnet:itws:481037:sonnet0001,wikisource:record:itws:473919,wikisource:sonnet:itws:481037:sonnet0001,sonnet_segment_quarantine,left=0.022370;right=1.000000;matching_shingles=91;preferred=wikisource:sonnet:itws:481037:sonnet0001,remove_exact_matched_span_in_checkpoint_7b,7B
review:wikisource:record:itws:483524:bibit:sonnet:bibit001036:sonnet_0001,wikisource:record:itws:483524,bibit:sonnet:bibit001036:sonnet_0001,sonnet_segment_quarantine,left=0.769231;right=0.824742;matching_shingles=80;preferred=bibit:sonnet:bibit001036:sonnet_0001,remove_exact_matched_span_in_checkpoint_7b,7B
review:wikisource:record:itws:483532:bibit:sonnet:bibit001036:sonnet_0005,wikisource:record:itws:483532,bibit:sonnet:bibit001036:sonnet_0005,sonnet_segment_quarantine,left=0.843137;right=0.945055;matching_shingles=86;preferred=bibit:sonnet:bibit001036:sonnet_0005,exclude_role_mismatch_from_broader,7B
review:wikisource:record:itws:483547:bibit:sonnet:bibit001036:sonnet_0009,wikisource:record:itws:483547,bibit:sonnet:bibit001036:sonnet_0009,sonnet_segment_quarantine,left=0.861702;right=0.931034;matching_shingles=81;preferred=bibit:sonnet:bibit001036:sonnet_0009,exclude_role_mismatch_from_broader,7B
review:wikisource:record:itws:483548:bibit:sonnet:bibit001036:sonnet_0010,wikisource:record:itws:483548,bibit:sonnet:bibit001036:sonnet_0010,sonnet_segment_quarantine,left=0.765306;right=0.824176;matching_shingles=75;preferred=bibit:sonnet:bibit001036:sonnet_0010,remove_exact_matched_span_in_checkpoint_7b,7B
review:wikisource:record:itws:483549:bibit:sonnet:bibit001036:sonnet_0011,wikisource:record:itws:483549,bibit:sonnet:bibit001036:sonnet_0011,sonnet_segment_quarantine,left=0.685714;right=0.818182;matching_shingles=72;preferred=bibit:sonnet:bibit001036:sonnet_0011,remove_exact_matched_span_in_checkpoint_7b,7B
review:wikisource:record:itws:483550:bibit:sonnet:bibit001036:sonnet_0012,wikisource:record:itws:483550,bibit:sonnet:bibit001036:sonnet_0012,sonnet_segment_quarantine,left=0.848485;right=0.913043;matching_shingles=84;preferred=bibit:sonnet:bibit001036:sonnet_0012,exclude_role_mismatch_from_broader,7B
review:wikisource:record:itws:483551:bibit:sonnet:bibit001036:sonnet_0013,wikisource:record:itws:483551,bibit:sonnet:bibit001036:sonnet_0013,sonnet_segment_quarantine,left=0.754717;right=0.816327;matching_shingles=80;preferred=bibit:sonnet:bibit001036:sonnet_0013,remove_exact_matched_span_in_checkpoint_7b,7B
review:wikisource:record:itws:483553:bibit:sonnet:bibit001036:sonnet_0016,wikisource:record:itws:483553,bibit:sonnet:bibit001036:sonnet_0016,sonnet_segment_quarantine,left=0.785714;right=0.846154;matching_shingles=88;preferred=bibit:sonnet:bibit001036:sonnet_0016,remove_exact_matched_span_in_checkpoint_7b,7B
review:wikisource:record:itws:483577:bibit:sonnet:bibit001036:sonnet_0019,wikisource:record:itws:483577,bibit:sonnet:bibit001036:sonnet_0019,sonnet_segment_quarantine,left=0.781818;right=0.895833;matching_shingles=86;preferred=bibit:sonnet:bibit001036:sonnet_0019,remove_exact_matched_span_in_checkpoint_7b,7B
review:wikisource:record:itws:483579:bibit:sonnet:bibit001036:sonnet_0021,wikisource:record:itws:483579,bibit:sonnet:bibit001036:sonnet_0021,sonnet_segment_quarantine,left=0.795082;right=0.923810;matching_shingles=97;preferred=bibit:sonnet:bibit001036:sonnet_0021,remove_exact_matched_span_in_checkpoint_7b,7B
review:wikisource:record:itws:483580:bibit:sonnet:bibit001036:sonnet_0022,wikisource:record:itws:483580,bibit:sonnet:bibit001036:sonnet_0022,sonnet_segment_quarantine,left=0.798246;right=0.919192;matching_shingles=91;preferred=bibit:sonnet:bibit001036:sonnet_0022,remove_exact_matched_span_in_checkpoint_7b,7B
review:wikisource:record:itws:483583:bibit:sonnet:bibit001036:sonnet_0025,wikisource:record:itws:483583,bibit:sonnet:bibit001036:sonnet_0025,sonnet_segment_quarantine,left=0.696429;right=0.829787;matching_shingles=78;preferred=bibit:sonnet:bibit001036:sonnet_0025,remove_exact_matched_span_in_checkpoint_7b,7B
review:wikisource:record:itws:483586:bibit:sonnet:bibit001036:sonnet_0028,wikisource:record:itws:483586,bibit:sonnet:bibit001036:sonnet_0028,sonnet_segment_quarantine,left=0.855856;right=0.922330;matching_shingles=95;preferred=bibit:sonnet:bibit001036:sonnet_0028,exclude_role_mismatch_from_broader,7B
review:wikisource:record:itws:483588:bibit:sonnet:bibit001036:sonnet_0033,wikisource:record:itws:483588,bibit:sonnet:bibit001036:sonnet_0033,sonnet_segment_quarantine,left=0.811321;right=0.886598;matching_shingles=86;preferred=bibit:sonnet:bibit001036:sonnet_0033,exclude_role_mismatch_from_broader,7B
review:wikisource:record:itws:483590:bibit:sonnet:bibit001036:sonnet_0034,wikisource:record:itws:483590,bibit:sonnet:bibit001036:sonnet_0034,sonnet_segment_quarantine,left=0.775701;right=0.902174;matching_shingles=83;preferred=bibit:sonnet:bibit001036:sonnet_0034,remove_exact_matched_span_in_checkpoint_7b,7B
review:wikisource:record:itws:483593:bibit:sonnet:bibit001036:sonnet_0038,wikisource:record:itws:483593,bibit:sonnet:bibit001036:sonnet_0038,sonnet_segment_quarantine,left=0.766355;right=0.811881;matching_shingles=82;preferred=bibit:sonnet:bibit001036:sonnet_0038,remove_exact_matched_span_in_checkpoint_7b,7B
review:wikisource:record:itws:483594:bibit:sonnet:bibit001036:sonnet_0039,wikisource:record:itws:483594,bibit:sonnet:bibit001036:sonnet_0039,sonnet_segment_quarantine,left=0.871795;right=1.000000;matching_shingles=102;preferred=bibit:sonnet:bibit001036:sonnet_0039,exclude_role_mismatch_from_broader,7B
review:wikisource:record:itws:483632:bibit:sonnet:bibit001036:sonnet_0043,wikisource:record:itws:483632,bibit:sonnet:bibit001036:sonnet_0043,sonnet_segment_quarantine,left=0.780000;right=0.829787;matching_shingles=78;preferred=bibit:sonnet:bibit001036:sonnet_0043,remove_exact_matched_span_in_checkpoint_7b,7B
review:wikisource:record:itws:483635:bibit:sonnet:bibit001036:sonnet_0046,wikisource:record:itws:483635,bibit:sonnet:bibit001036:sonnet_0046,sonnet_segment_quarantine,left=0.737374;right=0.820225;matching_shingles=73;preferred=bibit:sonnet:bibit001036:sonnet_0046,remove_exact_matched_span_in_checkpoint_7b,7B
review:wikisource:record:itws:483636:bibit:sonnet:bibit001036:sonnet_0048,wikisource:record:itws:483636,bibit:sonnet:bibit001036:sonnet_0048,sonnet_segment_quarantine,left=0.794643;right=0.839623;matching_shingles=89;preferred=bibit:sonnet:bibit001036:sonnet_0048,remove_exact_matched_span_in_checkpoint_7b,7B
review:wikisource:record:itws:483641:bibit:sonnet:bibit001036:sonnet_0051,wikisource:record:itws:483641,bibit:sonnet:bibit001036:sonnet_0051,sonnet_segment_quarantine,left=0.765306;right=0.842697;matching_shingles=75;preferred=bibit:sonnet:bibit001036:sonnet_0051,remove_exact_matched_span_in_checkpoint_7b,7B
review:wikisource:record:itws:483643:bibit:sonnet:bibit001036:sonnet_0053,wikisource:record:itws:483643,bibit:sonnet:bibit001036:sonnet_0053,sonnet_segment_quarantine,left=0.819048;right=0.886598;matching_shingles=86;preferred=bibit:sonnet:bibit001036:sonnet_0053,exclude_role_mismatch_from_broader,7B
review:wikisource:record:itws:483645:bibit:sonnet:bibit001036:sonnet_0055,wikisource:record:itws:483645,bibit:sonnet:bibit001036:sonnet_0055,sonnet_segment_quarantine,left=0.870690;right=1.000000;matching_shingles=101;preferred=bibit:sonnet:bibit001036:sonnet_0055,exclude_role_mismatch_from_broader,7B
review:wikisource:record:itws:483647:bibit:sonnet:bibit001036:sonnet_0056,wikisource:record:itws:483647,bibit:sonnet:bibit001036:sonnet_0056,sonnet_segment_quarantine,left=0.867925;right=1.000000;matching_shingles=92;preferred=bibit:sonnet:bibit001036:sonnet_0056,exclude_role_mismatch_from_broader,7B
review:wikisource:record:itws:483652:bibit:sonnet:bibit001036:sonnet_0061,wikisource:record:itws:483652,bibit:sonnet:bibit001036:sonnet_0061,sonnet_segment_quarantine,left=0.887755;right=0.915789;matching_shingles=87;preferred=bibit:sonnet:bibit001036:sonnet_0061,exclude_role_mismatch_from_broader,7B
review:wikisource:record:itws:483661:bibit:sonnet:bibit000807:sonnet_0192,wikisource:record:itws:483661,bibit:sonnet:bibit000807:sonnet_0192,sonnet_segment_quarantine,left=0.834951;right=0.843137;matching_shingles=86;preferred=bibit:sonnet:bibit000807:sonnet_0192,exclude_role_mismatch_from_broader,7B
review:wikisource:record:itws:483663:bibit:sonnet:bibit000807:sonnet_0206,wikisource:record:itws:483663,bibit:sonnet:bibit000807:sonnet_0206,sonnet_segment_quarantine,left=0.812500;right=0.821053;matching_shingles=78;preferred=bibit:sonnet:bibit000807:sonnet_0206,exclude_role_mismatch_from_broader,7B
review:wikisource:record:itws:483678:bibit:sonnet:bibit000807:sonnet_0202,wikisource:record:itws:483678,bibit:sonnet:bibit000807:sonnet_0202,sonnet_segment_quarantine,left=0.917431;right=0.925926;matching_shingles=100;preferred=bibit:sonnet:bibit000807:sonnet_0202,exclude_role_mismatch_from_broader,7B
review:wikisource:record:itws:483715:bibit:sonnet:bibit001036:sonnet_0062,wikisource:record:itws:483715,bibit:sonnet:bibit001036:sonnet_0062,sonnet_segment_quarantine,left=0.754386;right=0.819048;matching_shingles=86;preferred=bibit:sonnet:bibit001036:sonnet_0062,remove_exact_matched_span_in_checkpoint_7b,7B
review:wikisource:record:itws:483716:bibit:sonnet:bibit001036:sonnet_0063,wikisource:record:itws:483716,bibit:sonnet:bibit001036:sonnet_0063,sonnet_segment_quarantine,left=0.917526;right=1.000000;matching_shingles=89;preferred=bibit:sonnet:bibit001036:sonnet_0063,exclude_role_mismatch_from_broader,7B
review:wikisource:record:itws:483719:bibit:sonnet:bibit001036:sonnet_0068,wikisource:record:itws:483719,bibit:sonnet:bibit001036:sonnet_0068,sonnet_segment_quarantine,left=0.917526;right=1.000000;matching_shingles=89;preferred=bibit:sonnet:bibit001036:sonnet_0068,exclude_role_mismatch_from_broader,7B
review:wikisource:record:itws:483724:bibit:sonnet:bibit001036:sonnet_0081,wikisource:record:itws:483724,bibit:sonnet:bibit001036:sonnet_0081,sonnet_segment_quarantine,left=0.816327;right=0.898876;matching_shingles=80;preferred=bibit:sonnet:bibit001036:sonnet_0081,exclude_role_mismatch_from_broader,7B
review:wikisource:record:itws:483727:bibit:sonnet:bibit001036:sonnet_0107,wikisource:record:itws:483727,bibit:sonnet:bibit001036:sonnet_0107,sonnet_segment_quarantine,left=0.872549;right=0.917526;matching_shingles=89;preferred=bibit:sonnet:bibit001036:sonnet_0107,exclude_role_mismatch_from_broader,7B
review:wikisource:record:itws:483733:bibit:sonnet:bibit001036:sonnet_0122,wikisource:record:itws:483733,bibit:sonnet:bibit001036:sonnet_0122,sonnet_segment_quarantine,left=0.785714;right=0.827957;matching_shingles=77;preferred=bibit:sonnet:bibit001036:sonnet_0122,remove_exact_matched_span_in_checkpoint_7b,7B
review:wikisource:record:itws:483734:bibit:sonnet:bibit001036:sonnet_0123,wikisource:record:itws:483734,bibit:sonnet:bibit001036:sonnet_0123,sonnet_segment_quarantine,left=0.810000;right=0.843750;matching_shingles=81;preferred=bibit:sonnet:bibit001036:sonnet_0123,exclude_role_mismatch_from_broader,7B
review:wikisource:record:itws:483735:bibit:sonnet:bibit001036:sonnet_0124,wikisource:record:itws:483735,bibit:sonnet:bibit001036:sonnet_0124,sonnet_segment_quarantine,left=0.858696;right=0.908046;matching_shingles=79;preferred=bibit:sonnet:bibit001036:sonnet_0124,exclude_role_mismatch_from_broader,7B
review:wikisource:record:itws:483736:bibit:sonnet:bibit001036:sonnet_0125,wikisource:record:itws:483736,bibit:sonnet:bibit001036:sonnet_0125,sonnet_segment_quarantine,left=0.898876;right=0.952381;matching_shingles=80;preferred=bibit:sonnet:bibit001036:sonnet_0125,exclude_role_mismatch_from_broader,7B
review:wikisource:record:itws:483745:bibit:sonnet:bibit001036:sonnet_0135,wikisource:record:itws:483745,bibit:sonnet:bibit001036:sonnet_0135,sonnet_segment_quarantine,left=0.872549;right=0.917526;matching_shingles=89;preferred=bibit:sonnet:bibit001036:sonnet_0135,exclude_role_mismatch_from_broader,7B
review:wikisource:record:itws:483797:bibit:sonnet:bibit001036:sonnet_0143,wikisource:record:itws:483797,bibit:sonnet:bibit001036:sonnet_0143,sonnet_segment_quarantine,left=0.919192;right=1.000000;matching_shingles=91;preferred=bibit:sonnet:bibit001036:sonnet_0143,exclude_role_mismatch_from_broader,7B
review:wikisource:record:itws:483798:bibit:sonnet:bibit001036:sonnet_0144,wikisource:record:itws:483798,bibit:sonnet:bibit001036:sonnet_0144,sonnet_segment_quarantine,left=0.930693;right=1.000000;matching_shingles=94;preferred=bibit:sonnet:bibit001036:sonnet_0144,exclude_role_mismatch_from_broader,7B
review:wikisource:record:itws:483801:bibit:sonnet:bibit001036:sonnet_0147,wikisource:record:itws:483801,bibit:sonnet:bibit001036:sonnet_0147,sonnet_segment_quarantine,left=0.843137;right=0.868687;matching_shingles=86;preferred=bibit:sonnet:bibit001036:sonnet_0147,exclude_role_mismatch_from_broader,7B
review:wikisource:record:itws:483803:bibit:sonnet:bibit001036:sonnet_0149,wikisource:record:itws:483803,bibit:sonnet:bibit001036:sonnet_0149,sonnet_segment_quarantine,left=0.850000;right=0.913978;matching_shingles=85;preferred=bibit:sonnet:bibit001036:sonnet_0149,exclude_role_mismatch_from_broader,7B
review:wikisource:record:itws:483804:bibit:sonnet:bibit001036:sonnet_0150,wikisource:record:itws:483804,bibit:sonnet:bibit001036:sonnet_0150,sonnet_segment_quarantine,left=0.800000;right=0.847059;matching_shingles=72;preferred=bibit:sonnet:bibit001036:sonnet_0150,exclude_role_mismatch_from_broader,7B
review:wikisource:record:itws:484108:bibit:sonnet:bibit000807:sonnet_0212,wikisource:record:itws:484108,bibit:sonnet:bibit000807:sonnet_0212,sonnet_segment_quarantine,left=0.870000;right=0.878788;matching_shingles=87;preferred=bibit:sonnet:bibit000807:sonnet_0212,exclude_role_mismatch_from_broader,7B
review:wikisource:record:itws:484115:bibit:sonnet:bibit000532:sonnet_0526,wikisource:record:itws:484115,bibit:sonnet:bibit000532:sonnet_0526,sonnet_segment_quarantine,left=0.736364;right=0.835052;matching_shingles=81;preferred=bibit:sonnet:bibit000532:sonnet_0526,remove_exact_matched_span_in_checkpoint_7b,7B
review:wikisource:record:itws:518160:bibit:sonnet:bibit000524:sonnet_0227,wikisource:record:itws:518160,bibit:sonnet:bibit000524:sonnet_0227,sonnet_segment_quarantine,left=0.905660;right=0.923077;matching_shingles=96;preferred=bibit:sonnet:bibit000524:sonnet_0227,exclude_role_mismatch_from_broader,7B
review:wikisource:record:itws:742777:bibit:sonnet:bibit000831:sonnet_0108,wikisource:record:itws:742777,bibit:sonnet:bibit000831:sonnet_0108,sonnet_segment_quarantine,left=0.957895;right=1.000000;matching_shingles=91;preferred=bibit:sonnet:bibit000831:sonnet_0108,exclude_role_mismatch_from_broader,7B
review:wikisource:record:itws:746025:v6:sonnet:cecco_lx_io_combattei_con_amor_ed_hol_morto,wikisource:record:itws:746025,v6:sonnet:cecco_lx_io_combattei_con_amor_ed_hol_morto,sonnet_segment_quarantine,left=0.808696;right=0.920792;matching_shingles=93;preferred=v6:sonnet:cecco_lx_io_combattei_con_amor_ed_hol_morto,exclude_role_mismatch_from_broader,7B
review:wikisource:record:itws:746043:v6:sonnet:cecco_lxxv_in_una_ch_e_danar_mi_danno_meno,wikisource:record:itws:746043,v6:sonnet:cecco_lxxv_in_una_ch_e_danar_mi_danno_meno,sonnet_segment_quarantine,left=0.680000;right=0.858586;matching_shingles=85;preferred=v6:sonnet:cecco_lxxv_in_una_ch_e_danar_mi_danno_meno,remove_exact_matched_span_in_checkpoint_7b,7B
review:wikisource:record:itws:746049:v6:sonnet:cecco_cxv_con_gran_malinconia_sempre_istò,wikisource:record:itws:746049,v6:sonnet:cecco_cxv_con_gran_malinconia_sempre_istò,sonnet_segment_quarantine,left=0.688073;right=0.824176;matching_shingles=75;preferred=v6:sonnet:cecco_cxv_con_gran_malinconia_sempre_istò,remove_exact_matched_span_in_checkpoint_7b,7B
review:wikisource:record:itws:746051:v6:sonnet:cecco_lxxxi_per_sì_gran_somma_ho_mpegnate_le_risa,wikisource:record:itws:746051,v6:sonnet:cecco_lxxxi_per_sì_gran_somma_ho_mpegnate_le_risa,sonnet_segment_quarantine,left=0.730435;right=0.884211;matching_shingles=84;preferred=v6:sonnet:cecco_lxxxi_per_sì_gran_somma_ho_mpegnate_le_risa,remove_exact_matched_span_in_checkpoint_7b,7B
review:wikisource:record:itws:754073:wikisource:sonnet:itws:847571:sonnet0001,wikisource:record:itws:754073,wikisource:sonnet:itws:847571:sonnet0001,sonnet_segment_quarantine,left=0.021049;right=0.890625;matching_shingles=114;preferred=wikisource:sonnet:itws:847571:sonnet0001,remove_exact_matched_span_in_checkpoint_7b,7B
review:wikisource:record:itws:754073:wikisource:sonnet:itws:847571:sonnet0002,wikisource:record:itws:754073,wikisource:sonnet:itws:847571:sonnet0002,sonnet_segment_quarantine,left=0.021233;right=0.942623;matching_shingles=115;preferred=wikisource:sonnet:itws:847571:sonnet0002,remove_exact_matched_span_in_checkpoint_7b,7B
review:wikisource:record:itws:826718:bibit:sonnet:bibit001172:structural_0320,wikisource:record:itws:826718,bibit:sonnet:bibit001172:structural_0320,sonnet_segment_quarantine,left=0.105121;right=0.821053;matching_shingles=78;preferred=bibit:sonnet:bibit001172:structural_0320,remove_exact_matched_span_in_checkpoint_7b,7B
review:wikisource:record:itws:826718:bibit:sonnet:bibit001172:structural_0324,wikisource:record:itws:826718,bibit:sonnet:bibit001172:structural_0324,sonnet_segment_quarantine,left=0.114555;right=0.913978;matching_shingles=85;preferred=bibit:sonnet:bibit001172:structural_0324,remove_exact_matched_span_in_checkpoint_7b,7B
review:wikisource:record:itws:826718:bibit:sonnet:bibit001172:structural_0325,wikisource:record:itws:826718,bibit:sonnet:bibit001172:structural_0325,sonnet_segment_quarantine,left=0.106469;right=0.908046;matching_shingles=79;preferred=bibit:sonnet:bibit001172:structural_0325,remove_exact_matched_span_in_checkpoint_7b,7B
review:wikisource:record:itws:826728:bibit:sonnet:bibit000949:sonnet_0007,wikisource:record:itws:826728,bibit:sonnet:bibit000949:sonnet_0007,sonnet_segment_quarantine,left=0.831461;right=0.860465;matching_shingles=74;preferred=bibit:sonnet:bibit000949:sonnet_0007,exclude_role_mismatch_from_broader,7B
review:wikisource:record:itws:826919:bibit:sonnet:bibit000099:sonnet_0393,wikisource:record:itws:826919,bibit:sonnet:bibit000099:sonnet_0393,sonnet_segment_quarantine,left=1.000000;right=1.000000;matching_shingles=100;preferred=bibit:sonnet:bibit000099:sonnet_0393,exclude_role_mismatch_from_broader,7B
review:wikisource:record:itws:826944:wikisource:sonnet:itws:976431:sonnet0001,wikisource:record:itws:826944,wikisource:sonnet:itws:976431:sonnet0001,sonnet_segment_quarantine,left=0.082860;right=0.901235;matching_shingles=73;preferred=wikisource:sonnet:itws:976431:sonnet0001,remove_exact_matched_span_in_checkpoint_7b,7B
review:wikisource:record:itws:826952:wikisource:sonnet:itws:987480:sonnet0001,wikisource:record:itws:826952,wikisource:sonnet:itws:987480:sonnet0001,sonnet_segment_quarantine,left=0.120846;right=1.000000;matching_shingles=80;preferred=wikisource:sonnet:itws:987480:sonnet0001,remove_exact_matched_span_in_checkpoint_7b,7B
review:wikisource:record:itws:827086:bibit:sonnet:bibit001111:sonnet_0010,wikisource:record:itws:827086,bibit:sonnet:bibit001111:sonnet_0010,sonnet_segment_quarantine,left=0.773913;right=0.839623;matching_shingles=89;preferred=bibit:sonnet:bibit001111:sonnet_0010,remove_exact_matched_span_in_checkpoint_7b,7B
review:wikisource:record:itws:82994:v6:sonnet:cecco_xi_e_m_è_sì_malamente_rincresciuto,wikisource:record:itws:82994,v6:sonnet:cecco_xi_e_m_è_sì_malamente_rincresciuto,sonnet_segment_quarantine,left=0.680328;right=0.838384;matching_shingles=83;preferred=v6:sonnet:cecco_xi_e_m_è_sì_malamente_rincresciuto,remove_exact_matched_span_in_checkpoint_7b,7B
review:wikisource:record:itws:838040:wikisource:sonnet:itws:827018:sonnet0001,wikisource:record:itws:838040,wikisource:sonnet:itws:827018:sonnet0001,sonnet_segment_quarantine,left=0.049299;right=0.969388;matching_shingles=95;preferred=wikisource:sonnet:itws:827018:sonnet0001,remove_exact_matched_span_in_checkpoint_7b,7B
review:wikisource:record:itws:882555:bibit:sonnet:bibit000364:sonnet_0075,wikisource:record:itws:882555,bibit:sonnet:bibit000364:sonnet_0075,sonnet_segment_quarantine,left=0.888889;right=0.916667;matching_shingles=88;preferred=bibit:sonnet:bibit000364:sonnet_0075,exclude_role_mismatch_from_broader,7B
review:wikisource:record:itws:970093:bibit:sonnet:bibit000807:structural_0085,wikisource:record:itws:970093,bibit:sonnet:bibit000807:structural_0085,sonnet_segment_quarantine,left=0.061958;right=0.877193;matching_shingles=50;preferred=bibit:sonnet:bibit000807:structural_0085,remove_exact_matched_span_in_checkpoint_7b,7B
review:wikisource:record:itws:975995:bibit:sonnet:bibit001002:sonnet_0014,wikisource:record:itws:975995,bibit:sonnet:bibit001002:sonnet_0014,sonnet_segment_quarantine,left=0.826087;right=0.826087;matching_shingles=76;preferred=bibit:sonnet:bibit001002:sonnet_0014,exclude_role_mismatch_from_broader,7B
review:wikisource:record:itws:975995:bibit:sonnet:bibit001036:sonnet_0086,wikisource:record:itws:975995,bibit:sonnet:bibit001036:sonnet_0086,sonnet_segment_quarantine,left=0.913043;right=0.913043;matching_shingles=84;preferred=bibit:sonnet:bibit001036:sonnet_0086,exclude_role_mismatch_from_broader,7B
review:wikisource:record:itws:989206:bibit:sonnet:bibit000807:structural_0061,wikisource:record:itws:989206,bibit:sonnet:bibit000807:structural_0061,sonnet_segment_quarantine,left=0.056851;right=0.896552;matching_shingles=78;preferred=bibit:sonnet:bibit000807:structural_0061,remove_exact_matched_span_in_checkpoint_7b,7B
review:wikisource:record:itws:989206:bibit:sonnet:bibit000807:structural_0062,wikisource:record:itws:989206,bibit:sonnet:bibit000807:structural_0062,sonnet_segment_quarantine,left=0.051020;right=0.897436;matching_shingles=70;preferred=bibit:sonnet:bibit000807:structural_0062,remove_exact_matched_span_in_checkpoint_7b,7B
review:wikisource:record:itws:989206:bibit:sonnet:bibit000807:structural_0064,wikisource:record:itws:989206,bibit:sonnet:bibit000807:structural_0064,sonnet_segment_quarantine,left=0.046647;right=0.888889;matching_shingles=64;preferred=bibit:sonnet:bibit000807:structural_0064,remove_exact_matched_span_in_checkpoint_7b,7B
review:wikisource:record:itws:989206:bibit:sonnet:bibit000807:structural_0066,wikisource:record:itws:989206,bibit:sonnet:bibit000807:structural_0066,sonnet_segment_quarantine,left=0.053207;right=0.890244;matching_shingles=73;preferred=bibit:sonnet:bibit000807:structural_0066,remove_exact_matched_span_in_checkpoint_7b,7B
review:wikisource:record:itws:989206:bibit:sonnet:bibit000807:structural_0068,wikisource:record:itws:989206,bibit:sonnet:bibit000807:structural_0068,sonnet_segment_quarantine,left=0.051020;right=0.886076;matching_shingles=70;preferred=bibit:sonnet:bibit000807:structural_0068,remove_exact_matched_span_in_checkpoint_7b,7B
review:wikisource:record:itws:989206:bibit:sonnet:bibit000807:structural_0069,wikisource:record:itws:989206,bibit:sonnet:bibit000807:structural_0069,sonnet_segment_quarantine,left=0.054665;right=0.903614;matching_shingles=75;preferred=bibit:sonnet:bibit000807:structural_0069,remove_exact_matched_span_in_checkpoint_7b,7B
review:wikisource:record:itws:989206:bibit:sonnet:bibit000807:structural_0070,wikisource:record:itws:989206,bibit:sonnet:bibit000807:structural_0070,sonnet_segment_quarantine,left=0.051749;right=0.898734;matching_shingles=71;preferred=bibit:sonnet:bibit000807:structural_0070,remove_exact_matched_span_in_checkpoint_7b,7B
review:wikisource:record:itws:989206:bibit:sonnet:bibit000807:structural_0071,wikisource:record:itws:989206,bibit:sonnet:bibit000807:structural_0071,sonnet_segment_quarantine,left=0.051749;right=0.898734;matching_shingles=71;preferred=bibit:sonnet:bibit000807:structural_0071,remove_exact_matched_span_in_checkpoint_7b,7B
review:wikisource:record:itws:989206:bibit:sonnet:bibit000807:structural_0072,wikisource:record:itws:989206,bibit:sonnet:bibit000807:structural_0072,sonnet_segment_quarantine,left=0.055394;right=0.950000;matching_shingles=76;preferred=bibit:sonnet:bibit000807:structural_0072,remove_exact_matched_span_in_checkpoint_7b,7B
review:wikisource:record:itws:989206:bibit:sonnet:bibit000807:structural_0073,wikisource:record:itws:989206,bibit:sonnet:bibit000807:structural_0073,sonnet_segment_quarantine,left=0.050292;right=0.896104;matching_shingles=69;preferred=bibit:sonnet:bibit000807:structural_0073,remove_exact_matched_span_in_checkpoint_7b,7B
review:wikisource:record:itws:989206:bibit:sonnet:bibit000807:structural_0074,wikisource:record:itws:989206,bibit:sonnet:bibit000807:structural_0074,sonnet_segment_quarantine,left=0.052478;right=0.837209;matching_shingles=72;preferred=bibit:sonnet:bibit000807:structural_0074,remove_exact_matched_span_in_checkpoint_7b,7B
review:wikisource:record:itws:991032:wikisource:sonnet:itws:991109:sonnet0001,wikisource:record:itws:991032,wikisource:sonnet:itws:991109:sonnet0001,sonnet_segment_quarantine,left=0.017651;right=1.000000;matching_shingles=90;preferred=wikisource:sonnet:itws:991109:sonnet0001,remove_exact_matched_span_in_checkpoint_7b,7B
