record_id,archive_id,source_item_id,title,creator,created_date,created_year,period_bucket,language,source_type,landing_page_url,rights_text,license_url,format,extent,bitstream_url,metadata_sha256,metadata_cache_path,metadata_decision,metadata_rationale,assigned_role,activation_status
ilc_bellini,ilc_cnr_historical_corpora,2e6fe73a-db5c-48aa-ad0a-dcaecc0baddb,Bellini Digital Correspondence,Vincenzo Bellini,1819-1835,1819,ottocento_bridge,Italian,Text corpus,https://hdl.handle.net/20.500.11752/OPEN-1000,CC BY-NC 4.0,https://creativecommons.org/licenses/by-nc/4.0/,application/zip,407671 bytes,https://dspace-clarin-it.ilc.cnr.it/server/api/core/bitstreams/ca4201ea-d874-4169-983e-9e3e0feeac1c/content,7a91f2d739b7fd87183c157ec7593ac2f3bb1106fd2ab5370c159c58784f6f91,data/local/archive_discovery_v1/evidence/ilc_bellini.bin,eligible_text_probe_inactive,"checkpoint-6C compatible item terms, role, and materiality gate",ottocento_bridge_capped,inactive_metadata_only
ilc_libretti,ilc_cnr_historical_corpora,5c8f43f9-d039-4475-b930-fa13d35b583c,Digital edition of opera libretti,ILC-CNR digital edition,1636-1705,1636,1501_to_1700,Italian,Text corpus,https://hdl.handle.net/20.500.11752/OPEN-979,CC BY 4.0,https://creativecommons.org/licenses/by/4.0/,text/xml,2737739 bytes,https://dspace-clarin-it.ilc.cnr.it/server/api/core/bitstreams/0422a142-25b6-4bf8-af9b-8ad17f18b31f/content,c65c1516c21f9dcc7b40870dc0c49b8d57ed4de0b1d81f02c20338c6161d5fc3,data/local/archive_discovery_v1/evidence/ilc_libretti.bin,eligible_text_probe_inactive,"checkpoint-6C compatible item terms, role, and materiality gate",historical_non_sonnet_poetry,inactive_metadata_only
ilc_rosmini,ilc_cnr_historical_corpora,30dcd581-aa78-4470-9fc9-9f6bd385b97f,Corpus Antonio Rosmini - Serbati,Antonio Rosmini-Serbati,nineteenth century,1850,ottocento_bridge,Italian,Text corpus,https://hdl.handle.net/20.500.11752/ILC-57,CC BY-NC-SA 4.0,https://creativecommons.org/licenses/by-nc-sa/4.0/,application/zip,10302816 bytes,https://dspace-clarin-it.ilc.cnr.it/server/api/core/bitstreams/db6dadd7-0241-4d92-a24f-e5fef782ecb9/content,ee9b8157980bd3b6d36c37885a233c6d624edf62466244945b3f2cf3f1d14075,data/local/archive_discovery_v1/evidence/ilc_rosmini.bin,eligible_text_probe_inactive,"checkpoint-6C compatible item terms, role, and materiality gate",ottocento_bridge_capped,inactive_metadata_only
ota_0302,oxford_text_archive,0302,Il libro del cortegiano  / compiled by J.R. Woodhouse,"Castiglione, Baldassare,  conte,  1478-1529",1528,1528,1501_to_1700,Italian; ita,Text,https://llds.ling-phil.ox.ac.uk/llds/xmlui/handle/20.500.14106/0302,Distributed by the University of Oxford under a Creative Commons Attribution-NonCommercial-ShareAlike 3.0 Unported License. | http://creativecommons.org/licenses/by-nc-sa/3.0/ | PUB,http://creativecommons.org/licenses/by-nc-sa/3.0/,,Text data between 512 KB and 1 MB Contains markup characters,https://llds.ling-phil.ox.ac.uk/llds/xmlui/bitstream/handle/20.500.14106/0302/cortegiano-0302.txt?sequence=4&isAllowed=y,48f487fba313a9d0cb9609bcd02ec50980b5560af269b548966fa7364e9fa92a,data/local/ilc_ota_source_audit_v1/metadata/ota_0302.bin,eligible_text_probe_inactive,"compatible terms, Italian Text item, pre-1901 work, and direct bitstream",historical_general,inactive_metadata_only
ota_0303,oxford_text_archive,0303,Discorso o Dialogo intorno alla nostra lingua / Nicolò Machiavelli,"Machiavelli, Niccolò, 1469-1527",1524,1524,1501_to_1700,Italian; ita,Text,https://llds.ling-phil.ox.ac.uk/llds/xmlui/handle/20.500.14106/0303,Distributed by the University of Oxford under a Creative Commons Attribution-NonCommercial-ShareAlike 3.0 Unported License. | http://creativecommons.org/licenses/by-nc-sa/3.0/ | PUB,http://creativecommons.org/licenses/by-nc-sa/3.0/,,Text data (1 file : ca. 27 KB),https://llds.ling-phil.ox.ac.uk/llds/xmlui/bitstream/handle/20.500.14106/0303/mach-0303.txt?sequence=4&isAllowed=y,afe1eb0037f9a429852060b58eedcaae3316c8329c3af9e5ff46b0e568bf9a3a,data/local/ilc_ota_source_audit_v1/metadata/ota_0303.bin,eligible_text_probe_inactive,"compatible terms, Italian Text item, pre-1901 work, and direct bitstream",historical_general,inactive_metadata_only
ota_0304,oxford_text_archive,0304,Rime : 1-85 / Michelangelo Buonarroti,"Michelangelo Buonarroti, 1475-1564",1542,1542,1501_to_1700,Italian; ita,Text,https://llds.ling-phil.ox.ac.uk/llds/xmlui/handle/20.500.14106/0304,Distributed by the University of Oxford under a Creative Commons Attribution-NonCommercial-ShareAlike 3.0 Unported License. | http://creativecommons.org/licenses/by-nc-sa/3.0/ | PUB,http://creativecommons.org/licenses/by-nc-sa/3.0/,,Text data (1 file : ca. 89 KB),https://llds.ling-phil.ox.ac.uk/llds/xmlui/bitstream/handle/20.500.14106/0304/rime-0304.txt?sequence=4&isAllowed=y,158d2aa4915686c7ad970d5daab41ba155bdef7f923bacc9431a9687457a1714,data/local/ilc_ota_source_audit_v1/metadata/ota_0304.bin,eligible_text_probe_inactive,"compatible terms, Italian Text item, pre-1901 work, and direct bitstream",historical_non_sonnet_poetry,inactive_metadata_only
ota_0305,oxford_text_archive,0305,Tutte le novelle / Giovanni Verga,"Verga, Giovanni, 1840-1922",1856-1905,1856,ottocento_bridge,Italian; ita,Text,https://llds.ling-phil.ox.ac.uk/llds/xmlui/handle/20.500.14106/0305,Distributed by the University of Oxford under a Creative Commons Attribution-NonCommercial-ShareAlike 3.0 Unported License. | http://creativecommons.org/licenses/by-nc-sa/3.0/ | PUB,http://creativecommons.org/licenses/by-nc-sa/3.0/,,Text data (7 files : total of ca. 80 KB),https://llds.ling-phil.ox.ac.uk/llds/xmlui/bitstream/handle/20.500.14106/0305/vergaamante-0305.txt?sequence=4&isAllowed=y;https://llds.ling-phil.ox.ac.uk/llds/xmlui/bitstream/handle/20.500.14106/0305/vergacavalle-0305.txt?sequence=5&isAllowed=y;https://llds.ling-phil.ox.ac.uk/llds/xmlui/bitstream/handle/20.500.14106/0305/vergaguerra-0305.txt?sequence=6&isAllowed=y;https://llds.ling-phil.ox.ac.uk/llds/xmlui/bitstream/handle/20.500.14106/0305/vergaintro-0305.txt?sequence=7&isAllowed=y;https://llds.ling-phil.ox.ac.uk/llds/xmlui/bitstream/handle/20.500.14106/0305/vergalupa-0305.txt?sequence=8&isAllowed=y;https://llds.ling-phil.ox.ac.uk/llds/xmlui/bitstream/handle/20.500.14106/0305/vergapentola-0305.txt?sequence=9&isAllowed=y;https://llds.ling-phil.ox.ac.uk/llds/xmlui/bitstream/handle/20.500.14106/0305/vergareveren-0305.txt?sequence=10&isAllowed=y,c1e58e885721256ba3dde421277c9cb26a606ca96d45117d015f8515bcef1b21,data/local/ilc_ota_source_audit_v1/metadata/ota_0305.bin,eligible_text_probe_inactive,"compatible terms, Italian Text item, pre-1901 work, and direct bitstream",ottocento_bridge_capped,inactive_metadata_only
ota_0352,oxford_text_archive,0352,Bucolicum carmen / Petrarch,"Petrarca, Francesco, 1304-1374",1357,1357,origins_to_1500,Italian; ita,Text,https://llds.ling-phil.ox.ac.uk/llds/xmlui/handle/20.500.14106/0352,Distributed by the University of Oxford under a Creative Commons Attribution-NonCommercial-ShareAlike 3.0 Unported License. | http://creativecommons.org/licenses/by-nc-sa/3.0/ | PUB,http://creativecommons.org/licenses/by-nc-sa/3.0/,,Text data (1 file : ca. 89 KB),https://llds.ling-phil.ox.ac.uk/llds/xmlui/bitstream/handle/20.500.14106/0352/petrbucolics-0352.txt?sequence=4&isAllowed=y,f772d5d637b20401d6925b5620a7089cbcacfd4567cff35f4f61cd3f1f8cd7f3,data/local/ilc_ota_source_audit_v1/metadata/ota_0352.bin,eligible_text_probe_inactive,"compatible terms, Italian Text item, pre-1901 work, and direct bitstream",historical_general,inactive_metadata_only
ota_0406,oxford_text_archive,0406,Seven dialect tales  / compiled by J.R. Woodhouse,"Calvino, Italo",1956,1956,post_1900,Italian; ita,Text,https://llds.ling-phil.ox.ac.uk/llds/xmlui/handle/20.500.14106/0406,Distributed by the University of Oxford under a Creative Commons Attribution-NonCommercial-ShareAlike 3.0 Unported License. | http://creativecommons.org/licenses/by-nc-sa/3.0/ | PUB,http://creativecommons.org/licenses/by-nc-sa/3.0/,,Text data less than 512 KB Contains markup characters,https://llds.ling-phil.ox.ac.uk/llds/xmlui/bitstream/handle/20.500.14106/0406/ical-0406.txt?sequence=4&isAllowed=y,e137663cd0006bd4b42a072a74f0feffc5cbf9cd93aa39671afd71974c0193e9,data/local/ilc_ota_source_audit_v1/metadata/ota_0406.bin,conditioned_language_excluded_inactive,explicit dialect marker; outside standard queue,conditioned_language,inactive_metadata_only
ota_0407,oxford_text_archive,0407,Galateo  / compiled by J.R. Woodhouse,"Casa, Giovanni della, 1503-1556",1558,1558,1501_to_1700,Italian; ita,Text,https://llds.ling-phil.ox.ac.uk/llds/xmlui/handle/20.500.14106/0407,Distributed by the University of Oxford under a Creative Commons Attribution-NonCommercial-ShareAlike 3.0 Unported License. | http://creativecommons.org/licenses/by-nc-sa/3.0/ | PUB,http://creativecommons.org/licenses/by-nc-sa/3.0/,,Text data less than 512 KB Contains markup characters,https://llds.ling-phil.ox.ac.uk/llds/xmlui/bitstream/handle/20.500.14106/0407/galateo-0407.txt?sequence=4&isAllowed=y,dd315c1c6edb6f7deeddce08aca591a0fa43659a57fed188100f5628acdca7f6,data/local/ilc_ota_source_audit_v1/metadata/ota_0407.bin,eligible_text_probe_inactive,"compatible terms, Italian Text item, pre-1901 work, and direct bitstream",historical_general,inactive_metadata_only
ota_0408,oxford_text_archive,0408,Canti popolari della Grecia moderna / di Marino Vretos,"Vretos, Marinos Papadopoulos, 1828-1891",1970,1970,post_1900,Italian; ita,Text,https://llds.ling-phil.ox.ac.uk/llds/xmlui/handle/20.500.14106/0408,Distributed by the University of Oxford under a Creative Commons Attribution-NonCommercial-ShareAlike 3.0 Unported License. | http://creativecommons.org/licenses/by-nc-sa/3.0/ | PUB,http://creativecommons.org/licenses/by-nc-sa/3.0/,,Text data (1 file : ca. 59 KB),https://llds.ling-phil.ox.ac.uk/llds/xmlui/bitstream/handle/20.500.14106/0408/nievoa-0408.txt?sequence=4&isAllowed=y,ba76b46f985f8db64c43df972d715cfe5b8ae908000064db7dcc79ea65fb8a2a,data/local/ilc_ota_source_audit_v1/metadata/ota_0408.bin,excluded_post_1900,underlying work date 1970 is after 1900,excluded,inactive_metadata_only
ota_0693,oxford_text_archive,0693,"Inferno  / compiled by Antonio Zampolli for the Istituto di linguistica computazionale, Università di Pisa.","Dante Alighieri,  1265-1321",1320,1320,origins_to_1500,Italian; ita,Text,https://llds.ling-phil.ox.ac.uk/llds/xmlui/handle/20.500.14106/0693,Distributed by the University of Oxford under a Creative Commons Attribution-NonCommercial-ShareAlike 3.0 Unported License. | http://creativecommons.org/licenses/by-nc-sa/3.0/ | PUB,http://creativecommons.org/licenses/by-nc-sa/3.0/,,Text data less than 512 KB Contains markup characters,https://llds.ling-phil.ox.ac.uk/llds/xmlui/bitstream/handle/20.500.14106/0693/paradiso-0693.txt?sequence=4&isAllowed=y,81c135b49eaab2341eeb4b3f03d01a559dcd6006e14cbd59d45c9050b94850ce,data/local/ilc_ota_source_audit_v1/metadata/ota_0693.bin,eligible_text_probe_inactive,"compatible terms, Italian Text item, pre-1901 work, and direct bitstream",historical_non_sonnet_poetry,inactive_metadata_only
ota_0694,oxford_text_archive,0694,"Purgatorio  / compiled by Antonio Zampolli for the Istituto di linguistica computazionale, Università di Pisa.","Dante Alighieri,  1265-1321",1320,1320,origins_to_1500,Italian; ita,Text,https://llds.ling-phil.ox.ac.uk/llds/xmlui/handle/20.500.14106/0694,Distributed by the University of Oxford under a Creative Commons Attribution-NonCommercial-ShareAlike 3.0 Unported License. | http://creativecommons.org/licenses/by-nc-sa/3.0/ | PUB,http://creativecommons.org/licenses/by-nc-sa/3.0/,,Text data less than 512 KB Contains markup characters,https://llds.ling-phil.ox.ac.uk/llds/xmlui/bitstream/handle/20.500.14106/0694/purgatorio-0694.txt?sequence=4&isAllowed=y,013bdb8d58eda56dd8bc2178cc097e3d1202a804c0b700d51abac1c6473fe15e,data/local/ilc_ota_source_audit_v1/metadata/ota_0694.bin,eligible_text_probe_inactive,"compatible terms, Italian Text item, pre-1901 work, and direct bitstream",historical_non_sonnet_poetry,inactive_metadata_only
ota_0695,oxford_text_archive,0695,"Paradiso / compiled by Antonio Zampolli for the Istituto di linguistica computazionale, Università di Pisa.","Dante Alighieri,  1265-1321",1320,1320,origins_to_1500,Italian; ita,Text,https://llds.ling-phil.ox.ac.uk/llds/xmlui/handle/20.500.14106/0695,Distributed by the University of Oxford under a Creative Commons Attribution-NonCommercial-ShareAlike 3.0 Unported License. | http://creativecommons.org/licenses/by-nc-sa/3.0/ | PUB,http://creativecommons.org/licenses/by-nc-sa/3.0/,,Text data less than 512 KB Contains markup characters,https://llds.ling-phil.ox.ac.uk/llds/xmlui/bitstream/handle/20.500.14106/0695/inferno-0695.txt?sequence=4&isAllowed=y,5fe4b019f9aac4e21405f1bbff0ce536f5326c14d5beeb83b4fabe5511a8ca31,data/local/ilc_ota_source_audit_v1/metadata/ota_0695.bin,eligible_text_probe_inactive,"compatible terms, Italian Text item, pre-1901 work, and direct bitstream",historical_non_sonnet_poetry,inactive_metadata_only
ota_0702,oxford_text_archive,0702,"Lettere familiari : [lettere a Charles Lyell, 1826-49] / Gabriele Rossetti","Rossetti, Gabriele, 1783-1854",1826-1849,1826,ottocento_bridge,Italian; ita,Text,https://llds.ling-phil.ox.ac.uk/llds/xmlui/handle/20.500.14106/0702,Distributed by the University of Oxford under a Creative Commons Attribution-NonCommercial-ShareAlike 3.0 Unported License. | http://creativecommons.org/licenses/by-nc-sa/3.0/ | PUB,http://creativecommons.org/licenses/by-nc-sa/3.0/,,Text data (11 files : total of ca. 825 KB),https://llds.ling-phil.ox.ac.uk/llds/xmlui/bitstream/handle/20.500.14106/0702/index702.txt?sequence=4&isAllowed=y;https://llds.ling-phil.ox.ac.uk/llds/xmlui/bitstream/handle/20.500.14106/0702/lettsa702.txt?sequence=5&isAllowed=y;https://llds.ling-phil.ox.ac.uk/llds/xmlui/bitstream/handle/20.500.14106/0702/lettsb702.txt?sequence=6&isAllowed=y;https://llds.ling-phil.ox.ac.uk/llds/xmlui/bitstream/handle/20.500.14106/0702/lettsc702.txt?sequence=7&isAllowed=y;https://llds.ling-phil.ox.ac.uk/llds/xmlui/bitstream/handle/20.500.14106/0702/lettsd702.txt?sequence=8&isAllowed=y;https://llds.ling-phil.ox.ac.uk/llds/xmlui/bitstream/handle/20.500.14106/0702/lettse702.txt?sequence=9&isAllowed=y;https://llds.ling-phil.ox.ac.uk/llds/xmlui/bitstream/handle/20.500.14106/0702/lettsf702.txt?sequence=10&isAllowed=y;https://llds.ling-phil.ox.ac.uk/llds/xmlui/bitstream/handle/20.500.14106/0702/lettsg702.txt?sequence=11&isAllowed=y;https://llds.ling-phil.ox.ac.uk/llds/xmlui/bitstream/handle/20.500.14106/0702/pref702.txt?sequence=12&isAllowed=y;https://llds.ling-phil.ox.ac.uk/llds/xmlui/bitstream/handle/20.500.14106/0702/vas702.txt?sequence=13&isAllowed=y,9d08aa17087ce70f60f78486d9c4e3b7c3297ca5ebf3ff93dc463d5e94f216b8,data/local/ilc_ota_source_audit_v1/metadata/ota_0702.bin,eligible_text_probe_inactive,"compatible terms, Italian Text item, pre-1901 work, and direct bitstream",ottocento_bridge_capped,inactive_metadata_only
ota_0871,oxford_text_archive,0871,Gerusalemme liberata / Torquato Tasso,"Tasso, Torquato, 1544-1595",1580,1580,1501_to_1700,Italian; ita,Text,https://llds.ling-phil.ox.ac.uk/llds/xmlui/handle/20.500.14106/0871,Distributed by the University of Oxford under a Creative Commons Attribution-NonCommercial-ShareAlike 3.0 Unported License. | http://creativecommons.org/licenses/by-nc-sa/3.0/ | PUB,http://creativecommons.org/licenses/by-nc-sa/3.0/,,Text data (1 file : ca. 592 KB),https://llds.ling-phil.ox.ac.uk/llds/xmlui/bitstream/handle/20.500.14106/0871/tassolib-0871.txt?sequence=4&isAllowed=y,0e16bd8379260c2af0de866b3d159e321367172e1345496f7ef722535404c2f8,data/local/ilc_ota_source_audit_v1/metadata/ota_0871.bin,eligible_text_probe_inactive,"compatible terms, Italian Text item, pre-1901 work, and direct bitstream",historical_non_sonnet_poetry,inactive_metadata_only
ota_0872,oxford_text_archive,0872,Gerusalemme conquistata / Torquato Tasso,"Tasso, Torquato, 1544-1595",1593,1593,1501_to_1700,Italian; ita,Text,https://llds.ling-phil.ox.ac.uk/llds/xmlui/handle/20.500.14106/0872,Distributed by the University of Oxford under a Creative Commons Attribution-NonCommercial-ShareAlike 3.0 Unported License. | http://creativecommons.org/licenses/by-nc-sa/3.0/ | PUB,http://creativecommons.org/licenses/by-nc-sa/3.0/,,Text data (1 file : ca. 846 KB),https://llds.ling-phil.ox.ac.uk/llds/xmlui/bitstream/handle/20.500.14106/0872/tassocon-0872.txt?sequence=4&isAllowed=y,8be3f8e25c53a152ffe48b9de4b61d96b3104b054e48084952567c282423eb1b,data/local/ilc_ota_source_audit_v1/metadata/ota_0872.bin,eligible_text_probe_inactive,"compatible terms, Italian Text item, pre-1901 work, and direct bitstream",historical_non_sonnet_poetry,inactive_metadata_only
ota_0992,oxford_text_archive,0992,I rotuli dei lettori legisti e artisti dello studio di Bologna dal 1384 al 1799,"Dallari, U.",1888-1924,1888,ottocento_bridge,Italian; ita,Text,https://llds.ling-phil.ox.ac.uk/llds/xmlui/handle/20.500.14106/0992,Distributed by the University of Oxford under a Creative Commons Attribution-NonCommercial-ShareAlike 3.0 Unported License. | http://creativecommons.org/licenses/by-nc-sa/3.0/ | PUB,http://creativecommons.org/licenses/by-nc-sa/3.0/,,Text data A unspecified,https://llds.ling-phil.ox.ac.uk/llds/xmlui/bitstream/handle/20.500.14106/0992/bologna-0992.txt?sequence=4&isAllowed=y,5fb86236dbdd9bbe00de1d7e5de98bde7d1e5e886ef1940850b48b771185aa79,data/local/ilc_ota_source_audit_v1/metadata/ota_0992.bin,eligible_text_probe_inactive,"compatible terms, Italian Text item, pre-1901 work, and direct bitstream",ottocento_bridge_capped,inactive_metadata_only
ota_1041,oxford_text_archive,1041,Orlando furioso  / compiled by Antonio Zampolli and the Istituto di linguistica computazionale del Consiglo nazionale delle ricerche,"Ariosto, Ludovico,  1474-1533",1532,1532,1501_to_1700,Italian; ita,Text,https://llds.ling-phil.ox.ac.uk/llds/xmlui/handle/20.500.14106/1041,Distributed by the University of Oxford under a Creative Commons Attribution-NonCommercial-ShareAlike 3.0 Unported License. | http://creativecommons.org/licenses/by-nc-sa/3.0/ | PUB,http://creativecommons.org/licenses/by-nc-sa/3.0/,,Text data between 2 and 5 MB Contains markup characters,https://llds.ling-phil.ox.ac.uk/llds/xmlui/bitstream/handle/20.500.14106/1041/furioso-1041.txt?sequence=4&isAllowed=y,251445fc27158dee87633623151c22f066fb354a3cdbdf933e02ca39c12d0062,data/local/ilc_ota_source_audit_v1/metadata/ota_1041.bin,eligible_text_probe_inactive,"compatible terms, Italian Text item, pre-1901 work, and direct bitstream",historical_non_sonnet_poetry,inactive_metadata_only
ota_1043,oxford_text_archive,1043,La coscienza di Zeno / Italo Svevo,"Svevo, Italo, 1861-1928",1923,1923,post_1900,Italian; ita,Text,https://llds.ling-phil.ox.ac.uk/llds/xmlui/handle/20.500.14106/1043,Distributed by the University of Oxford under a Creative Commons Attribution-NonCommercial-ShareAlike 3.0 Unported License. | http://creativecommons.org/licenses/by-nc-sa/3.0/ | PUB,http://creativecommons.org/licenses/by-nc-sa/3.0/,,Text data (1 file : ca. 869 KB),https://llds.ling-phil.ox.ac.uk/llds/xmlui/bitstream/handle/20.500.14106/1043/svevo1043.txt?sequence=4&isAllowed=y,b9c7168124839c21bb8464dc50fb065566ca94e4b0be280f31dbeea50c817582,data/local/ilc_ota_source_audit_v1/metadata/ota_1043.bin,excluded_post_1900,underlying work date 1923 is after 1900,excluded,inactive_metadata_only
ota_1062,oxford_text_archive,1062,Amori and Discorsi,"Magnanini, Orazio, 16th/17th cent",1553-1570,1553,1501_to_1700,Italian; ita,Text,https://llds.ling-phil.ox.ac.uk/llds/xmlui/handle/20.500.14106/1062,Distributed by the University of Oxford under a Creative Commons Attribution-NonCommercial-ShareAlike 3.0 Unported License. | http://creativecommons.org/licenses/by-nc-sa/3.0/ | PUB,http://creativecommons.org/licenses/by-nc-sa/3.0/,,Text data (1 file : ca. 309 KB),https://llds.ling-phil.ox.ac.uk/llds/xmlui/bitstream/handle/20.500.14106/1062/amori-1062.txt?sequence=4&isAllowed=y,964daf282eb766be84d10aaec2757b718b616ea5e2b4b2f136efe2be4b1b0316,data/local/ilc_ota_source_audit_v1/metadata/ota_1062.bin,eligible_text_probe_inactive,"compatible terms, Italian Text item, pre-1901 work, and direct bitstream",historical_general,inactive_metadata_only
ota_1099,oxford_text_archive,1099,Il Teseide / compiled by Antonio Zampolli,"Boccaccio, Giovani,  1313-1375",1340-1341,1340,origins_to_1500,Italian; ita,Text,https://llds.ling-phil.ox.ac.uk/llds/xmlui/handle/20.500.14106/1099,Distributed by the University of Oxford under a Creative Commons Attribution-NonCommercial-ShareAlike 3.0 Unported License. | http://creativecommons.org/licenses/by-nc-sa/3.0/ | PUB,http://creativecommons.org/licenses/by-nc-sa/3.0/,,Text data 522 KB Contains markup characters,https://llds.ling-phil.ox.ac.uk/llds/xmlui/bitstream/handle/20.500.14106/1099/tesedoc-1099.txt?sequence=4&isAllowed=y;https://llds.ling-phil.ox.ac.uk/llds/xmlui/bitstream/handle/20.500.14106/1099/teseide-1099.txt?sequence=5&isAllowed=y,b3e777326b24ab034a75a07b26726b513f2423b44bc6f1166fc89dba377c83d3,data/local/ilc_ota_source_audit_v1/metadata/ota_1099.bin,eligible_text_probe_inactive,"compatible terms, Italian Text item, pre-1901 work, and direct bitstream",historical_non_sonnet_poetry,inactive_metadata_only
ota_1100,oxford_text_archive,1100,Orlando innamorato / compiled by David Robey and Marco Dorigatti,"Boiardo, Matteo Maria,  1440 or 41-1494",1495,1495,origins_to_1500,Italian; ita,Text,https://llds.ling-phil.ox.ac.uk/llds/xmlui/handle/20.500.14106/1100,Distributed by the University of Oxford under a Creative Commons Attribution-NonCommercial-ShareAlike 3.0 Unported License. | http://creativecommons.org/licenses/by-nc-sa/3.0/ | PUB,http://creativecommons.org/licenses/by-nc-sa/3.0/,,Text data 3 files ; 1.4 MB Contains markup characters,https://llds.ling-phil.ox.ac.uk/llds/xmlui/bitstream/handle/20.500.14106/1100/boiardo-1100.txt?sequence=4&isAllowed=y;https://llds.ling-phil.ox.ac.uk/llds/xmlui/bitstream/handle/20.500.14106/1100/boiardoc-1100.txt?sequence=5&isAllowed=y,8f486fb4118acfc38331abf6526ca1f5a4fca19dafc44f76086636fbcb2be9da,data/local/ilc_ota_source_audit_v1/metadata/ota_1100.bin,eligible_text_probe_inactive,"compatible terms, Italian Text item, pre-1901 work, and direct bitstream",historical_non_sonnet_poetry,inactive_metadata_only
ota_1120,oxford_text_archive,1120,Decameron,"Boccaccio, Giovanni",1353,1353,origins_to_1500,Italian; ita,Text,https://llds.ling-phil.ox.ac.uk/llds/xmlui/handle/20.500.14106/1120,Distributed by the University of Oxford under a Creative Commons Attribution-NonCommercial-ShareAlike 3.0 Unported License. | http://creativecommons.org/licenses/by-nc-sa/3.0/ | PUB,http://creativecommons.org/licenses/by-nc-sa/3.0/,,Text data 2 files ; 56 MB,https://llds.ling-phil.ox.ac.uk/llds/xmlui/bitstream/handle/20.500.14106/1120/bocac02-1120.txt?sequence=4&isAllowed=y;https://llds.ling-phil.ox.ac.uk/llds/xmlui/bitstream/handle/20.500.14106/1120/bocac03-1120.txt?sequence=5&isAllowed=y,2302e27765c1a8ccd712101720ba215ed46912999f15c945314909975b6d9b88,data/local/ilc_ota_source_audit_v1/metadata/ota_1120.bin,eligible_text_probe_inactive,"compatible terms, Italian Text item, pre-1901 work, and direct bitstream",historical_general,inactive_metadata_only
ota_1372,oxford_text_archive,1372,The PIXI corpora : bookshop encounters in English and Italian / L. Gavioli [and] G. Mansfield,"Gavioli, Laura; Mansfield, Gillian",1990,1990,post_1900,English; Italian; eng; ita,Corpus,https://llds.ling-phil.ox.ac.uk/llds/xmlui/handle/20.500.14106/1372,Use of this resource is restricted in some manner. Usually this means that it is available for non-commercial use only with prior permission of the depositor and on condition that this header is included in its entirety with any copy distributed. | https://hdl.handle.net/20.500.14106/licence-ota | ACA,,,Text data (1 file : ca. 287 KB),https://llds.ling-phil.ox.ac.uk/llds/xmlui/bitstream/handle/20.500.14106/1372/intro1-1372.txt?sequence=4&isAllowed=y;https://llds.ling-phil.ox.ac.uk/llds/xmlui/bitstream/handle/20.500.14106/1372/lod2-1372.txt?sequence=5&isAllowed=y;https://llds.ling-phil.ox.ac.uk/llds/xmlui/bitstream/handle/20.500.14106/1372/pixi-1372.txt?sequence=6&isAllowed=y;https://llds.ling-phil.ox.ac.uk/llds/xmlui/bitstream/handle/20.500.14106/1372/readme-1372.txt?sequence=7&isAllowed=y,20966c2286bb4a338178a0b92d2e4c65afade0e2a3af24f3fd71c2ab46d77f33,data/local/ilc_ota_source_audit_v1/metadata/ota_1372.bin,excluded_not_primary_text,item type is not Text,excluded,inactive_metadata_only
ota_1390,oxford_text_archive,1390,Morgante / Luigi Pulci,"Pulci, Luigi, 1432-1484",1478,1478,origins_to_1500,Italian; ita,Text,https://llds.ling-phil.ox.ac.uk/llds/xmlui/handle/20.500.14106/1390,Distributed by the University of Oxford under a Creative Commons Attribution-NonCommercial-ShareAlike 3.0 Unported License. | http://creativecommons.org/licenses/by-nc-sa/3.0/ | PUB,http://creativecommons.org/licenses/by-nc-sa/3.0/,,"Text data (2 files : ca. 1,173, 10 KB)",https://llds.ling-phil.ox.ac.uk/llds/xmlui/bitstream/handle/20.500.14106/1390/pulci-1390.txt?sequence=4&isAllowed=y;https://llds.ling-phil.ox.ac.uk/llds/xmlui/bitstream/handle/20.500.14106/1390/pulcidoc-1390.txt?sequence=5&isAllowed=y,f3096e1a0e049159d1021afa45e5d77347a0fb8be0b23e02339d6ae49f61a254,data/local/ilc_ota_source_audit_v1/metadata/ota_1390.bin,eligible_text_probe_inactive,"compatible terms, Italian Text item, pre-1901 work, and direct bitstream",historical_non_sonnet_poetry,inactive_metadata_only
ota_1723,oxford_text_archive,1723,Corpus of Italian Newspapers / [compiled by] Elisabeth Burr,,1993-10-01,1993,post_1900,Italian; ita,Corpus,https://llds.ling-phil.ox.ac.uk/llds/xmlui/handle/20.500.14106/1723,Distributed by the University of Oxford under a Creative Commons Attribution-NonCommercial-ShareAlike 3.0 Unported License. | http://creativecommons.org/licenses/by-nc-sa/3.0/ | PUB,http://creativecommons.org/licenses/by-nc-sa/3.0/,,Text data (6 files : ca. 3.3 MB),https://llds.ling-phil.ox.ac.uk/llds/xmlui/bitstream/handle/20.500.14106/1723/corr21-1723.txt?sequence=4&isAllowed=y;https://llds.ling-phil.ox.ac.uk/llds/xmlui/bitstream/handle/20.500.14106/1723/matt20-1723.txt?sequence=5&isAllowed=y;https://llds.ling-phil.ox.ac.uk/llds/xmlui/bitstream/handle/20.500.14106/1723/matt21-1723.txt?sequence=6&isAllowed=y;https://llds.ling-phil.ox.ac.uk/llds/xmlui/bitstream/handle/20.500.14106/1723/rep21-1723.txt?sequence=7&isAllowed=y;https://llds.ling-phil.ox.ac.uk/llds/xmlui/bitstream/handle/20.500.14106/1723/stampa20-1723.txt?sequence=8&isAllowed=y;https://llds.ling-phil.ox.ac.uk/llds/xmlui/bitstream/handle/20.500.14106/1723/stampa21-1723.txt?sequence=9&isAllowed=y,0fb0662b8e5d1bd595d2a00e07f24d6bf1dd53391234dc018c3827ff4968b4e8,data/local/ilc_ota_source_audit_v1/metadata/ota_1723.bin,excluded_not_primary_text,item type is not Text,excluded,inactive_metadata_only
ota_2426,oxford_text_archive,2426,COMIC : Commercial Italian Corpus / Sara Laviosa,"Capriati, Michele",1996-2001,1996,post_1900,Italian; ita,Corpus,https://llds.ling-phil.ox.ac.uk/llds/xmlui/handle/20.500.14106/2426,Distributed by the University of Oxford under a Creative Commons Attribution-NonCommercial-ShareAlike 3.0 Unported License. | http://creativecommons.org/licenses/by-nc-sa/3.0/ | PUB,http://creativecommons.org/licenses/by-nc-sa/3.0/,,Text data (232 files : total of ca. 1.5 MB),https://llds.ling-phil.ox.ac.uk/llds/xmlui/bitstream/handle/20.500.14106/2426/2426.zip?sequence=4&isAllowed=y,951ce1cf81d833c79efb468768a26f276159446b70a70783989f1a8f505f8fdb,data/local/ilc_ota_source_audit_v1/metadata/ota_2426.bin,excluded_not_primary_text,item type is not Text,excluded,inactive_metadata_only
ota_2503,oxford_text_archive,2503,Avant-Garde/Neo-Avant-Garde Bibliographic Research Database,"Hemus, Ruth; Schaffner, Anna Katharina; Scheunemann, Dietrich; Otty, Lisa",1900-1999,1900,ottocento_bridge,English; German; French; Italian; Spanish; Portuguese; Russian; Dutch; Danish; Swedish; Czech; Japanese; Romanian; eng; deu; fra; ita; spa; por; rus; nld; dan; swe; ces; jpn; ron,Corpus,https://llds.ling-phil.ox.ac.uk/llds/xmlui/handle/20.500.14106/2503,Distributed by the University of Oxford under a Creative Commons Attribution-NonCommercial-ShareAlike 3.0 Unported License. | http://creativecommons.org/licenses/by-nc-sa/3.0/ | PUB,http://creativecommons.org/licenses/by-nc-sa/3.0/,,CollectionText 2 files : ca. 3.51 MB,https://llds.ling-phil.ox.ac.uk/llds/xmlui/bitstream/20.500.14106/2503/4/Avant-GardeNeo-Avant-GardeDatabaseDescription.pdf,b36c8b50448381184e4ab8569893cf118d77e696bab55ae5a2d4781f342afd01,data/local/ilc_ota_source_audit_v1/metadata/ota_2503.bin,excluded_not_primary_text,item type is not Text,excluded,inactive_metadata_only
ota_A06105,oxford_text_archive,A06105,"La forma delle publiche orationi et della co[n]fessione, & assolutione, la qual si usa nella chiesa de forestieri, che è nuouamente stata instituita in Londra (per gratia di Dio) con l'autorità & co[n]sentimento del Re.","Vergerio, Pietro Paolo, 1498-1565.",1551,1551,1501_to_1700,Italian; ita,Text,https://llds.ling-phil.ox.ac.uk/llds/xmlui/handle/20.500.14106/A06105,"To the extent possible under law, the Text Creation Partnership has waived all copyright and related or neighboring rights to this keyboarded and encoded edition of the work described above, according to the terms of the CC0 1.0 Public Domain Dedication Creative Commons 0 1.0 Universal. This waiver does not extend to any page images or other supplementary files associated with this work, which may be protected by copyright or other license restrictions. Please go to http://www.textcreationpartnership.org/ for more information. | http://creativecommons.org/publicdomain/zero/1.0/ | PUB",http://creativecommons.org/publicdomain/zero/1.0/,text/xml,Approx. 17 KB of XML-encoded text transcribed from 9 1-bit group-IV TIFF page images.,https://llds.ling-phil.ox.ac.uk/llds/xmlui/bitstream/handle/20.500.14106/A06105/A06105.epub?sequence=4&isAllowed=y;https://llds.ling-phil.ox.ac.uk/llds/xmlui/bitstream/handle/20.500.14106/A06105/A06105.xml?sequence=6&isAllowed=y,910c71a1defd5ef0ccaae5f47a1dd3bd838e828c89de796997862a009d5dc680,data/local/ilc_ota_source_audit_v1/metadata/ota_A06105.bin,eligible_text_probe_inactive,"compatible terms, Italian Text item, pre-1901 work, and direct bitstream",historical_general,inactive_metadata_only
ota_A07736,oxford_text_archive,A07736,Di Tomasso Morlei il primo libro delle ballette a cinque voci,"Morley, Thomas, 1557-1603?; Drayton, Michael, 1563-1631, attributed name.",1595,1595,1501_to_1700,Italian; ita,Text,https://llds.ling-phil.ox.ac.uk/llds/xmlui/handle/20.500.14106/A07736,"This keyboarded and encoded edition of the work described above is co-owned by the institutions providing financial support to the Early English Books Online Text Creation Partnership. This Phase I text is available for reuse, according to the terms of Creative Commons 0 1.0 Universal. The text can be copied, modified, distributed and performed, even for commercial purposes, all without asking permission. | http://creativecommons.org/publicdomain/zero/1.0/ | PUB",http://creativecommons.org/publicdomain/zero/1.0/,text/xml,Approx. 107 KB of XML-encoded text transcribed from 84 1-bit group-IV TIFF page images.,https://llds.ling-phil.ox.ac.uk/llds/xmlui/bitstream/handle/20.500.14106/A07736/A07736.epub?sequence=4&isAllowed=y;https://llds.ling-phil.ox.ac.uk/llds/xmlui/bitstream/handle/20.500.14106/A07736/A07736.xml?sequence=7&isAllowed=y,72efcc1704526ae65c80ba8deb6e28969b2b2160ac85dae244191851d13c4218,data/local/ilc_ota_source_audit_v1/metadata/ota_A07736.bin,eligible_text_probe_inactive,"compatible terms, Italian Text item, pre-1901 work, and direct bitstream",historical_general,inactive_metadata_only
ota_A09314,oxford_text_archive,A09314,"Gli occhi, oda all illustrissima & eccellentissima signora contessa Lucia Bedforde : con altri vari componimenti heroici regij / Di Francesco Peretto gentilhomo dottore Italiano.","Peretto, Francesco.",1616,1616,1501_to_1700,Italian; ita,Text,https://llds.ling-phil.ox.ac.uk/llds/xmlui/handle/20.500.14106/A09314,"To the extent possible under law, the Text Creation Partnership has waived all copyright and related or neighboring rights to this keyboarded and encoded edition of the work described above, according to the terms of the CC0 1.0 Public Domain Dedication Creative Commons 0 1.0 Universal. This waiver does not extend to any page images or other supplementary files associated with this work, which may be protected by copyright or other license restrictions. Please go to http://www.textcreationpartnership.org/ for more information. | http://creativecommons.org/publicdomain/zero/1.0/ | PUB",http://creativecommons.org/publicdomain/zero/1.0/,text/xml,Approx. 73 KB of XML-encoded text transcribed from 37 1-bit group-IV TIFF page images.,https://llds.ling-phil.ox.ac.uk/llds/xmlui/bitstream/handle/20.500.14106/A09314/A09314.epub?sequence=4&isAllowed=y;https://llds.ling-phil.ox.ac.uk/llds/xmlui/bitstream/handle/20.500.14106/A09314/A09314.xml?sequence=6&isAllowed=y,6b5821ddbb7b5447922723065d382452680caa93769c3b47ef435fc74a8204a9,data/local/ilc_ota_source_audit_v1/metadata/ota_A09314.bin,eligible_text_probe_inactive,"compatible terms, Italian Text item, pre-1901 work, and direct bitstream",historical_general,inactive_metadata_only
ota_A09485,oxford_text_archive,A09485,"Auiso piaceuole dato alla bella Italia, da vn nobile giovane Francese, sopra la mentita data dal serenissimo re di Nauarra a Papa Sisto V","Perrot, François, b. 1530?",1586,1586,1501_to_1700,Italian; ita,Text,https://llds.ling-phil.ox.ac.uk/llds/xmlui/handle/20.500.14106/A09485,"To the extent possible under law, the Text Creation Partnership has waived all copyright and related or neighboring rights to this keyboarded and encoded edition of the work described above, according to the terms of the CC0 1.0 Public Domain Dedication Creative Commons 0 1.0 Universal. This waiver does not extend to any page images or other supplementary files associated with this work, which may be protected by copyright or other license restrictions. Please go to http://www.textcreationpartnership.org/ for more information. | http://creativecommons.org/publicdomain/zero/1.0/ | PUB",http://creativecommons.org/publicdomain/zero/1.0/,text/xml,Approx. 73 KB of XML-encoded text transcribed from 33 1-bit group-IV TIFF page images.,https://llds.ling-phil.ox.ac.uk/llds/xmlui/bitstream/handle/20.500.14106/A09485/A09485.epub?sequence=4&isAllowed=y;https://llds.ling-phil.ox.ac.uk/llds/xmlui/bitstream/handle/20.500.14106/A09485/A09485.xml?sequence=6&isAllowed=y,990c9c79eeabaf725b5db4513fdf6cf68452516eb11190b41af60ff569ddc407,data/local/ilc_ota_source_audit_v1/metadata/ota_A09485.bin,eligible_text_probe_inactive,"compatible terms, Italian Text item, pre-1901 work, and direct bitstream",historical_general,inactive_metadata_only
ota_A13338,oxford_text_archive,A13338,La vita di Giulio Agricola scritta sincerissimamente. Da Cornelio Tacito suo genero. Et messa in volgare da Giouan. Maria Manelli,"Tacitus, Cornelius.; Manelli, Giovanni Maria.",1585,1585,1501_to_1700,ita; ita,Text,https://llds.ling-phil.ox.ac.uk/llds/xmlui/handle/20.500.14106/A13338,"This keyboarded and encoded edition of the work described above is co-owned by the institutions providing financial support to the Early English Books Online Text Creation Partnership. This text is available for reuse, according to the terms of Creative Commons 0 1.0 Universal licence. The text can be copied, modified, distributed and performed, even for commercial purposes, all without asking permission. | http://creativecommons.org/publicdomain/zero/1.0/ | PUB",http://creativecommons.org/publicdomain/zero/1.0/,text/xml,Approx. 94 KB of XML-encoded text transcribed from 27 1-bit group-IV TIFF page images.,https://llds.ling-phil.ox.ac.uk/llds/xmlui/bitstream/handle/20.500.14106/A13338/A13338.epub?sequence=3&isAllowed=y;https://llds.ling-phil.ox.ac.uk/llds/xmlui/bitstream/handle/20.500.14106/A13338/A13338.xml?sequence=5&isAllowed=y,c5a4941dde36974bb9ca6b4e587d2e8e85e0c7b16fe45b3b57b44a135a4e82f5,data/local/ilc_ota_source_audit_v1/metadata/ota_A13338.bin,eligible_text_probe_inactive,"compatible terms, Italian Text item, pre-1901 work, and direct bitstream",historical_general,inactive_metadata_only
ota_A14162,oxford_text_archive,A14162,"Parte prima delle brevi dimostrationi, et precetti vtilissimi ne i quali si trattano diuersi propositi morali, politici, & iconomici & che conuengono ancora ad ogni nobil Matrona. Cauati da una diligente osseruation di cose diuersʹe; et scritti al comun beneficio deli huomini ciuili. Da Petruccio Vbaldino cittadin Fiorentino.","Ubaldini, Petruccio, 1524?-1600?",1592,1592,1501_to_1700,Italian; ita,Text,https://llds.ling-phil.ox.ac.uk/llds/xmlui/handle/20.500.14106/A14162,"To the extent possible under law, the Text Creation Partnership has waived all copyright and related or neighboring rights to this keyboarded and encoded edition of the work described above, according to the terms of the CC0 1.0 Public Domain Dedication Creative Commons 0 1.0 Universal. This waiver does not extend to any page images or other supplementary files associated with this work, which may be protected by copyright or other license restrictions. Please go to http://www.textcreationpartnership.org/ for more information. | http://creativecommons.org/publicdomain/zero/1.0/ | PUB",http://creativecommons.org/publicdomain/zero/1.0/,text/xml,Approx. 141 KB of XML-encoded text transcribed from 53 1-bit group-IV TIFF page images.,https://llds.ling-phil.ox.ac.uk/llds/xmlui/bitstream/handle/20.500.14106/A14162/A14162.epub?sequence=4&isAllowed=y;https://llds.ling-phil.ox.ac.uk/llds/xmlui/bitstream/handle/20.500.14106/A14162/A14162.xml?sequence=6&isAllowed=y,1e0850c3072a1e2a2de694e8d39ff79b521f529f62d1414bdf8ffca21066f87e,data/local/ilc_ota_source_audit_v1/metadata/ota_A14162.bin,eligible_text_probe_inactive,"compatible terms, Italian Text item, pre-1901 work, and direct bitstream",historical_general,inactive_metadata_only
ota_A14163,oxford_text_archive,A14163,"Descrittione del regno di Scotia, et delle isole sue adiacenti di Petruccio Vbaldini cittadin Fiorentino. Nella quale si descriuono i confini di ciascuna prouincia, & i luoghi che visono, & le cose piu degne di memoria, che visi trouano tanto naturali, quanto marauigliose","Boece, Hector, 1465?-1536.; Ubaldini, Petruccio, 1524?-1600?",1588,1588,1501_to_1700,Italian; ita,Text,https://llds.ling-phil.ox.ac.uk/llds/xmlui/handle/20.500.14106/A14163,"To the extent possible under law, the Text Creation Partnership has waived all copyright and related or neighboring rights to this keyboarded and encoded edition of the work described above, according to the terms of the CC0 1.0 Public Domain Dedication Creative Commons 0 1.0 Universal. This waiver does not extend to any page images or other supplementary files associated with this work, which may be protected by copyright or other license restrictions. Please go to http://www.textcreationpartnership.org/ for more information. | http://creativecommons.org/publicdomain/zero/1.0/ | PUB",http://creativecommons.org/publicdomain/zero/1.0/,text/xml,Approx. 199 KB of XML-encoded text transcribed from 32 1-bit group-IV TIFF page images.,https://llds.ling-phil.ox.ac.uk/llds/xmlui/bitstream/handle/20.500.14106/A14163/A14163.epub?sequence=4&isAllowed=y;https://llds.ling-phil.ox.ac.uk/llds/xmlui/bitstream/handle/20.500.14106/A14163/A14163.xml?sequence=6&isAllowed=y,b7793a5ec78ce3b8a769da7c0a59fc4ae40270609b366867977ef07a6014dc1f,data/local/ilc_ota_source_audit_v1/metadata/ota_A14163.bin,eligible_text_probe_inactive,"compatible terms, Italian Text item, pre-1901 work, and direct bitstream",historical_general,inactive_metadata_only
ota_A14165,oxford_text_archive,A14165,"Militia del gran duca di Thoscana Capitoli, ordini, & priuilegij della militia, & bande di Sua Altezza Serenissima prima cosi ordinati dalla buona, & felice memoria di cosimo primo Gran Duca di Thoscana; et di poi corroborati da i successor i suoi figliuoli. Con l'aggiunta de i nuoui capitoli, & priuilegi concessi dallo illustrissimo & eccellentissimo Signor Don Francesco principe di Fiorenza, & di Siena pursuo figliuolo alla nuoua Militia de i Caualli armati all leggiera sino dall'anno 1566.","Ubaldini, Petruccio, 1524?-1600?",1597,1597,1501_to_1700,Italian; ita,Text,https://llds.ling-phil.ox.ac.uk/llds/xmlui/handle/20.500.14106/A14165,"To the extent possible under law, the Text Creation Partnership has waived all copyright and related or neighboring rights to this keyboarded and encoded edition of the work described above, according to the terms of the CC0 1.0 Public Domain Dedication Creative Commons 0 1.0 Universal. This waiver does not extend to any page images or other supplementary files associated with this work, which may be protected by copyright or other license restrictions. Please go to http://www.textcreationpartnership.org/ for more information. | http://creativecommons.org/publicdomain/zero/1.0/ | PUB",http://creativecommons.org/publicdomain/zero/1.0/,text/xml,Approx. 104 KB of XML-encoded text transcribed from 34 1-bit group-IV TIFF page images.,https://llds.ling-phil.ox.ac.uk/llds/xmlui/bitstream/handle/20.500.14106/A14165/A14165.epub?sequence=4&isAllowed=y;https://llds.ling-phil.ox.ac.uk/llds/xmlui/bitstream/handle/20.500.14106/A14165/A14165.xml?sequence=6&isAllowed=y,ca0b532109eb006edd6df252bec6959463c8bd8ca1da04cd7e04afe6d15eb40e,data/local/ilc_ota_source_audit_v1/metadata/ota_A14165.bin,eligible_text_probe_inactive,"compatible terms, Italian Text item, pre-1901 work, and direct bitstream",historical_general,inactive_metadata_only
ota_A14166,oxford_text_archive,A14166,"Rime di Petruccio Vbaldino, cittadin Fiorentino","Ubaldini, Petruccio, 1524?-1600?",1596,1596,1501_to_1700,Italian; ita,Text,https://llds.ling-phil.ox.ac.uk/llds/xmlui/handle/20.500.14106/A14166,"To the extent possible under law, the Text Creation Partnership has waived all copyright and related or neighboring rights to this keyboarded and encoded edition of the work described above, according to the terms of the CC0 1.0 Public Domain Dedication Creative Commons 0 1.0 Universal. This waiver does not extend to any page images or other supplementary files associated with this work, which may be protected by copyright or other license restrictions. Please go to http://www.textcreationpartnership.org/ for more information. | http://creativecommons.org/publicdomain/zero/1.0/ | PUB",http://creativecommons.org/publicdomain/zero/1.0/,text/xml,Approx. 37 KB of XML-encoded text transcribed from 21 1-bit group-IV TIFF page images.,https://llds.ling-phil.ox.ac.uk/llds/xmlui/bitstream/handle/20.500.14106/A14166/A14166.epub?sequence=4&isAllowed=y;https://llds.ling-phil.ox.ac.uk/llds/xmlui/bitstream/handle/20.500.14106/A14166/A14166.xml?sequence=6&isAllowed=y,d0043f5fe5de59324e5a9fe617127d0ede92df4bb05658700c9415d5824a46bd,data/local/ilc_ota_source_audit_v1/metadata/ota_A14166.bin,eligible_text_probe_inactive,"compatible terms, Italian Text item, pre-1901 work, and direct bitstream",historical_non_sonnet_poetry,inactive_metadata_only
ota_A14167,oxford_text_archive,A14167,"Scelta di alcune attioni, et di varii accidenti occorsi tra alcune nationi differenti del mondo; cauati della selua dei case diuersi. Di Petruccio Vbaldino Fiorentino  ...","Ubaldini, Petruccio, 1524?-1600?",1595,1595,1501_to_1700,Italian; ita,Text,https://llds.ling-phil.ox.ac.uk/llds/xmlui/handle/20.500.14106/A14167,"To the extent possible under law, the Text Creation Partnership has waived all copyright and related or neighboring rights to this keyboarded and encoded edition of the work described above, according to the terms of the CC0 1.0 Public Domain Dedication Creative Commons 0 1.0 Universal. This waiver does not extend to any page images or other supplementary files associated with this work, which may be protected by copyright or other license restrictions. Please go to http://www.textcreationpartnership.org/ for more information. | http://creativecommons.org/publicdomain/zero/1.0/ | PUB",http://creativecommons.org/publicdomain/zero/1.0/,text/xml,Approx. 152 KB of XML-encoded text transcribed from 48 1-bit group-IV TIFF page images.,https://llds.ling-phil.ox.ac.uk/llds/xmlui/bitstream/handle/20.500.14106/A14167/A14167.epub?sequence=4&isAllowed=y;https://llds.ling-phil.ox.ac.uk/llds/xmlui/bitstream/handle/20.500.14106/A14167/A14167.xml?sequence=6&isAllowed=y,e053b98b28d2e6b2f7da7a521224755381bc0a9a3ca98c61d76229cfd5d587a2,data/local/ilc_ota_source_audit_v1/metadata/ota_A14167.bin,eligible_text_probe_inactive,"compatible terms, Italian Text item, pre-1901 work, and direct bitstream",historical_general,inactive_metadata_only
ota_A14168,oxford_text_archive,A14168,"Lo stato delle tre corti Altrimenti: relationi di alcune qualita politiche con le loro dipendenze considerabili appresso di quei, che dei gouerni delli stati si dilettano; ritrouate nello stato della Corte Romana, nel regno di Napoli, & nelli stati del gran Duca di Thoscana, cagioni secondo la natura di quelle genti sicurissime della sermezza di quei gouerni. Di Petruccio Vbaldino, cittadin Fiorentino.","Ubaldini, Petruccio, 1524?-1600?",1594,1594,1501_to_1700,Italian; ita,Text,https://llds.ling-phil.ox.ac.uk/llds/xmlui/handle/20.500.14106/A14168,"To the extent possible under law, the Text Creation Partnership has waived all copyright and related or neighboring rights to this keyboarded and encoded edition of the work described above, according to the terms of the CC0 1.0 Public Domain Dedication Creative Commons 0 1.0 Universal. This waiver does not extend to any page images or other supplementary files associated with this work, which may be protected by copyright or other license restrictions. Please go to http://www.textcreationpartnership.org/ for more information. | http://creativecommons.org/publicdomain/zero/1.0/ | PUB",http://creativecommons.org/publicdomain/zero/1.0/,text/xml,Approx. 72 KB of XML-encoded text transcribed from 24 1-bit group-IV TIFF page images.,https://llds.ling-phil.ox.ac.uk/llds/xmlui/bitstream/handle/20.500.14106/A14168/A14168.epub?sequence=4&isAllowed=y;https://llds.ling-phil.ox.ac.uk/llds/xmlui/bitstream/handle/20.500.14106/A14168/A14168.xml?sequence=6&isAllowed=y,05e66e41bb9288656279e565f541a7479f5105ac16c732d1c6934439128d435f,data/local/ilc_ota_source_audit_v1/metadata/ota_A14168.bin,eligible_text_probe_inactive,"compatible terms, Italian Text item, pre-1901 work, and direct bitstream",historical_general,inactive_metadata_only
ota_A14169,oxford_text_archive,A14169,"La vita di Carlo Magno Imperadore, scritta in lingua italiana da Petruccio Vbaldino cittadin fiorentino","Ubaldini, Petruccio, 1524?-1600?",1581,1581,1501_to_1700,Italian; ita,Text,https://llds.ling-phil.ox.ac.uk/llds/xmlui/handle/20.500.14106/A14169,"To the extent possible under law, the Text Creation Partnership has waived all copyright and related or neighboring rights to this keyboarded and encoded edition of the work described above, according to the terms of the CC0 1.0 Public Domain Dedication Creative Commons 0 1.0 Universal. This waiver does not extend to any page images or other supplementary files associated with this work, which may be protected by copyright or other license restrictions. Please go to http://www.textcreationpartnership.org/ for more information. | http://creativecommons.org/publicdomain/zero/1.0/ | PUB",http://creativecommons.org/publicdomain/zero/1.0/,text/xml,Approx. 279 KB of XML-encoded text transcribed from 65 1-bit group-IV TIFF page images.,https://llds.ling-phil.ox.ac.uk/llds/xmlui/bitstream/handle/20.500.14106/A14169/A14169.epub?sequence=4&isAllowed=y;https://llds.ling-phil.ox.ac.uk/llds/xmlui/bitstream/handle/20.500.14106/A14169/A14169.xml?sequence=6&isAllowed=y,736db4ec579ad76e72c96217ffa0cb8c91405bf3fc59887beeaf298dadd49f72,data/local/ilc_ota_source_audit_v1/metadata/ota_A14169.bin,eligible_text_probe_inactive,"compatible terms, Italian Text item, pre-1901 work, and direct bitstream",historical_general,inactive_metadata_only
ota_A18325,oxford_text_archive,A18325,"Atto della Giustitia d'Inghilterra, effeguito, per la coseruatione della commune [e] christiana pace contra alcuni feminatori di discordie, [e] seguaci de ribelli, [e] denemici del reame, [e] non per niuna perfecutione ... Traslatato d'inglese in vulgare ... Il 25.d Maggio 1584. [e] 26.del felicissimo regno d'Eliza ... tta, per gratia at Dio ... .","Burghley, William Cecil, Baron, 1520-1598.",1584,1584,1501_to_1700,Italian; ita,Text,https://llds.ling-phil.ox.ac.uk/llds/xmlui/handle/20.500.14106/A18325,"This keyboarded and encoded edition of the work described above is co-owned by the institutions providing financial support to the Early English Books Online Text Creation Partnership. This Phase I text is available for reuse, according to the terms of Creative Commons 0 1.0 Universal. The text can be copied, modified, distributed and performed, even for commercial purposes, all without asking permission. | http://creativecommons.org/publicdomain/zero/1.0/ | PUB",http://creativecommons.org/publicdomain/zero/1.0/,text/xml,Approx. 108 KB of XML-encoded text transcribed from 59 1-bit group-IV TIFF page images.,https://llds.ling-phil.ox.ac.uk/llds/xmlui/bitstream/handle/20.500.14106/A18325/A18325.epub?sequence=4&isAllowed=y;https://llds.ling-phil.ox.ac.uk/llds/xmlui/bitstream/handle/20.500.14106/A18325/A18325.xml?sequence=7&isAllowed=y,3091bd24e88ac447d699c6da5fa69f781ed86387a9529d07cc077f7f8727d03d,data/local/ilc_ota_source_audit_v1/metadata/ota_A18325.bin,eligible_text_probe_inactive,"compatible terms, Italian Text item, pre-1901 work, and direct bitstream",historical_general,inactive_metadata_only
ota_A22695,oxford_text_archive,A22695,"Dichiaratione delle cause che hanno indotta la Serenissima Maestá, della Reina d'Ingilterra, di preparare & mandare sopra il mare vna armata per la difesa de i suoi regni contra le forze d'el Re di Spagna da esser publicata per i generali della detta armata, accioche sia conosciuto che sua Maestá, ha armato solamente per difenderse e offender li nemici, senza peró voler offender altri chi astenerannosi di adiuutari i suoi nemici, ma trattarli con tutte licite fauore amoreuolmente.","England and Wales.; Elizabeth I, Queen of England, 1533-1603.; Essex, Robert Devereux, Earl of, 1566-1601.; Nottingham, Charles Howard, Earl of, ca. 1536-1624.",1596,1596,1501_to_1700,Italian; ita,Text,https://llds.ling-phil.ox.ac.uk/llds/xmlui/handle/20.500.14106/A22695,"To the extent possible under law, the Text Creation Partnership has waived all copyright and related or neighboring rights to this keyboarded and encoded edition of the work described above, according to the terms of the CC0 1.0 Public Domain Dedication Creative Commons 0 1.0 Universal. This waiver does not extend to any page images or other supplementary files associated with this work, which may be protected by copyright or other license restrictions. Please go to http://www.textcreationpartnership.org/ for more information. | http://creativecommons.org/publicdomain/zero/1.0/ | PUB",http://creativecommons.org/publicdomain/zero/1.0/,text/xml,Approx. 7 KB of XML-encoded text transcribed from 4 1-bit group-IV TIFF page images.,https://llds.ling-phil.ox.ac.uk/llds/xmlui/bitstream/handle/20.500.14106/A22695/A22695.epub?sequence=4&isAllowed=y;https://llds.ling-phil.ox.ac.uk/llds/xmlui/bitstream/handle/20.500.14106/A22695/A22695.xml?sequence=6&isAllowed=y,dda6de58421a5c53d0daf63c9ab7751368e79dcdccdec90e0d67cc9c3d6515d2,data/local/ilc_ota_source_audit_v1/metadata/ota_A22695.bin,eligible_text_probe_inactive,"compatible terms, Italian Text item, pre-1901 work, and direct bitstream",historical_general,inactive_metadata_only
ota_A72536,oxford_text_archive,A72536,"Essempio d'una lettera mandata d'Inghilterra a Don Bernardino Mendozza ambasciatore in Francia per lo re di Spagna nella quale si dichiara, lo stato del reame d'Inghilterra, contrario all'espettatione di Don Bernardino, di tutti gli spagnuoli fuoi conforti, & d'altri anchora / traslatata di francese in italiano ad instanza di chi desidera, che gl'Italici huomini conoscano quanti i romori, della vittoria dell'Armata spagnuola, sparti dal Mendozza, sieno bugiardi & falsi.","Burghley, William Cecil, Baron, 1520-1598.; Leigh, Richard, 1561?-1588.",1588,1588,1501_to_1700,Italian; ita,Text,https://llds.ling-phil.ox.ac.uk/llds/xmlui/handle/20.500.14106/A72536,"To the extent possible under law, the Text Creation Partnership has waived all copyright and related or neighboring rights to this keyboarded and encoded edition of the work described above, according to the terms of the CC0 1.0 Public Domain Dedication Creative Commons 0 1.0 Universal. This waiver does not extend to any page images or other supplementary files associated with this work, which may be protected by copyright or other license restrictions. Please go to http://www.textcreationpartnership.org/ for more information. | http://creativecommons.org/publicdomain/zero/1.0/ | PUB",http://creativecommons.org/publicdomain/zero/1.0/,text/xml,Approx. 156 KB of XML-encoded text transcribed from 56 1-bit group-IV TIFF page images.,https://llds.ling-phil.ox.ac.uk/llds/xmlui/bitstream/handle/20.500.14106/A72536/A72536.epub?sequence=4&isAllowed=y;https://llds.ling-phil.ox.ac.uk/llds/xmlui/bitstream/handle/20.500.14106/A72536/A72536.xml?sequence=6&isAllowed=y,04a310cdf27453963e793dcb9e6ba56e568f856f538252c7ae8df056c8f64b80,data/local/ilc_ota_source_audit_v1/metadata/ota_A72536.bin,eligible_text_probe_inactive,"compatible terms, Italian Text item, pre-1901 work, and direct bitstream",historical_general,inactive_metadata_only
ota_A91763,oxford_text_archive,A91763,"Theriaca Andromachi senioris diuinum inuentum The abouesaid antidote is composed in Venice vvith all diligence and careby Anthony Raffaeli apothecary at the signe of the Paradice at Riu'alta vpon the vvine banck in the presence and beforethe most illustrious magistrates of the old iustice, and the most excellent colledge of doctors and of the apothecaryes, and other deputys for the same, the faculties, and rare virtues of vvhich are as follo vveth for the good of all people.","Raffaeli, Francesco.",1697,1697,1501_to_1700,Italian; ita,Text,https://llds.ling-phil.ox.ac.uk/llds/xmlui/handle/20.500.14106/A91763,"To the extent possible under law, the Text Creation Partnership has waived all copyright and related or neighboring rights to this keyboarded and encoded edition of the work described above, according to the terms of the CC0 1.0 Public Domain Dedication Creative Commons 0 1.0 Universal. This waiver does not extend to any page images or other supplementary files associated with this work, which may be protected by copyright or other license restrictions. Please go to http://www.textcreationpartnership.org/ for more information. | http://creativecommons.org/publicdomain/zero/1.0/ | PUB",http://creativecommons.org/publicdomain/zero/1.0/,text/xml,Approx. 8 KB of XML-encoded text transcribed from 2 1-bit group-IV TIFF page images.,https://llds.ling-phil.ox.ac.uk/llds/xmlui/bitstream/handle/20.500.14106/A91763/A91763.epub?sequence=4&isAllowed=y;https://llds.ling-phil.ox.ac.uk/llds/xmlui/bitstream/handle/20.500.14106/A91763/A91763.xml?sequence=6&isAllowed=y,d132477c0dc280cd2803a5e8785e39e1bff42a4e097523437203e06725bbd4cc,data/local/ilc_ota_source_audit_v1/metadata/ota_A91763.bin,eligible_text_probe_inactive,"compatible terms, Italian Text item, pre-1901 work, and direct bitstream",historical_general,inactive_metadata_only
ota_B08182,oxford_text_archive,B08182,"Le vite delle donne illustri. del regno d'Inghilterra, & del regno di Scotia, & di quelle, che d'altri paesi ne i due detti regni sono stato maritate. Doue si contengono tutte le cose degne di memoria da esse, ò da altri per i rispetti loro state operate, tanto di fuori, quanto di dentro de i due regni. / Scritte in lingua italiana da Petruccio Vbaldino cittadin Fiorentino..","Ubaldini, Petruccio, 1524?-1600?; Wolfe, John, d. 1601.",1591,1591,1501_to_1700,Italian; ita,Text,https://llds.ling-phil.ox.ac.uk/llds/xmlui/handle/20.500.14106/B08182,"To the extent possible under law, the Text Creation Partnership has waived all copyright and related or neighboring rights to this keyboarded and encoded edition of the work described above, according to the terms of the CC0 1.0 Public Domain Dedication Creative Commons 0 1.0 Universal. This waiver does not extend to any page images or other supplementary files associated with this work, which may be protected by copyright or other license restrictions. Please go to http://www.textcreationpartnership.org/ for more information. | http://creativecommons.org/publicdomain/zero/1.0/ | PUB",http://creativecommons.org/publicdomain/zero/1.0/,text/xml,Approx. 296 KB of XML-encoded text transcribed from 64 1-bit group-IV TIFF page images.,https://llds.ling-phil.ox.ac.uk/llds/xmlui/bitstream/handle/20.500.14106/B08182/B08182.epub?sequence=4&isAllowed=y;https://llds.ling-phil.ox.ac.uk/llds/xmlui/bitstream/handle/20.500.14106/B08182/B08182.xml?sequence=6&isAllowed=y,06c53df39079b974afe069fc8b4fc8d70ffe69475a0835af551577dbdca2d99b,data/local/ilc_ota_source_audit_v1/metadata/ota_B08182.bin,eligible_text_probe_inactive,"compatible terms, Italian Text item, pre-1901 work, and direct bitstream",historical_general,inactive_metadata_only
