record_id,file_name,download_url,content_type,raw_byte_count,raw_sha256,cache_path,acquisition_status,error
ilc_bellini,BDC-XML.zip,https://dspace-clarin-it.ilc.cnr.it/server/api/core/bitstreams/ca4201ea-d874-4169-983e-9e3e0feeac1c/content,application/zip,407671,fb47722647c0d4f5b5913c1f4c7acd3ad23a0278ff1cbe33a6d609ebe0849f1e,data/local/ilc_ota_source_audit_v1/payloads/ilc_bellini_001_BDC-XML.zip.bin,cached_verified,
ilc_libretti,Edizione_digitale_dei_libretti_per_la_funzione_delle_Tasche_Gallucci.xml,https://dspace-clarin-it.ilc.cnr.it/server/api/core/bitstreams/0422a142-25b6-4bf8-af9b-8ad17f18b31f/content,text/xml,2737739,f1e63dd10a752fc8582974722447a5073e745dc7141837e1d21170227217641d,data/local/ilc_ota_source_audit_v1/payloads/ilc_libretti_001_Edizione_digitale_dei_libretti_per_la_funzione_delle_Tasche_Gallucci.xml.bin,cached_verified,
ilc_rosmini,corpus-rosmini.zip,https://dspace-clarin-it.ilc.cnr.it/server/api/core/bitstreams/db6dadd7-0241-4d92-a24f-e5fef782ecb9/content,application/zip,10302816,b7612778fb8cc9d3ee2b51ffb72bfd35fa82fa5224372108bde069af9a7f742a,data/local/ilc_ota_source_audit_v1/payloads/ilc_rosmini_001_corpus-rosmini.zip.bin,cached_verified,
ota_0302,cortegiano-0302.txt,https://llds.ling-phil.ox.ac.uk/llds/xmlui/bitstream/handle/20.500.14106/0302/cortegiano-0302.txt?sequence=4&isAllowed=y,text/plain,675443,2fe621f4ea007dc577ac7c5d9c1d4693441be98a174e496276688625dd080cf1,data/local/ilc_ota_source_audit_v1/payloads/ota_0302_001_cortegiano-0302.txt.bin,cached_verified,
ota_0303,mach-0303.txt,https://llds.ling-phil.ox.ac.uk/llds/xmlui/bitstream/handle/20.500.14106/0303/mach-0303.txt?sequence=4&isAllowed=y,text/plain,26878,e7228bbfd8d93617bb1aec14ba464bb7502a9d771d29e42d85e310093d1e8311,data/local/ilc_ota_source_audit_v1/payloads/ota_0303_001_mach-0303.txt.bin,cached_verified,
ota_0304,rime-0304.txt,https://llds.ling-phil.ox.ac.uk/llds/xmlui/bitstream/handle/20.500.14106/0304/rime-0304.txt?sequence=4&isAllowed=y,text/plain,90191,d382c840965a00bf6723778d45d5bd8e83b0589782109923b4c980ed10497264,data/local/ilc_ota_source_audit_v1/payloads/ota_0304_001_rime-0304.txt.bin,cached_verified,
ota_0305,vergaamante-0305.txt,https://llds.ling-phil.ox.ac.uk/llds/xmlui/bitstream/handle/20.500.14106/0305/vergaamante-0305.txt?sequence=4&isAllowed=y,text/plain,12248,c6df95cbbf599c2e1b197bcd2205e6a801fcc475e0260aefad4b4332904535b8,data/local/ilc_ota_source_audit_v1/payloads/ota_0305_001_vergaamante-0305.txt.bin,cached_verified,
ota_0305,vergacavalle-0305.txt,https://llds.ling-phil.ox.ac.uk/llds/xmlui/bitstream/handle/20.500.14106/0305/vergacavalle-0305.txt?sequence=5&isAllowed=y,text/plain,11724,0053fedc75ee8cb6ff64a7d4b03d47982dbcf1f13cd220c56c82a38a6e1ab231,data/local/ilc_ota_source_audit_v1/payloads/ota_0305_002_vergacavalle-0305.txt.bin,cached_verified,
ota_0305,vergaguerra-0305.txt,https://llds.ling-phil.ox.ac.uk/llds/xmlui/bitstream/handle/20.500.14106/0305/vergaguerra-0305.txt?sequence=6&isAllowed=y,text/plain,16819,ba8155d4ba2314a1c9f72998e1724c49aa6a442c7f3a0ef3ce151929774b7684,data/local/ilc_ota_source_audit_v1/payloads/ota_0305_003_vergaguerra-0305.txt.bin,cached_verified,
ota_0305,vergaintro-0305.txt,https://llds.ling-phil.ox.ac.uk/llds/xmlui/bitstream/handle/20.500.14106/0305/vergaintro-0305.txt?sequence=7&isAllowed=y,text/plain,2895,199a37932438bddec5ef6a75f9dbf9f8c49df286b8c65027e71b9a6985d49ede,data/local/ilc_ota_source_audit_v1/payloads/ota_0305_004_vergaintro-0305.txt.bin,cached_verified,
ota_0305,vergalupa-0305.txt,https://llds.ling-phil.ox.ac.uk/llds/xmlui/bitstream/handle/20.500.14106/0305/vergalupa-0305.txt?sequence=8&isAllowed=y,text/plain,8829,462930a89c7cca421aaa163e9ebf8c101e3a29cea1b7e6e0e95870c1247cb4a2,data/local/ilc_ota_source_audit_v1/payloads/ota_0305_005_vergalupa-0305.txt.bin,cached_verified,
ota_0305,vergapentola-0305.txt,https://llds.ling-phil.ox.ac.uk/llds/xmlui/bitstream/handle/20.500.14106/0305/vergapentola-0305.txt?sequence=9&isAllowed=y,text/plain,8502,9f07285c03637ed2d51a66416b854f52d8bf50f2cb086fd9cd83deb62ccfc9bd,data/local/ilc_ota_source_audit_v1/payloads/ota_0305_006_vergapentola-0305.txt.bin,cached_verified,
ota_0305,vergareveren-0305.txt,https://llds.ling-phil.ox.ac.uk/llds/xmlui/bitstream/handle/20.500.14106/0305/vergareveren-0305.txt?sequence=10&isAllowed=y,text/plain,17658,4b8b9c8867295bed2eb4b158dfdb64ef1a01604711ac2a2459533b706e52bc5e,data/local/ilc_ota_source_audit_v1/payloads/ota_0305_007_vergareveren-0305.txt.bin,cached_verified,
ota_0352,petrbucolics-0352.txt,https://llds.ling-phil.ox.ac.uk/llds/xmlui/bitstream/handle/20.500.14106/0352/petrbucolics-0352.txt?sequence=4&isAllowed=y,text/plain,90585,690f9d850f5e64567b36ded2186267250504a803d92676e4053c1b84085a951a,data/local/ilc_ota_source_audit_v1/payloads/ota_0352_001_petrbucolics-0352.txt.bin,cached_verified,
ota_0407,galateo-0407.txt,https://llds.ling-phil.ox.ac.uk/llds/xmlui/bitstream/handle/20.500.14106/0407/galateo-0407.txt?sequence=4&isAllowed=y,text/plain,134825,1418eab8bfd2507f37f171cb1fe147ce315ccdcbc65e887a62a0cba569678344,data/local/ilc_ota_source_audit_v1/payloads/ota_0407_001_galateo-0407.txt.bin,cached_verified,
ota_0693,paradiso-0693.txt,https://llds.ling-phil.ox.ac.uk/llds/xmlui/bitstream/handle/20.500.14106/0693/paradiso-0693.txt?sequence=4&isAllowed=y,text/plain,233559,dccea61cbbc40d5a64743f304fdcae9879b40801a0893e3ca30b728c52925244,data/local/ilc_ota_source_audit_v1/payloads/ota_0693_001_paradiso-0693.txt.bin,cached_verified,
ota_0694,purgatorio-0694.txt,https://llds.ling-phil.ox.ac.uk/llds/xmlui/bitstream/handle/20.500.14106/0694/purgatorio-0694.txt?sequence=4&isAllowed=y,text/plain,236661,211ffc39c53964bdc022c460a075ad4955354ae81c9f4231b0ca1f3cf9b19eaf,data/local/ilc_ota_source_audit_v1/payloads/ota_0694_001_purgatorio-0694.txt.bin,cached_verified,
ota_0695,inferno-0695.txt,https://llds.ling-phil.ox.ac.uk/llds/xmlui/bitstream/handle/20.500.14106/0695/inferno-0695.txt?sequence=4&isAllowed=y,text/plain,235800,e63646d31f3c6cbf0ddb728cfc5e96e4dc536b37876adfa1ae3bb6b307f5803e,data/local/ilc_ota_source_audit_v1/payloads/ota_0695_001_inferno-0695.txt.bin,cached_verified,
ota_0702,index702.txt,https://llds.ling-phil.ox.ac.uk/llds/xmlui/bitstream/handle/20.500.14106/0702/index702.txt?sequence=4&isAllowed=y,text/plain,50501,ae450a0896bc25a542f4c181f519490fce6445ac1b81b29c1f6e8168dd344113,data/local/ilc_ota_source_audit_v1/payloads/ota_0702_001_index702.txt.bin,cached_verified,
ota_0702,lettsa702.txt,https://llds.ling-phil.ox.ac.uk/llds/xmlui/bitstream/handle/20.500.14106/0702/lettsa702.txt?sequence=5&isAllowed=y,text/plain,142803,2cea7959a2df8354b5d1dc4bf194fc3e89a30689a0b8bb57c8e5c1eeedcdffbb,data/local/ilc_ota_source_audit_v1/payloads/ota_0702_002_lettsa702.txt.bin,cached_verified,
ota_0702,lettsb702.txt,https://llds.ling-phil.ox.ac.uk/llds/xmlui/bitstream/handle/20.500.14106/0702/lettsb702.txt?sequence=6&isAllowed=y,text/plain,97148,448c6647bf615a6a660936eeea44346aad277ffecc5ee4a458f62ec52f4d3c97,data/local/ilc_ota_source_audit_v1/payloads/ota_0702_003_lettsb702.txt.bin,cached_verified,
ota_0702,lettsc702.txt,https://llds.ling-phil.ox.ac.uk/llds/xmlui/bitstream/handle/20.500.14106/0702/lettsc702.txt?sequence=7&isAllowed=y,text/plain,100505,c3ec6e2c1c34b376f6895b4673b3605ea5d85ff5d285fc8de1825fc28c64d841,data/local/ilc_ota_source_audit_v1/payloads/ota_0702_004_lettsc702.txt.bin,cached_verified,
ota_0702,lettsd702.txt,https://llds.ling-phil.ox.ac.uk/llds/xmlui/bitstream/handle/20.500.14106/0702/lettsd702.txt?sequence=8&isAllowed=y,text/plain,136905,a92d5f12481ed365dd55edd8b34006be700f0b8665f2e877409b1ffbbcefde75,data/local/ilc_ota_source_audit_v1/payloads/ota_0702_005_lettsd702.txt.bin,cached_verified,
ota_0702,lettse702.txt,https://llds.ling-phil.ox.ac.uk/llds/xmlui/bitstream/handle/20.500.14106/0702/lettse702.txt?sequence=9&isAllowed=y,text/plain,101909,a3a234bb959cef6a72d93c1020308d2648a536978c5ac5010b2c096aed9f2465,data/local/ilc_ota_source_audit_v1/payloads/ota_0702_006_lettse702.txt.bin,cached_verified,
ota_0702,lettsf702.txt,https://llds.ling-phil.ox.ac.uk/llds/xmlui/bitstream/handle/20.500.14106/0702/lettsf702.txt?sequence=10&isAllowed=y,text/plain,87962,89cc39133248ad98f57699c92cc8f16a926cc3d688aa0eee4b7a22acd54e62e4,data/local/ilc_ota_source_audit_v1/payloads/ota_0702_007_lettsf702.txt.bin,cached_verified,
ota_0702,lettsg702.txt,https://llds.ling-phil.ox.ac.uk/llds/xmlui/bitstream/handle/20.500.14106/0702/lettsg702.txt?sequence=11&isAllowed=y,text/plain,54809,da8aae16044ac1e30d2c298cfe3a2a9fdf37a99804c3a7f982014455a46809f1,data/local/ilc_ota_source_audit_v1/payloads/ota_0702_008_lettsg702.txt.bin,cached_verified,
ota_0702,pref702.txt,https://llds.ling-phil.ox.ac.uk/llds/xmlui/bitstream/handle/20.500.14106/0702/pref702.txt?sequence=12&isAllowed=y,text/plain,6524,e708c00523efff6a5f55a871537b9e89bb3608d22cbb8e13415e6773e6cb2922,data/local/ilc_ota_source_audit_v1/payloads/ota_0702_009_pref702.txt.bin,cached_verified,
ota_0702,vas702.txt,https://llds.ling-phil.ox.ac.uk/llds/xmlui/bitstream/handle/20.500.14106/0702/vas702.txt?sequence=13&isAllowed=y,text/plain,64367,11c00399eccc4a01b9823bdcc71c4d63958541fdc95377634755a65dd650e427,data/local/ilc_ota_source_audit_v1/payloads/ota_0702_010_vas702.txt.bin,cached_verified,
ota_0871,tassolib-0871.txt,https://llds.ling-phil.ox.ac.uk/llds/xmlui/bitstream/handle/20.500.14106/0871/tassolib-0871.txt?sequence=4&isAllowed=y,text/plain,605719,49c602afa6d28ddda95321ab40335e296b30f4ba9206bd3b7cbc11fd02dfe732,data/local/ilc_ota_source_audit_v1/payloads/ota_0871_001_tassolib-0871.txt.bin,cached_verified,
ota_0872,tassocon-0872.txt,https://llds.ling-phil.ox.ac.uk/llds/xmlui/bitstream/handle/20.500.14106/0872/tassocon-0872.txt?sequence=4&isAllowed=y,text/plain,865556,6db3563993673a367492731c79947a1a1be405ee5f412205e689cbe777d80f68,data/local/ilc_ota_source_audit_v1/payloads/ota_0872_001_tassocon-0872.txt.bin,cached_verified,
ota_0992,bologna-0992.txt,https://llds.ling-phil.ox.ac.uk/llds/xmlui/bitstream/handle/20.500.14106/0992/bologna-0992.txt?sequence=4&isAllowed=y,text/plain,454744,63dae02de23576275f7465c866371156c3e280753ccf4ac5e6cbc8ef1d6e92ea,data/local/ilc_ota_source_audit_v1/payloads/ota_0992_001_bologna-0992.txt.bin,cached_verified,
ota_1041,furioso-1041.txt,https://llds.ling-phil.ox.ac.uk/llds/xmlui/bitstream/handle/20.500.14106/1041/furioso-1041.txt?sequence=4&isAllowed=y,text/plain,2000078,222ebe144b1cf946b12326790a78831920acec17e296d6e4cfb58bdc0c5507f1,data/local/ilc_ota_source_audit_v1/payloads/ota_1041_001_furioso-1041.txt.bin,cached_verified,
ota_1062,amori-1062.txt,https://llds.ling-phil.ox.ac.uk/llds/xmlui/bitstream/handle/20.500.14106/1062/amori-1062.txt?sequence=4&isAllowed=y,text/plain,316575,d2eabb89d6e4b5633ae0df28f6cbf9f14aa47878a802bb4d09ccd8bc4ca9eac6,data/local/ilc_ota_source_audit_v1/payloads/ota_1062_001_amori-1062.txt.bin,cached_verified,
ota_1099,tesedoc-1099.txt,https://llds.ling-phil.ox.ac.uk/llds/xmlui/bitstream/handle/20.500.14106/1099/tesedoc-1099.txt?sequence=4&isAllowed=y,text/plain,20356,1cc4b842cbf7f80e43e907d77314f145e5aa9fe32b9f3888ecadaaad14c8e458,data/local/ilc_ota_source_audit_v1/payloads/ota_1099_001_tesedoc-1099.txt.bin,cached_verified_no_extractable_primary_text,"unsupported, binary, or empty primary-text format"
ota_1099,teseide-1099.txt,https://llds.ling-phil.ox.ac.uk/llds/xmlui/bitstream/handle/20.500.14106/1099/teseide-1099.txt?sequence=5&isAllowed=y,text/plain,521952,fcc6e6c199aaef33b80d92137eaa825ef8e64da52215819718b16b4576e9e8bc,data/local/ilc_ota_source_audit_v1/payloads/ota_1099_002_teseide-1099.txt.bin,cached_verified,
ota_1100,boiardo-1100.txt,https://llds.ling-phil.ox.ac.uk/llds/xmlui/bitstream/handle/20.500.14106/1100/boiardo-1100.txt?sequence=4&isAllowed=y,text/plain,1375377,3651b320fc5c81cc008f178daf064c094564efdb6993768f2e9039a30973e746,data/local/ilc_ota_source_audit_v1/payloads/ota_1100_001_boiardo-1100.txt.bin,cached_verified,
ota_1100,boiardoc-1100.txt,https://llds.ling-phil.ox.ac.uk/llds/xmlui/bitstream/handle/20.500.14106/1100/boiardoc-1100.txt?sequence=5&isAllowed=y,text/plain,11810,88c153c0a69ea37650af4e7bfa554b1a3f4d8c0d9826e449f87763f6e29f9fe5,data/local/ilc_ota_source_audit_v1/payloads/ota_1100_002_boiardoc-1100.txt.bin,cached_verified,
ota_1120,bocac02-1120.txt,https://llds.ling-phil.ox.ac.uk/llds/xmlui/bitstream/handle/20.500.14106/1120/bocac02-1120.txt?sequence=4&isAllowed=y,text/plain,47736198,4d8e9059fd35e9decf9d00f549e5aa315d60f25d85570a4b138ab6c365fa8925,data/local/ilc_ota_source_audit_v1/payloads/ota_1120_001_bocac02-1120.txt.bin,cached_verified_no_extractable_primary_text,"unsupported, binary, or empty primary-text format"
ota_1120,bocac03-1120.txt,https://llds.ling-phil.ox.ac.uk/llds/xmlui/bitstream/handle/20.500.14106/1120/bocac03-1120.txt?sequence=5&isAllowed=y,text/plain,8123482,7cc8962f85d1a9762f9ae98c65a3015944a05a7f26fe2f8ffafc546fac1f7b87,data/local/ilc_ota_source_audit_v1/payloads/ota_1120_002_bocac03-1120.txt.bin,cached_verified_no_extractable_primary_text,"unsupported, binary, or empty primary-text format"
ota_1390,pulci-1390.txt,https://llds.ling-phil.ox.ac.uk/llds/xmlui/bitstream/handle/20.500.14106/1390/pulci-1390.txt?sequence=4&isAllowed=y,text/plain,1200906,f33a526ac0a87e9e47e1e2bd5fea70a0f8cd28c23380aa22be0b2063ce38f13e,data/local/ilc_ota_source_audit_v1/payloads/ota_1390_001_pulci-1390.txt.bin,cached_verified,
ota_1390,pulcidoc-1390.txt,https://llds.ling-phil.ox.ac.uk/llds/xmlui/bitstream/handle/20.500.14106/1390/pulcidoc-1390.txt?sequence=5&isAllowed=y,text/plain,9936,ec3850cb5ca2851821f6c79562856a9b0973d77affa64f31965ea887bab8e32f,data/local/ilc_ota_source_audit_v1/payloads/ota_1390_002_pulcidoc-1390.txt.bin,cached_verified,
ota_A06105,A06105.epub,https://llds.ling-phil.ox.ac.uk/llds/xmlui/bitstream/handle/20.500.14106/A06105/A06105.epub?sequence=4&isAllowed=y,application/epub+zip,19183,ad023cb1d1ff75de2ee854e2cb28c9b5a7ce1f9ffdc42615789b9eb1e8b5c9cd,data/local/ilc_ota_source_audit_v1/payloads/ota_A06105_001_A06105.epub.bin,cached_verified_redundant_representation,XML primary representation preferred over duplicate EPUB
ota_A06105,A06105.xml,https://llds.ling-phil.ox.ac.uk/llds/xmlui/bitstream/handle/20.500.14106/A06105/A06105.xml?sequence=6&isAllowed=y,text/xml,32202,9898a5fd6cf1f3cfc92cb6158312f77c812b493f27525ff20c08cf6b59d2b856,data/local/ilc_ota_source_audit_v1/payloads/ota_A06105_002_A06105.xml.bin,cached_verified,
ota_A07736,A07736.epub,https://llds.ling-phil.ox.ac.uk/llds/xmlui/bitstream/handle/20.500.14106/A07736/A07736.epub?sequence=4&isAllowed=y,application/epub+zip,43869,c9a79695cd2b394f91a66456256e8f035f96e66c1fed6ffd2739f7b602c79a32,data/local/ilc_ota_source_audit_v1/payloads/ota_A07736_001_A07736.epub.bin,cached_verified_redundant_representation,XML primary representation preferred over duplicate EPUB
ota_A07736,A07736.xml,https://llds.ling-phil.ox.ac.uk/llds/xmlui/bitstream/handle/20.500.14106/A07736/A07736.xml?sequence=7&isAllowed=y,text/xml,239790,ca05ad90b2f917d72a956d2b5042df4489cfe1595de41aa289bbb7be69f378a2,data/local/ilc_ota_source_audit_v1/payloads/ota_A07736_002_A07736.xml.bin,cached_verified,
ota_A09314,A09314.epub,https://llds.ling-phil.ox.ac.uk/llds/xmlui/bitstream/handle/20.500.14106/A09314/A09314.epub?sequence=4&isAllowed=y,application/epub+zip,86129,212f26824feb2577d0eaffcef1e3c90e453f74af38f4899060048004b32bfdf2,data/local/ilc_ota_source_audit_v1/payloads/ota_A09314_001_A09314.epub.bin,cached_verified_redundant_representation,XML primary representation preferred over duplicate EPUB
ota_A09314,A09314.xml,https://llds.ling-phil.ox.ac.uk/llds/xmlui/bitstream/handle/20.500.14106/A09314/A09314.xml?sequence=6&isAllowed=y,text/xml,110414,3d95ab0f37883f49e683f184b7fbd0b71d0d2a5773f23331fb4f1b05b7d8bbda,data/local/ilc_ota_source_audit_v1/payloads/ota_A09314_002_A09314.xml.bin,cached_verified,
ota_A09485,A09485.epub,https://llds.ling-phil.ox.ac.uk/llds/xmlui/bitstream/handle/20.500.14106/A09485/A09485.epub?sequence=4&isAllowed=y,application/epub+zip,45543,664010a8cd2decdb6036ad6bc4b1f52d94ef9d5e4fdae6fe60ba9f39fd8da4ee,data/local/ilc_ota_source_audit_v1/payloads/ota_A09485_001_A09485.epub.bin,cached_verified_redundant_representation,XML primary representation preferred over duplicate EPUB
ota_A09485,A09485.xml,https://llds.ling-phil.ox.ac.uk/llds/xmlui/bitstream/handle/20.500.14106/A09485/A09485.xml?sequence=6&isAllowed=y,text/xml,117033,78514bd353ce374b270da2fa5f067d57a0e27e69d8109667303f87958e6b5d4d,data/local/ilc_ota_source_audit_v1/payloads/ota_A09485_002_A09485.xml.bin,cached_verified,
ota_A13338,A13338.epub,https://llds.ling-phil.ox.ac.uk/llds/xmlui/bitstream/handle/20.500.14106/A13338/A13338.epub?sequence=3&isAllowed=y,application/epub+zip,46379,aef7fcddc01db05b1d2e3e3f630a510a455a37190aea2c4258fc32ba9b53c422,data/local/ilc_ota_source_audit_v1/payloads/ota_A13338_001_A13338.epub.bin,cached_verified_redundant_representation,XML primary representation preferred over duplicate EPUB
ota_A13338,A13338.xml,https://llds.ling-phil.ox.ac.uk/llds/xmlui/bitstream/handle/20.500.14106/A13338/A13338.xml?sequence=5&isAllowed=y,text/xml,108511,188f0782cb92befd9f54b64b997e054535651c0f99a2c3a046cc1b78fd194562,data/local/ilc_ota_source_audit_v1/payloads/ota_A13338_002_A13338.xml.bin,cached_verified,
ota_A14162,A14162.epub,https://llds.ling-phil.ox.ac.uk/llds/xmlui/bitstream/handle/20.500.14106/A14162/A14162.epub?sequence=4&isAllowed=y,application/epub+zip,63844,845bc2fb391c4ce16a0984c3799d1a319460f2462020c9d698e5c792e3dcd9c6,data/local/ilc_ota_source_audit_v1/payloads/ota_A14162_001_A14162.epub.bin,cached_verified_redundant_representation,XML primary representation preferred over duplicate EPUB
ota_A14162,A14162.xml,https://llds.ling-phil.ox.ac.uk/llds/xmlui/bitstream/handle/20.500.14106/A14162/A14162.xml?sequence=6&isAllowed=y,text/xml,178760,9051f8d647adb7934618f0904acb9e9fb8b8e8ed82865210ce1f128a5b90a427,data/local/ilc_ota_source_audit_v1/payloads/ota_A14162_002_A14162.xml.bin,cached_verified,
ota_A14163,A14163.epub,https://llds.ling-phil.ox.ac.uk/llds/xmlui/bitstream/handle/20.500.14106/A14163/A14163.epub?sequence=4&isAllowed=y,application/epub+zip,85590,56995f53b7ea6d08b0ef44d7862113044364b86e7ab84a85187e70e177bcaf31,data/local/ilc_ota_source_audit_v1/payloads/ota_A14163_001_A14163.epub.bin,cached_verified_redundant_representation,XML primary representation preferred over duplicate EPUB
ota_A14163,A14163.xml,https://llds.ling-phil.ox.ac.uk/llds/xmlui/bitstream/handle/20.500.14106/A14163/A14163.xml?sequence=6&isAllowed=y,text/xml,237509,1036486313c61a3dd6de1f587ff7da70dd10d7c8417a958a9a4f929b9a34f9b8,data/local/ilc_ota_source_audit_v1/payloads/ota_A14163_002_A14163.xml.bin,cached_verified,
ota_A14165,A14165.epub,https://llds.ling-phil.ox.ac.uk/llds/xmlui/bitstream/handle/20.500.14106/A14165/A14165.epub?sequence=4&isAllowed=y,application/epub+zip,47272,6095713c98df1bb76664fcc64781a4de542ef903c2bd66c8c4d319017f193296,data/local/ilc_ota_source_audit_v1/payloads/ota_A14165_001_A14165.epub.bin,cached_verified_redundant_representation,XML primary representation preferred over duplicate EPUB
ota_A14165,A14165.xml,https://llds.ling-phil.ox.ac.uk/llds/xmlui/bitstream/handle/20.500.14106/A14165/A14165.xml?sequence=6&isAllowed=y,text/xml,134378,5a389c76c772a6cf2683a67c2d3e8f98e142e09a38dce6f6a065577a629d7103,data/local/ilc_ota_source_audit_v1/payloads/ota_A14165_002_A14165.xml.bin,cached_verified,
ota_A14166,A14166.epub,https://llds.ling-phil.ox.ac.uk/llds/xmlui/bitstream/handle/20.500.14106/A14166/A14166.epub?sequence=4&isAllowed=y,application/epub+zip,47324,ae9ee78beceee10764e397d18a88b6d492f8441817dcb93514bbb88f5f6a8a85,data/local/ilc_ota_source_audit_v1/payloads/ota_A14166_001_A14166.epub.bin,cached_verified_redundant_representation,XML primary representation preferred over duplicate EPUB
ota_A14166,A14166.xml,https://llds.ling-phil.ox.ac.uk/llds/xmlui/bitstream/handle/20.500.14106/A14166/A14166.xml?sequence=6&isAllowed=y,text/xml,57691,7e1e1f259cc95cd55fba6188f725a7487aa11f6df3e95dd7e18265b37e9ac2b5,data/local/ilc_ota_source_audit_v1/payloads/ota_A14166_002_A14166.xml.bin,cached_verified,
ota_A14167,A14167.epub,https://llds.ling-phil.ox.ac.uk/llds/xmlui/bitstream/handle/20.500.14106/A14167/A14167.epub?sequence=4&isAllowed=y,application/epub+zip,76633,a10d024056598a4a8e9d66ace588c92086a6d8edc82bc04be01cf1c8c5e91dc4,data/local/ilc_ota_source_audit_v1/payloads/ota_A14167_001_A14167.epub.bin,cached_verified_redundant_representation,XML primary representation preferred over duplicate EPUB
ota_A14167,A14167.xml,https://llds.ling-phil.ox.ac.uk/llds/xmlui/bitstream/handle/20.500.14106/A14167/A14167.xml?sequence=6&isAllowed=y,text/xml,191376,8c58b9fcc3d28b8086a0c556593a2b0a67fdd1c014ff42b1b67e228e25f8f174,data/local/ilc_ota_source_audit_v1/payloads/ota_A14167_002_A14167.xml.bin,cached_verified,
ota_A14168,A14168.epub,https://llds.ling-phil.ox.ac.uk/llds/xmlui/bitstream/handle/20.500.14106/A14168/A14168.epub?sequence=4&isAllowed=y,application/epub+zip,38898,2cc12200d3ac841633166f59be2f050d81d2bb275813fd32562950c59c23064c,data/local/ilc_ota_source_audit_v1/payloads/ota_A14168_001_A14168.epub.bin,cached_verified_redundant_representation,XML primary representation preferred over duplicate EPUB
ota_A14168,A14168.xml,https://llds.ling-phil.ox.ac.uk/llds/xmlui/bitstream/handle/20.500.14106/A14168/A14168.xml?sequence=6&isAllowed=y,text/xml,97115,7a7cb5f2f0950998dfbae7b38460dfc6a018afe2a74e11875e7e77393f4c20c6,data/local/ilc_ota_source_audit_v1/payloads/ota_A14168_002_A14168.xml.bin,cached_verified,
ota_A14169,A14169.epub,https://llds.ling-phil.ox.ac.uk/llds/xmlui/bitstream/handle/20.500.14106/A14169/A14169.epub?sequence=4&isAllowed=y,application/epub+zip,111924,ed29b298ddbd0a4a647036969211b88c3c928d538403d1e4e2a6dd97a3399403,data/local/ilc_ota_source_audit_v1/payloads/ota_A14169_001_A14169.epub.bin,cached_verified_redundant_representation,XML primary representation preferred over duplicate EPUB
ota_A14169,A14169.xml,https://llds.ling-phil.ox.ac.uk/llds/xmlui/bitstream/handle/20.500.14106/A14169/A14169.xml?sequence=6&isAllowed=y,text/xml,347975,10bdb1cbf9631226b2021743d01f6039eda5cc81785809877e2ebe88eb3adc81,data/local/ilc_ota_source_audit_v1/payloads/ota_A14169_002_A14169.xml.bin,cached_verified,
ota_A18325,A18325.epub,https://llds.ling-phil.ox.ac.uk/llds/xmlui/bitstream/handle/20.500.14106/A18325/A18325.epub?sequence=4&isAllowed=y,application/epub+zip,52503,66e8add924932c39b8149fc7e38bb4cab613c1119a3dbbf37c13b640ba88f283,data/local/ilc_ota_source_audit_v1/payloads/ota_A18325_001_A18325.epub.bin,cached_verified_redundant_representation,XML primary representation preferred over duplicate EPUB
ota_A18325,A18325.xml,https://llds.ling-phil.ox.ac.uk/llds/xmlui/bitstream/handle/20.500.14106/A18325/A18325.xml?sequence=7&isAllowed=y,text/xml,162110,9dcb9a2d04cfbb4c385d060c41ffee131fac38bafefa5c3a129e8c0eacdc0f05,data/local/ilc_ota_source_audit_v1/payloads/ota_A18325_002_A18325.xml.bin,cached_verified,
ota_A22695,A22695.epub,https://llds.ling-phil.ox.ac.uk/llds/xmlui/bitstream/handle/20.500.14106/A22695/A22695.epub?sequence=4&isAllowed=y,application/epub+zip,15750,ad3f0c071b90de5e7750f35a3ed02c40aaf288f86949e9b9809dca34cf57bb05,data/local/ilc_ota_source_audit_v1/payloads/ota_A22695_001_A22695.epub.bin,cached_verified_redundant_representation,XML primary representation preferred over duplicate EPUB
ota_A22695,A22695.xml,https://llds.ling-phil.ox.ac.uk/llds/xmlui/bitstream/handle/20.500.14106/A22695/A22695.xml?sequence=6&isAllowed=y,text/xml,18670,43ae93f71929eeee5492607272c395e954f5bde9f1fc382d5e1d5be92600310d,data/local/ilc_ota_source_audit_v1/payloads/ota_A22695_002_A22695.xml.bin,cached_verified,
ota_A72536,A72536.epub,https://llds.ling-phil.ox.ac.uk/llds/xmlui/bitstream/handle/20.500.14106/A72536/A72536.epub?sequence=4&isAllowed=y,application/epub+zip,76783,e0adeb90bfc6e9515ec508f3210c2fc08b7f830d525b7d5858d014386c76f996,data/local/ilc_ota_source_audit_v1/payloads/ota_A72536_001_A72536.epub.bin,cached_verified_redundant_representation,XML primary representation preferred over duplicate EPUB
ota_A72536,A72536.xml,https://llds.ling-phil.ox.ac.uk/llds/xmlui/bitstream/handle/20.500.14106/A72536/A72536.xml?sequence=6&isAllowed=y,text/xml,202869,b4b8eeb96493baecfcfe3aafdc2966bf7576988b017c1cc40e0af91fb95894a4,data/local/ilc_ota_source_audit_v1/payloads/ota_A72536_002_A72536.xml.bin,cached_verified,
ota_A91763,A91763.epub,https://llds.ling-phil.ox.ac.uk/llds/xmlui/bitstream/handle/20.500.14106/A91763/A91763.epub?sequence=4&isAllowed=y,application/epub+zip,17963,2f6ae5e5b8cb630867a542e65cb9e50203c25c4068b8a101f28e0e113011383a,data/local/ilc_ota_source_audit_v1/payloads/ota_A91763_001_A91763.epub.bin,cached_verified_redundant_representation,XML primary representation preferred over duplicate EPUB
ota_A91763,A91763.xml,https://llds.ling-phil.ox.ac.uk/llds/xmlui/bitstream/handle/20.500.14106/A91763/A91763.xml?sequence=6&isAllowed=y,text/xml,21704,b7793715165fe7c3a8a56d74a1bd758cd8e24e03a330a69b805c69e878613d0a,data/local/ilc_ota_source_audit_v1/payloads/ota_A91763_002_A91763.xml.bin,cached_verified,
ota_B08182,B08182.epub,https://llds.ling-phil.ox.ac.uk/llds/xmlui/bitstream/handle/20.500.14106/B08182/B08182.epub?sequence=4&isAllowed=y,application/epub+zip,122260,b5c13539e75e322b4bdeabbc900ff2c656657b014992c1baffcfed2a4cafddb0,data/local/ilc_ota_source_audit_v1/payloads/ota_B08182_001_B08182.epub.bin,cached_verified_redundant_representation,XML primary representation preferred over duplicate EPUB
ota_B08182,B08182.xml,https://llds.ling-phil.ox.ac.uk/llds/xmlui/bitstream/handle/20.500.14106/B08182/B08182.xml?sequence=6&isAllowed=y,text/xml,370448,6a159f5daae8c72d5ee1ccbed57aa8c0e737b26a755189485fa38432aca6241c,data/local/ilc_ota_source_audit_v1/payloads/ota_B08182_002_B08182.xml.bin,cached_verified,
