candidate_id,ebook_id,title,source_kind,stanza_pattern,first_line,last_line,source_text_sha256,review_resolution,review_rationale
pg6938:char70679-71603,6938,"Rime di Tullia d'Aragona, cortigiana del secolo XVI",structural_14_line,14,"[41] ""Le meretrici non possino portare vesti di drappo e seta d'alcuna","_Legislazione toscana_, vol. I, pag. 332).",2b0445b7e028c8ba02ca674f99bf732470e291aa44677117318dbcb407f885e7,exclude_not_sonnet,"Fourteen-line detector window is a quoted statute in a footnote, not verse or a sonnet."
pg6938:char80613-81354,6938,"Rime di Tullia d'Aragona, cortigiana del secolo XVI",structural_14_line,8-6,"Sveglia messer Brandisio, e fagli offerta","rispettato, e l'accolse benignamente con ogni onore.",80b81862d3669738e57a13658d0eedde7bce24774c4e66b74a132745a4da1ad1,exclude_not_sonnet,"Window combines narrative ottava material and prose annotation, not a bounded sonnet."
pg11685:char12551-12971,11685,L'Endimione,structural_14_line,14,DIA.,A prenderti piacer della mia pena.,ea9740bc1ca2c52f74c153388671f2b9012b1095fe2ae5d7ba81a99387a8638c,exclude_not_sonnet,"Fourteen-line detector window is continuous operatic dialogue, not a bounded sonnet."
pg11685:char21724-22083,11685,L'Endimione,structural_14_line,4-4-6,Dall'alma mia costante,Toglimi di tua mano ancor la vita.,0417e7bda1f0cd2f277a4512da0dd755e631eca38c2cbc38401950e978b93e5f,exclude_not_sonnet,"Fourteen-line detector window is continuous operatic dialogue, not a bounded sonnet."
pg11685:char25911-26366,11685,L'Endimione,structural_14_line,4-4-6,"Chi provato ha la procella,",Solo per trionfar composi e finsi.,58fcf6fd98d1519dd1b9777773e328cf5b249c411b0c1f052504a4c93537f85c,exclude_not_sonnet,"Fourteen-line detector window is continuous operatic dialogue, not a bounded sonnet."
pg11685:char27964-28402,11685,L'Endimione,structural_14_line,14,AMO.,In fin dall'Istro a vagheggiar ne viene.,29f50317bb6763bbd51d5a138feaf7715d6af411b4afc176a9fbc6bba71f5677,exclude_not_sonnet,"Fourteen-line detector window is continuous operatic dialogue, not a bounded sonnet."
pg17671:char30282-30891,17671,Poesie scelte,structural_14_line,14,"Francesca,","M'avria... colei, che per sempre ho perduta.",332711c91ea71acdd05e5ba2f72915a53cca7ded25fb8fca023651435c267fa9,exclude_not_sonnet,"Fourteen-line detector window is continuous dramatic dialogue, not a bounded sonnet."
pg17671:char32896-33503,17671,Poesie scelte,structural_14_line,14,Il giorno che a Ravenna io giunsi,"Quel giorno, ma t'amai fin da quel giorno.",05e22d9e44b96cf969c650aaa581187284b86bec6a580f6e15787c8900dd56d7,exclude_not_sonnet,"Fourteen-line detector window is continuous dramatic dialogue, not a bounded sonnet."
pg17671:char46995-47579,17671,Poesie scelte,structural_14_line,14,Vaneggio?... Voi raccapricciate?...--Oh Guido!,A calpestarlo verrà forse!,01c319401a6f3d412c880dd22608a28d101aa3c7ce8ae899c129b692192f6a23,exclude_not_sonnet,"Fourteen-line detector window is continuous dramatic dialogue, not a bounded sonnet."
pg17671:char51796-52375,17671,Poesie scelte,structural_14_line,14,Io vengo,Al rammentarlo.,63d2036d9d2c7afbe5024628c4a996829f60f939059b0b22f3b6eb95a97b8b8d,exclude_not_sonnet,"Fourteen-line detector window is continuous dramatic dialogue, not a bounded sonnet."
pg17687:char23046-23653,17687,Il libro delle figurazioni ideali,structural_14_line,14,Innalzan l'incensier' l'aroma a spire,mentre indaga alle tombe il Villanuova.,13248106a7a9adf7134667e131c1f7b8baf95fed3c5c78507e61e8190899acd6,accept_structurally_verified_standard_sonnet,Bounded fourteen-line Italian poem has a coherent sonnet octave-and-sestet or quatrain-and-tercet rhyme structure.
pg17687:char23660-24237,17687,Il libro delle figurazioni ideali,structural_14_line,8-6,Corse tra selve oscure e paurose,e cavalcate di Madonne e Magi.,c462b9eca08da91ea169d8afb817d4f7ceaf1a9154b34311702c7c9c0b2e31e0,accept_structurally_verified_standard_sonnet,Bounded fourteen-line Italian poem has a coherent sonnet octave-and-sestet or quatrain-and-tercet rhyme structure.
pg17687:char24631-25234,17687,Il libro delle figurazioni ideali,structural_14_line,8-6,"Io son la bella Oriana e il seggio mio,",vengan le Dame in lunga carovana.,851f6bdc4596b1a15bce297a35f1e22c52eb615e5e0351654716d47a4faa0c90,accept_structurally_verified_standard_sonnet,Bounded fourteen-line Italian poem has a coherent sonnet octave-and-sestet or quatrain-and-tercet rhyme structure.
pg17687:char25247-25851,17687,Il libro delle figurazioni ideali,structural_14_line,8-6,"E noi veniamo a te, strana Maliarda,",squilla per noi la più ardita canzone.,f100b442ff53750af3ebba12fad740ae66069857cd7152a9830047ad8d07cb03,accept_structurally_verified_standard_sonnet,Bounded fourteen-line Italian poem has a coherent sonnet octave-and-sestet or quatrain-and-tercet rhyme structure.
pg17687:char25863-26470,17687,Il libro delle figurazioni ideali,structural_14_line,8-6,"E noi veniamo a te, strana Sirena,",sotto il bacio dei tuoi fatali Eletti.,2d5b6ce2788ac3d9b066e3c04f4f9f51491e077316606dbbfb5a03ac6be4bc51,accept_structurally_verified_standard_sonnet,Bounded fourteen-line Italian poem has a coherent sonnet octave-and-sestet or quatrain-and-tercet rhyme structure.
pg17687:char26498-27090,17687,Il libro delle figurazioni ideali,structural_14_line,8-6,"E noi ridiam di te, delle Chimere,",la triste forma della Maga Oriana.,d762e04b8f08c1fc1d9d1255d4c0135420917207df8acaaf401dcf0e0dc9d44f,accept_structurally_verified_standard_sonnet,Bounded fourteen-line Italian poem has a coherent sonnet octave-and-sestet or quatrain-and-tercet rhyme structure.
pg17687:char27208-27818,17687,Il libro delle figurazioni ideali,structural_14_line,8-6,S'erge il trono di bronzo e stanno intorno,aspettan la Sua vista riverenti.,169d74b71bcbb6c3149a4cd9f60998a9a9af46dab9a714ed15fb77aaff97aeb3,accept_structurally_verified_standard_sonnet,Bounded fourteen-line Italian poem has a coherent sonnet octave-and-sestet or quatrain-and-tercet rhyme structure.
pg17687:char27989-28569,17687,Il libro delle figurazioni ideali,structural_14_line,8-6,"Libero il cuore e con l'acuta mente,","«Mondo, al vegliar delle coscienze ardite.»",305d189ee159cec5f559793c5bda7050728d5908e6fb0b9219fd8124560498f2,accept_structurally_verified_standard_sonnet,Bounded fourteen-line Italian poem has a coherent sonnet octave-and-sestet or quatrain-and-tercet rhyme structure.
pg17687:char28746-29347,17687,Il libro delle figurazioni ideali,structural_14_line,8-6,«I ricchi mercatanti di Tangeri,"«a ridur perle ed ambre e argento eletto,",c1bd2b635933297e5e08265e55f532d07e9bbd01ba10f1f8cca8d88228dec5d3,accept_structurally_verified_standard_sonnet,Bounded fourteen-line Italian poem has a coherent sonnet octave-and-sestet or quatrain-and-tercet rhyme structure.
pg17687:char29523-30128,17687,Il libro delle figurazioni ideali,structural_14_line,8-6,"«Quindi, vagare le galee vermiglie,",«e guida nuda Oriana e strofe e coro.,c91241bb46109c2608e8801c44e7b0470d90b6aace70a57128746677b7a406c7,accept_structurally_verified_standard_sonnet,Bounded fourteen-line Italian poem has a coherent sonnet octave-and-sestet or quatrain-and-tercet rhyme structure.
pg17687:char30304-30903,17687,Il libro delle figurazioni ideali,structural_14_line,8-6,"«Ma Oriana sta nelli ampi suoi verzieri,",«corrente mette capo ad Acheronte.»,c1e17a645d7af1b64e178a24c6f7e34e89b277c48ff147fa5d1c34ad7cdd91ea,accept_structurally_verified_standard_sonnet,Bounded fourteen-line Italian poem has a coherent sonnet octave-and-sestet or quatrain-and-tercet rhyme structure.
pg17687:char31066-31661,17687,Il libro delle figurazioni ideali,structural_14_line,8-6,Ed ammonia: «Così io; dalla stanza,«dei biondi teschi accorrà lo sparviere.»,979edc795d1b4b8692d983160f0a32f8e22e2f8acccc223539d6b66f4c9c6fb2,accept_structurally_verified_standard_sonnet,Bounded fourteen-line Italian poem has a coherent sonnet octave-and-sestet or quatrain-and-tercet rhyme structure.
pg17687:char32034-32629,17687,Il libro delle figurazioni ideali,structural_14_line,8-6,"Prostesa Ella fatale e sovrumana,","«Sempre sperando nel sogno, o Fratelli!»",ac1543480a1b5880ced8108495ec441b1f2e12317471b195c57760e602cf744f,accept_structurally_verified_standard_sonnet,Bounded fourteen-line Italian poem has a coherent sonnet octave-and-sestet or quatrain-and-tercet rhyme structure.
pg17687:char32809-33389,17687,Il libro delle figurazioni ideali,structural_14_line,8-6,Videro le Galee rider dal mare,veleggiar per region' non pria tentate.,49f44eaef2aaa35469c49b0e6aeca4bf05a1887aa4fc58503108efbf20c2e8bd,accept_structurally_verified_standard_sonnet,Bounded fourteen-line Italian poem has a coherent sonnet octave-and-sestet or quatrain-and-tercet rhyme structure.
pg17687:char33574-34163,17687,Il libro delle figurazioni ideali,structural_14_line,8-6,«Già le bracie splendettero ai fornelli,dell'Or che l'alambicco non appaga.,ceaccc66af0d7099db3ff4248fc08feba45201092e9eba59cf75b7ac997c135e,accept_structurally_verified_standard_sonnet,Bounded fourteen-line Italian poem has a coherent sonnet octave-and-sestet or quatrain-and-tercet rhyme structure.
pg17687:char34343-34933,17687,Il libro delle figurazioni ideali,structural_14_line,8-6,Acrasia c'invitava ai suoi festini,"oltre al Signor, siede Illusione in groppa:",d96e53dde694a4e9ff7290abe91e45934fcd93b63cc664bae5690e173ba6b403,accept_structurally_verified_standard_sonnet,Bounded fourteen-line Italian poem has a coherent sonnet octave-and-sestet or quatrain-and-tercet rhyme structure.
pg17687:char35123-35704,17687,Il libro delle figurazioni ideali,structural_14_line,8-6,Suonâr le note or meste ed or giulive,a ricercare il Verbo dell'Amore.,81f63655c4e3105d86b382c3bd6ae5dc5480f7ae67503d31d33ff5e000cab799,accept_structurally_verified_standard_sonnet,Bounded fourteen-line Italian poem has a coherent sonnet octave-and-sestet or quatrain-and-tercet rhyme structure.
pg17687:char35901-36511,17687,Il libro delle figurazioni ideali,structural_14_line,8-6,"Disse Gloriana, e via per le fiorite","salutasse all'arrivo, erto in sul lito.",e9e3a2cc2c444abfd8bd373951151f30cb90fd27e67f57d048312e9847c94ce6,accept_structurally_verified_standard_sonnet,Bounded fourteen-line Italian poem has a coherent sonnet octave-and-sestet or quatrain-and-tercet rhyme structure.
pg17687:char36698-37296,17687,Il libro delle figurazioni ideali,structural_14_line,8-6,"Più avanti, avanti ancora. I miei palazzi,",baci alle donne ed anima ai misteri!,62d99c8dd6b7b2a1391fff2bb49a10827292b75977ee57139463304962f62041,accept_structurally_verified_standard_sonnet,Bounded fourteen-line Italian poem has a coherent sonnet octave-and-sestet or quatrain-and-tercet rhyme structure.
pg17687:char37474-38085,17687,Il libro delle figurazioni ideali,structural_14_line,8-6,E ancora e sempre avanti; e se i palagi,come vessillo per l'immensa piana.,2e7c5c982043cde4dc2f934c31858bcf73d319226ccd78853a0f4716928d9b1b,accept_structurally_verified_standard_sonnet,Bounded fourteen-line Italian poem has a coherent sonnet octave-and-sestet or quatrain-and-tercet rhyme structure.
pg17687:char56339-56923,17687,Il libro delle figurazioni ideali,structural_14_line,8-6,Leziosa pastorella incipriata,a cantarvi l'omaggi trionfali.,418b414351c1d6f196d3f2ead36376f81c19af214c31d93c52c68e21e2785368,accept_structurally_verified_standard_sonnet,Bounded fourteen-line Italian poem has a coherent sonnet octave-and-sestet or quatrain-and-tercet rhyme structure.
pg17687:char56930-57515,17687,Il libro delle figurazioni ideali,structural_14_line,8-6,"Idolo strano, sotto un padiglione","la mia voce, divina incantatrice!",a371aac8eb206e48698924026a904d79745cccb39af11322188930209b102967,accept_structurally_verified_standard_sonnet,Bounded fourteen-line Italian poem has a coherent sonnet octave-and-sestet or quatrain-and-tercet rhyme structure.
pg17687:char57523-58107,17687,Il libro delle figurazioni ideali,structural_14_line,8-6,"I miei Desiri, cupidi sparvieri,",mentre il riso ringrazia alli sparvieri.,779afcd860b10bbf7e670fb2a223563dc33902fc2e1c332b7275a379a890616c,accept_structurally_verified_standard_sonnet,Bounded fourteen-line Italian poem has a coherent sonnet octave-and-sestet or quatrain-and-tercet rhyme structure.
pg17687:char58114-58712,17687,Il libro delle figurazioni ideali,structural_14_line,8-6,"Tenea sotto un broccato a padiglione,",lasciâr la Coppa muta di splendori.,a508038c9899cb404bffb3b959e87b41229e5ae217d997d18dab96b8ff478d08,accept_structurally_verified_standard_sonnet,Bounded fourteen-line Italian poem has a coherent sonnet octave-and-sestet or quatrain-and-tercet rhyme structure.
pg17687:char58718-59309,17687,Il libro delle figurazioni ideali,structural_14_line,8-6,Mitico serpe candido e rosato,"nè cessano, morendo, l'armonia.",4d43ecec0f77b84511427b9dfc6f67dec269f4fe5b7cfbe715b071c0d45da40a,accept_structurally_verified_standard_sonnet,Bounded fourteen-line Italian poem has a coherent sonnet octave-and-sestet or quatrain-and-tercet rhyme structure.
pg17687:char59316-59899,17687,Il libro delle figurazioni ideali,structural_14_line,8-6,"Stava nel Tempio, dove io solo adoro,",fattura e stolto più l'amarla.»,90b768740a5412557b7cf4839bad60ae469a610d7b08eed248f900f864760c0e,accept_structurally_verified_standard_sonnet,Bounded fourteen-line Italian poem has a coherent sonnet octave-and-sestet or quatrain-and-tercet rhyme structure.
pg17687:char59907-60490,17687,Il libro delle figurazioni ideali,structural_14_line,8-6,"Penelope moderna, dalle spole",nè disfate: e la tela è un fazzoletto.,fdab7b892dd0dc9f9cecbd086d56816ce531c890cfd22ecead443e34df39ef65,accept_structurally_verified_standard_sonnet,Bounded fourteen-line Italian poem has a coherent sonnet octave-and-sestet or quatrain-and-tercet rhyme structure.
pg17687:char60499-61099,17687,Il libro delle figurazioni ideali,structural_14_line,8-6,"Il tappeto su cui, Bella, danzate","l'occhio ridendo ancor, calmo e divino.",6dbf14f109b0c4f7aef8a25a3fd7b8a562a32e766641cb6375828abe016d2dbf,accept_structurally_verified_standard_sonnet,Bounded fourteen-line Italian poem has a coherent sonnet octave-and-sestet or quatrain-and-tercet rhyme structure.
pg17687:char61106-61703,17687,Il libro delle figurazioni ideali,structural_14_line,8-6,Coi lucidi guinzagli il buon Valletto,"ebra, la mente al suo Piacere Iddio.",1a0edd1c51e86358befccc1567dc79e03e43c76d886cb7cd1edddfff06c2a7e8,accept_structurally_verified_standard_sonnet,Bounded fourteen-line Italian poem has a coherent sonnet octave-and-sestet or quatrain-and-tercet rhyme structure.
pg17687:char61709-62300,17687,Il libro delle figurazioni ideali,structural_14_line,8-6,"Ma poi ch'io diverrò canuto e affranto,",tenterò flebilmente la Romanza.,7f8064392d390960fa21c15e73792f8f988aa7a28f6de6545d7735d78b2109b6,accept_structurally_verified_standard_sonnet,Bounded fourteen-line Italian poem has a coherent sonnet octave-and-sestet or quatrain-and-tercet rhyme structure.
pg17687:char63270-63858,17687,Il libro delle figurazioni ideali,structural_14_line,14,"Il plenilunio sta, Dame e Messeri,",coi mirabil'incanti della notte.,4738e72dd490a9987ce8b458c2b704a4c8bcf7662fe3afc1ba226146aa923d39,accept_structurally_verified_standard_sonnet,Bounded fourteen-line Italian poem has a coherent sonnet octave-and-sestet or quatrain-and-tercet rhyme structure.
pg17687:char83648-84055,17687,Il libro delle figurazioni ideali,structural_14_line,14,Il preludio del giorno,"e avanti ancor, cantiamo.",18dc8be6807b3fbf3cff0945b17e64047c3d8139106d219a40e3248a1a63ef2a,exclude_not_sonnet,"Fourteen short refrain-like lines form a dramatic air, not a standard sonnet."
pg17687:char85066-85633,17687,Il libro delle figurazioni ideali,structural_14_line,8-6,"Sbuffò il polledro ancor, nè pel deserto","«vado, alla Morte!»",6f00ffdad457cfb9cadda7b04fff305b31cb06d625c7c840842a0e094b6a4d56,exclude_not_sonnet,"Window is the tail of a longer narrative passage with irregular stanza structure, not a sonnet."
pg17905:char41588-42143,17905,Vecchie cadenze e nuove,structural_14_line,4-4-3-3,"Vorrei, se fossi il Re delle magìe,",Farei nel core gli amorosi incanti.,24217be5850b146dfa4440b75dedefb0fd553f1410956175d7496465fc96184b,accept_structurally_verified_standard_sonnet,Bounded fourteen-line Italian poem has a coherent sonnet octave-and-sestet or quatrain-and-tercet rhyme structure.
pg17905:char42152-42716,17905,Vecchie cadenze e nuove,structural_14_line,4-4-3-3,"Allora, o verga magica, vorrei","A chieder grazia, disciogliendo il crine.",7d5620382fa2922dc2f1652835d8863bb82d95af7886f703b2a35ffa0c098201,accept_structurally_verified_standard_sonnet,Bounded fourteen-line Italian poem has a coherent sonnet octave-and-sestet or quatrain-and-tercet rhyme structure.
pg17905:char42726-43287,17905,Vecchie cadenze e nuove,structural_14_line,4-4-3-3,Al nuovo cenno si aprirebbe il coro,E tramutato il mondo in Norimberga.,cf0ca11963eaae5304d8bb7a28ab2a13e8e012871ea618c147a2cd73edb05d6f,accept_structurally_verified_standard_sonnet,Bounded fourteen-line Italian poem has a coherent sonnet octave-and-sestet or quatrain-and-tercet rhyme structure.
pg17905:char122406-122980,17905,Vecchie cadenze e nuove,structural_14_line,4-4-3-3,"Ombre placide e molli, ombre silenti",Ed il fuggire d'una rosea vesta.,130c560003259d8c066eb894982aedbdf0b620ec1ea07ed47227f58fa695fa27,accept_structurally_verified_standard_sonnet,Bounded fourteen-line Italian poem has a coherent sonnet octave-and-sestet or quatrain-and-tercet rhyme structure.
pg17905:char123010-123548,17905,Vecchie cadenze e nuove,structural_14_line,4-4-3-3,Mentre le luci di mia vita a poco,A ricercar le vecchie corde invano.,bd86671d9022934f829ac03f5e8af5c43c85ca2a62fe7ab8087f1c3b9d62ebc7,accept_structurally_verified_standard_sonnet,Bounded fourteen-line Italian poem has a coherent sonnet octave-and-sestet or quatrain-and-tercet rhyme structure.
pg17906:char62994-63886,17906,Libro proibito,structural_14_line,14,"[22] L'opinione, accreditata dai pedanti, che la vitalità dì un",di lingua.,93d1b7e88f66977aa81fe9e5a15dc8e934c12aa96b1b33932fc683b1f8182ac8,exclude_not_sonnet,"Fourteen-line detector window is prose footnote material, not verse or a bounded sonnet."
pg19428:char21555-22177,19428,Le nostalgie,structural_14_line,14,"Ella avea chiuso gli occhi, e quasi inconsciente",E con le labbra ardenti le dolci labbra prese.,837fd176200e05e447ad96a39f5c9bdc50ed3e40c7bbce1bc4f4e63b49b2ae61,exclude_not_sonnet,"Fourteen-line window is a continuous narrative passage, not a bounded sonnet."
pg19428:char34527-35018,19428,Le nostalgie,structural_14_line,4-4-3-3,O felice la Grecia! Sensüale,Era indulgente per la stirpe umana.,afb06738f3016c037f179906b31648137acfa92d55620701f3f97d2f0e462dbd,accept_structurally_verified_standard_sonnet,Bounded fourteen-line Italian poem has a coherent sonnet octave-and-sestet or quatrain-and-tercet rhyme structure.
pg19428:char35024-35544,19428,Le nostalgie,structural_14_line,4-4-3-3,E nella ferrea età medioevale,Con la corazza da uno stral trafitta.,490aa7392c17e2e72aaf3a0813e06fa8d6e200b27d215db294976536ad6cdf02,accept_structurally_verified_standard_sonnet,Bounded fourteen-line Italian poem has a coherent sonnet octave-and-sestet or quatrain-and-tercet rhyme structure.
pg19428:char35552-36066,19428,Le nostalgie,structural_14_line,4-4-3-3,"Poi divenne l'amor falso, elegante,",Col core pronto ai capricciosi eventi.,2c69646d9fb054850f9e6b6a9d188f3b54b72ec01e422e0b8b851a73b52e4fd2,accept_structurally_verified_standard_sonnet,Bounded fourteen-line Italian poem has a coherent sonnet octave-and-sestet or quatrain-and-tercet rhyme structure.
pg19428:char36076-36611,19428,Le nostalgie,structural_14_line,4-4-3-3,Nella vita moderna comprendiamo,E sogniam d'Abelardo e d'Eloisa.,b6addef365d760158a3a5681fb2e47ac199271a83441c4c4c2bbcefcea014f5a,accept_structurally_verified_standard_sonnet,Bounded fourteen-line Italian poem has a coherent sonnet octave-and-sestet or quatrain-and-tercet rhyme structure.
pg19886:char447103-447462,19886,Fiore di leggende: Cantari antichi I - cantari leggendari,structural_14_line,8-6,"XXXI, 1 E duca alor dal parlamento",8 E pensando nel gran chazo ch'era,440dfee7da9a7ffa58e0fb3a55d8ada5bfcfd0cb983f91623fb79e6e29c4cb62,exclude_not_sonnet,"Detector window is cantare text or critical apparatus cut at arbitrary boundaries, not a bounded sonnet."
pg19886:char483602-483928,19886,Fiore di leggende: Cantari antichi I - cantari leggendari,structural_14_line,8-6,"XXXIII, 1 M i' prendo",7 U sulle carni un ferro,6d3de4a9c2fd80c82c8801156836c54221a448dd7066579cf7853f3745bad989,exclude_not_sonnet,"Detector window is cantare text or critical apparatus cut at arbitrary boundaries, not a bounded sonnet."
pg19886:char491043-491359,19886,Fiore di leggende: Cantari antichi I - cantari leggendari,structural_14_line,8-6,"XXXVI, 3 M presto",8 U piú che lle,0d2b8428d9cd3176ef8adfb1f75754a397c290472ae2cd0818416ee7001b18c2,exclude_not_sonnet,"Detector window is cantare text or critical apparatus cut at arbitrary boundaries, not a bounded sonnet."
pg19886:char491685-491965,19886,Fiore di leggende: Cantari antichi I - cantari leggendari,structural_14_line,8-6,"XL, 1 EU e poi",8 M per tutto e ogni verso,06e139eff91d88479b87a6c7620f8c33e30dca207551c270ffbbf7c4e88ee762,exclude_not_sonnet,"Detector window is cantare text or critical apparatus cut at arbitrary boundaries, not a bounded sonnet."
pg19886:char495703-496100,19886,Fiore di leggende: Cantari antichi I - cantari leggendari,structural_14_line,8-6,"XIV, 2 M ingniuna;",Non pianger piú che sarò tua sorella,86e8c24e386d716dbd51fccbc19c3510aa4f2642c333b6fb6b715eedb8687df9,exclude_not_sonnet,"Detector window is cantare text or critical apparatus cut at arbitrary boundaries, not a bounded sonnet."
pg19886:char501554-501932,19886,Fiore di leggende: Cantari antichi I - cantari leggendari,structural_14_line,8-6,"XLIV, 1 K E[d]",8 E simile ciento centinaia,b61cf53afadcbedb5d97a34474a2f9d1d3f9826068d52f890876634d064ac03d,exclude_not_sonnet,"Detector window is cantare text or critical apparatus cut at arbitrary boundaries, not a bounded sonnet."
pg19886:char505427-505775,19886,Fiore di leggende: Cantari antichi I - cantari leggendari,structural_14_line,8-6,"XVI, 2 M senza piú dire",6 E chieggio a vostra,4afed3fac990173848c7e0726374aee73062160ece3b4056820de0a415891474,exclude_not_sonnet,"Detector window is cantare text or critical apparatus cut at arbitrary boundaries, not a bounded sonnet."
pg19886:char514225-514934,19886,Fiore di leggende: Cantari antichi I - cantari leggendari,structural_14_line,8-6,Quivi aveva giente de molti paesi,nuovo periodo logico.,1b307f5fff0ae9f2cd1ec784f04c89e57e603a796651dc5e3d6ca9911e339cb2,exclude_not_sonnet,"Detector window is cantare text or critical apparatus cut at arbitrary boundaries, not a bounded sonnet."
pg25312:char110633-111263,25312,Nabuco,structural_14_line,14,Ah.... La ricordo!,Ed io.... la testa gli spaccai!...,49ddc5053ca55f257351980a467f9da001185f166b9d182d049f88539570547b,exclude_not_sonnet,"Fourteen-line detector window is continuous dramatic dialogue, not a bounded sonnet."
pg27825:char15093-15605,27825,Isaotta Guttadàuro ed altre poesie,structural_14_line,14,"Ella, dritta in arcioni, agile e franca,",hannomi i Sogni?--E stetti dubitando.,e7c591e6c4355a9195053300aa3336be96cea18ee8ed0486d5bc6a5421e8e324,exclude_not_sonnet,Window belongs to the explicitly labeled ballata sequence and is not a bounded sonnet.
pg27825:char15772-16262,27825,Isaotta Guttadàuro ed altre poesie,structural_14_line,14,Su' freschi venti odore di viole,in su' poggi di Fiesole vagando.,75b231086832d0c82eefde0740fa796b456150876e55841b9d236fb9812878ab,exclude_not_sonnet,Window belongs to the explicitly labeled ballata sequence and is not a bounded sonnet.
pg27825:char16438-16951,27825,Isaotta Guttadàuro ed altre poesie,structural_14_line,14,"Balzai a terra; ed ella, anche d'un salto,","scuoter li arcioni, forte respirando.",26aa78c3b00b4286de8446f916da23218021ec44547f3a1325763b2353776269,exclude_not_sonnet,Window belongs to the explicitly labeled ballata sequence and is not a bounded sonnet.
pg27825:char17132-17656,27825,Isaotta Guttadàuro ed altre poesie,structural_14_line,14,"Oh mani belle, oh mani bianche e pure","tra le viole, ne 'l chiarore blando!",a2fd199d0553c0ea73c8ef6c1838f84208955f4dd55ae2f6cdd332bfcbea47e1,exclude_not_sonnet,Window belongs to the explicitly labeled ballata sequence and is not a bounded sonnet.
pg27825:char17822-18348,27825,Isaotta Guttadàuro ed altre poesie,structural_14_line,14,"Ora la selva, innanzi a li occhi nostri,","sogna colei ne l'animo, aspettando?--",fc5e7e60d39d6c6e7c6706924be66941d32c79a0f3159ae4c3bb2b9a457cec68,exclude_not_sonnet,Window belongs to the explicitly labeled ballata sequence and is not a bounded sonnet.
pg27825:char18532-19051,27825,Isaotta Guttadàuro ed altre poesie,structural_14_line,14,"Ei parlò di tesori e di castella,","ampie, come in un gorgo, profondando.--",188a31d8bc38e1a7ee3c100513579ff3fcff91b1f54d650c0c731c34652eeb0d,exclude_not_sonnet,Window belongs to the explicitly labeled ballata sequence and is not a bounded sonnet.
pg27825:char19213-19711,27825,Isaotta Guttadàuro ed altre poesie,structural_14_line,14,il senso mi cingean di tal malía,il qual re meriggiava poetando.,807d909bdbba56fcacdb83cf43d74ddf79fec3fe8cb29924fdc748ed8fecc72a,exclude_not_sonnet,Window belongs to the explicitly labeled ballata sequence and is not a bounded sonnet.
pg27825:char19893-20405,27825,Isaotta Guttadàuro ed altre poesie,structural_14_line,14,Rendean per l'aria in torno una fragranza,che vincevano il dì riscintillando.,c8c4c4494dc760712cba513fd90c97c5d5482af9f130d530632900e53e792e03,exclude_not_sonnet,Window belongs to the explicitly labeled ballata sequence and is not a bounded sonnet.
pg27825:char20594-21138,27825,Isaotta Guttadàuro ed altre poesie,structural_14_line,14,«Sorgi dunque da l'ombra e t'incammina,"«il fin tesoro, là dov'io ti mando.»",5a89b83344cb7e91d0b9894b37954083efa0a68e207dbad5f3e1870524cbb80d,exclude_not_sonnet,Window belongs to the explicitly labeled ballata sequence and is not a bounded sonnet.
pg27825:char21301-21822,27825,Isaotta Guttadàuro ed altre poesie,structural_14_line,14,Vide lo stelo e vide anche l'anello;,"che a 'l sol ridea, sì dolce palpitando.--",825cad5bdc748c9bf93784b6775d22cb981bf40a1fd3d996e8f42923a5fbfac4,exclude_not_sonnet,Window belongs to the explicitly labeled ballata sequence and is not a bounded sonnet.
pg27825:char21981-22500,27825,Isaotta Guttadàuro ed altre poesie,structural_14_line,14,"Com'ella tacque, il fremito de 'l suono","Onde spronammo, innanzi trapassando.",25cb14668171a736a546865b93dea1e25b45afa7e23fb240b3f029f75d52fc99,exclude_not_sonnet,Window belongs to the explicitly labeled ballata sequence and is not a bounded sonnet.
pg27825:char22655-23165,27825,Isaotta Guttadàuro ed altre poesie,structural_14_line,14,Non mai dolce suonò bistonia lira,"desìo di bere...--O fonte, io t'inghirlando!",b9f2a514717728eb58ae3803d3289bc27aeb834e20cb2623c84e0b8cccbc5e73,exclude_not_sonnet,Window belongs to the explicitly labeled ballata sequence and is not a bounded sonnet.
pg27825:char23331-23861,27825,Isaotta Guttadàuro ed altre poesie,structural_14_line,14,Scendemmo il piano margine; e commise,"Bevemmo e ci baciammo, ivi indugiando.",3ccd020e287ae80a0ab25b0feb2dbfcc080d7f368d9aae02dac09c2c4dc48110,exclude_not_sonnet,Window belongs to the explicitly labeled ballata sequence and is not a bounded sonnet.
pg27825:char24035-24530,27825,Isaotta Guttadàuro ed altre poesie,structural_14_line,14,Non so. Ma come uscimmo da la chiostra,"vita più forte, che s'aprì raggiando.",d9c1f5ef56f1ce4e752b8d7e94cdd76b9e36a626d5d04cb1a29d691582b40978,exclude_not_sonnet,Window belongs to the explicitly labeled ballata sequence and is not a bounded sonnet.
pg31285:char31308-32028,31285,"Opera nova amorosa, vol. 2: Traggedia",structural_14_line,14,Ru.  Voi saper dov'io tegno: il mio pensiero,Non movon tuoi sembianti: ad aiutarlo.,bb253183ed6abcdbdd3139d3d81032095804285838a71c7e314e0007a3f045c8,exclude_not_sonnet,"Detector window is continuous dramatic dialogue, not a bounded sonnet."
pg31285:char34075-34732,31285,"Opera nova amorosa, vol. 2: Traggedia",structural_14_line,8-6,"E perché forsi, non comprehendi quanto",Farà adietro ritorno.,a6dc1a5b13922db2dcfa62e6752e750d3153a7c73e8cc9ece6bc8bbce882570d,exclude_not_sonnet,"Detector window is continuous dramatic dialogue, not a bounded sonnet."
pg31285:char43256-43941,31285,"Opera nova amorosa, vol. 2: Traggedia",structural_14_line,8-6,O reo destin a che condotto m'hai:,scapigliata dicendo.,1de8f3860fee8b3ca54ca9860f124aea92bf4683e5525a7aa6d654adc2e6d718,exclude_not_sonnet,"Detector window is continuous dramatic dialogue, not a bounded sonnet."
pg31818:char19354-19988,31818,"Opera nova amorosa, vol. 3: Comedia nova",structural_14_line,14,"S  Que ch'io ti voglio dir, anchor non sai",Intrar dile,eff12fe5b9033169eed7e29bb90b3e223b69f8fa138ad06a1cbe436745e9ac45,exclude_not_sonnet,"Detector window is continuous comic dialogue, not a bounded sonnet."
pg31818:char53519-54149,31818,"Opera nova amorosa, vol. 3: Comedia nova",structural_14_line,14,"L    Guardate che le sonno, nella cassa",Numio gentile,efb9d1f1542609e3ae57be6ae1d0f929d61ff9054bfebe352b5592dc04e168fa,exclude_not_sonnet,"Detector window is continuous comic dialogue, not a bounded sonnet."
pg31818:char68933-69602,31818,"Opera nova amorosa, vol. 3: Comedia nova",structural_14_line,8-6,"L               l'era un murador, che siolta","Con sua man gli tronchava, il vital corso",e592c4c9ee11ed09a968934f64af5bb0a9bf8d0d25ae60de0ee0dc252f66f408,exclude_not_sonnet,"Detector window is continuous comic dialogue, not a bounded sonnet."
pg31818:char94167-94829,31818,"Opera nova amorosa, vol. 3: Comedia nova",structural_14_line,8-6,"B  Odi Scaltra mia bella, tien pur stretto","Belvico mio gentil, volto mio bello",592e8859b1f9e3d3eefb156844bbeee994e01a19dfbeeefb49fc5a9c0003df23,exclude_not_sonnet,"Detector window is continuous comic dialogue, not a bounded sonnet."
pg34639:char74111-74687,34639,I tre tiranni: Commedie del Cinquecento,structural_14_line,14,"ARTEMONA. Che farai, vecchia? Vuoi dare a Crisaulo",Come andò poi la cosa?,9f78ea85e9479fc7b9f79b6f2728a179cba42fa9a34650dcd39707109814ed18,exclude_not_sonnet,"Detector window is continuous comedy dialogue, not a bounded sonnet."
pg34639:char81763-82327,34639,I tre tiranni: Commedie del Cinquecento,structural_14_line,14,"CRISAULO.              Che fai, Fileno?",la vita giá perduta.,fdc05f06c4f7f539b04e5cb81875e82270cc4edc8d1fabd0dea4be4f573ca955,exclude_not_sonnet,"Detector window is continuous comedy dialogue, not a bounded sonnet."
pg34639:char89627-90161,34639,I tre tiranni: Commedie del Cinquecento,structural_14_line,4-4-6,LISTAGIRO. Oh bene! E de le braccia salci.,ché sei pur vecchio.,82d4e13fcf53eabc5686ef24b72cba64fb6af04da8d9a77016b0d24ae7f1ec82,exclude_not_sonnet,"Detector window is continuous comedy dialogue, not a bounded sonnet."
pg34639:char125013-125577,34639,I tre tiranni: Commedie del Cinquecento,structural_14_line,14,ARTEMONA.                  Io ci ho sol questo,fa' ch'io lo sappi.,1b7a4a83dfcfc0e8c93e02cd94b19a5a8f165def83e771751a76a76da908cef5,exclude_not_sonnet,"Detector window is continuous comedy dialogue, not a bounded sonnet."
pg34639:char135383-135889,34639,I tre tiranni: Commedie del Cinquecento,structural_14_line,4-4-3-3,ARTEMONA.   Tu sei troppo savio.,Ma saria cosa lunga.,c2d5e83ad3a7dffa7b8885e1efc4e4698d86f9f594bfb1bf82d28db45be5de54,exclude_not_sonnet,"Detector window is continuous comedy dialogue, not a bounded sonnet."
pg34639:char156205-156725,34639,I tre tiranni: Commedie del Cinquecento,structural_14_line,14,FILOCRATE. Quando io me partí da quellas,gloria y vencimiento.,8192e4c40ce68f4a3e12fe8411cb62d583d05d6f299e14e8d864c0e029f499bf,exclude_not_sonnet,"Detector window is continuous comedy dialogue, not a bounded sonnet."
pg34639:char156726-157280,34639,I tre tiranni: Commedie del Cinquecento,structural_14_line,14,DEMOFILO.             Ai tempi nostri,offuscherebbe i loro accesi lumi.,ad7f9213bb0412379ca0555865cb4555b25a54241f346f92ac2a938582abbd58,exclude_not_sonnet,"Detector window is continuous comedy dialogue, not a bounded sonnet."
pg34639:char160204-160726,34639,I tre tiranni: Commedie del Cinquecento,structural_14_line,14,FILOCRATE. Esta fama se a adquirido nuestro,y de nuestra santa fé.,e7c1fd44d65f348776c1c6486e0ed47b11429df6163ca3dfe7d80087f71056fc,exclude_not_sonnet,"Detector window is continuous comedy dialogue, not a bounded sonnet."
pg34639:char189444-190003,34639,I tre tiranni: Commedie del Cinquecento,structural_14_line,14,CRISAULO.      Ma non è ancor gran cosa:,com'io vorrei.,a6b6f14a6b707eb743ff5a12cdc400d46d35a67683f106aca1689d92f4b8529f,exclude_not_sonnet,"Detector window is continuous comedy dialogue, not a bounded sonnet."
pg34639:char192043-192615,34639,I tre tiranni: Commedie del Cinquecento,structural_14_line,14,CRISAULO.      E che debbo dire io?,Usciremo or d'affanno.,608a3992c12e6e9ae3c6c0aacbb4e44a0998b07601cdf983fa122f3a6eae81bb,exclude_not_sonnet,"Detector window is continuous comedy dialogue, not a bounded sonnet."
pg35799:char26296-26856,35799,Caos del Triperuno: Opere Italiane Vol. 1,structural_14_line,14,"«Alma, che per altrui difetto al varco","non sa fatica, finalmente, o carco».",4acbd23fffb728d8c47945ad0c431eda19bc14b5c4fad89a0205d2c6219e6348,exclude_not_sonnet,Fourteen-line block has an irregular canzone-like stanza and is not a sonnet.
pg35799:char89197-89839,35799,Caos del Triperuno: Opere Italiane Vol. 1,structural_14_line,4-4-3-3,"Un aspro cuor, un'empia e cruda voglia,",fin che qual serpe lásciavi la scorza.,02d62404cd910dd83543e52a8a242a9640529b551ebe53ee1f8b8aed5eebd95b,accept_structurally_verified_standard_sonnet,Bounded fourteen-line Italian poem has a coherent sonnet octave-and-sestet or quatrain-and-tercet rhyme structure.
pg35799:char128100-128832,35799,Caos del Triperuno: Opere Italiane Vol. 1,structural_14_line,8-6,"V enit at interea mihi trippiger ille Cocaius,","E sse hac in vita, qua vivimus absque travaio?",9dfef748570f70e4f79ee5173fbf444750ad51f3576d1d37bda3bd7bc4ed98ab,exclude_not_sonnet,Latin acrostic hexameter passage is not an Italian sonnet.
pg35799:char133250-133855,35799,Caos del Triperuno: Opere Italiane Vol. 1,structural_14_line,14,"La fama, il grido e l'onorevol suono",resorto fia da voi sul punto estremo.,78fadd624e7920c7b49e15188c1e76ad96d506ee4e5948851bb144aacffa7074,accept_structurally_verified_standard_sonnet,Bounded fourteen-line Italian poem has a coherent sonnet octave-and-sestet or quatrain-and-tercet rhyme structure.
pg35799:char135578-136194,35799,Caos del Triperuno: Opere Italiane Vol. 1,structural_14_line,14,"So ben che 'l mio lodarvi, donna altera,","il suo cantarvi, allor lieta galoppa.",2135c039db5945e555e334adbd4f785476a766bc98aed17b6b891c1731147e09,accept_structurally_verified_standard_sonnet,Bounded fourteen-line Italian poem has a coherent sonnet octave-and-sestet or quatrain-and-tercet rhyme structure.
pg35799:char136656-137297,35799,Caos del Triperuno: Opere Italiane Vol. 1,structural_14_line,14,"--Vaga, solinga e dolce tortorella,",ché altrui miseria al miser è solaccio.,8ef012965b8359be757bb091c46e84d6580445976be982deacb1e1d227b32368,accept_structurally_verified_standard_sonnet,Bounded fourteen-line Italian poem has a coherent sonnet octave-and-sestet or quatrain-and-tercet rhyme structure.
pg35799:char144899-145518,35799,Caos del Triperuno: Opere Italiane Vol. 1,structural_14_line,8-6,A l ciel or triunfando spiego l'ale;,S ovra la fama esser il ver confessa.,1c1faa93d7238a1d6bf1cfcf9ed20ff68034809fa6167ccc12f6cdf0ff8b99fe,accept_structurally_verified_standard_sonnet,Bounded fourteen-line Italian poem has a coherent sonnet octave-and-sestet or quatrain-and-tercet rhyme structure.
pg35799:char145880-146480,35799,Caos del Triperuno: Opere Italiane Vol. 1,structural_14_line,14,"Voi che soavi accenti, alte parole,",poter tant'alto porger uman stile.,4af246e6ce7391f616c1998900181b892f54b2a04c4e864fe550886cc059d571,accept_structurally_verified_standard_sonnet,Bounded fourteen-line Italian poem has a coherent sonnet octave-and-sestet or quatrain-and-tercet rhyme structure.
pg35799:char156529-157212,35799,Caos del Triperuno: Opere Italiane Vol. 1,structural_14_line,14,"O mihi Pieriis liceat demergier undis,",Utraque quos caedens iam caret ungue manus!,9382ec6d2fe9ac03cb438f7d2e63e1fd11d781c5257a7f91777e87128dc7b971,exclude_not_sonnet,Latin elegiac passage is not an Italian sonnet.
pg35799:char170535-171150,35799,Caos del Triperuno: Opere Italiane Vol. 1,structural_14_line,14,"Or non piú fama, or non piú 'l sparso grido",--Costei sola del ciel le grazie impetra!,9867a2cd9f66ebe295bf02338b337d39462c383f06488277d2997aaed99a3577,accept_structurally_verified_standard_sonnet,Bounded fourteen-line Italian poem has a coherent sonnet octave-and-sestet or quatrain-and-tercet rhyme structure.
pg35799:char172153-172757,35799,Caos del Triperuno: Opere Italiane Vol. 1,structural_14_line,14,"Questa madonna, che sí dolce, altiera,","bella, nudrisce al dolce suo veleno.",44de80c2602f2de0813a2e33e74c40c774b74e222118adacb99f231be2292f77,accept_structurally_verified_standard_sonnet,Bounded fourteen-line Italian poem has a coherent sonnet octave-and-sestet or quatrain-and-tercet rhyme structure.
pg35799:char172836-173444,35799,Caos del Triperuno: Opere Italiane Vol. 1,structural_14_line,14,"Quando l'alma gentile, per cui sola","nel carro stesso, in noi l'arco si tese.",b43e733d710aea1d2b46d4bdd3d16d4ba25ad888136f08f275b1464d53711a29,accept_structurally_verified_standard_sonnet,Bounded fourteen-line Italian poem has a coherent sonnet octave-and-sestet or quatrain-and-tercet rhyme structure.
pg35799:char173454-174087,35799,Caos del Triperuno: Opere Italiane Vol. 1,structural_14_line,14,"Alluntanato è 'l sole, e noi qui manchi",va solacciando e noi qui giú non prezza.,9a7e6b4e28b81839645f5d419755ed628770db3b54a8c60609bd6f34f5f0af69,accept_structurally_verified_standard_sonnet,Bounded fourteen-line Italian poem has a coherent sonnet octave-and-sestet or quatrain-and-tercet rhyme structure.
pg35799:char174171-174783,35799,Caos del Triperuno: Opere Italiane Vol. 1,structural_14_line,14,"In quelle parti, ove di poggio in valle,",ch'Amor sul marmo di sua man poi scrisse.,ee6741794aa38d3e1432631d765d92edf38343e007dbb891512fe9a8c3a27ff0,accept_structurally_verified_standard_sonnet,Bounded fourteen-line Italian poem has a coherent sonnet octave-and-sestet or quatrain-and-tercet rhyme structure.
pg35799:char174839-175435,35799,Caos del Triperuno: Opere Italiane Vol. 1,structural_14_line,14,"Quando 'l tempo, madonna, a noi sí parco,",non giá d'invidia ma d'amor si dole.,c03548464e181be5a7b6dd893201e7463730620e0df5d81e72168edce22203e0,accept_structurally_verified_standard_sonnet,Bounded fourteen-line Italian poem has a coherent sonnet octave-and-sestet or quatrain-and-tercet rhyme structure.
pg35799:char175510-176147,35799,Caos del Triperuno: Opere Italiane Vol. 1,structural_14_line,14,Invido ciel che tante stelle e tante,e 'n su le cime tue vòi ch'egli monti.,1c0db77e7de06553c913c81d5024322209568ef0709efef2606b0008cde35f3a,accept_structurally_verified_standard_sonnet,Bounded fourteen-line Italian poem has a coherent sonnet octave-and-sestet or quatrain-and-tercet rhyme structure.
pg35799:char178549-179132,35799,Caos del Triperuno: Opere Italiane Vol. 1,structural_14_line,14,Qual gode in carne perché in carne viva,che mai del ciel non sa trovar le scale.,ed37f8b570749a12889dc2ecb111aabaa0ff59f5d5c0b8e5d9d33ed95fac3af3,exclude_not_sonnet,Fourteen-line block has an irregular moral-stanza rhyme structure and is not a sonnet.
pg35799:char179218-179780,35799,Caos del Triperuno: Opere Italiane Vol. 1,structural_14_line,14,Se mi deggia pensar o in terra dentro,cui sempre a morte in grembo un'alma dorme.,7ede86db2d593a835a6591aeaf6503c323acc8ed5db44b5a4d34073ff294447d,exclude_not_sonnet,Fourteen-line block has an irregular moral-stanza rhyme structure and is not a sonnet.
pg35799:char185882-186510,35799,Caos del Triperuno: Opere Italiane Vol. 1,structural_14_line,14,"Sléguati in polve, fulminando Giove,","tolgasi 'l quarto, acciò che «larva» resti.[245]",3550fe7dfb3eee9d905770218ea1e66cd4293061bfba443daa0180edffe70044,accept_structurally_verified_standard_sonnet,Bounded fourteen-line Italian poem has a coherent sonnet octave-and-sestet or quatrain-and-tercet rhyme structure.
pg35799:char186610-187210,35799,Caos del Triperuno: Opere Italiane Vol. 1,structural_14_line,14,Io canto sotto l'ombra del bel lauro,"ché piú di me, so bene, altrui non l'ama.",f721af159c6cfb4f7ecca903a1ce525c0ed99d10cc07c2d50a41e5cb40379151,accept_structurally_verified_standard_sonnet,Bounded fourteen-line Italian poem has a coherent sonnet octave-and-sestet or quatrain-and-tercet rhyme structure.
pg35799:char197998-198616,35799,Caos del Triperuno: Opere Italiane Vol. 1,structural_14_line,14,"Quando 'l Foco d'Amor, che m'arde ognora,",per cui Satán Angiol di luce appare.,04f95a4a627557420b74e1b0d52b96477c49df3cccc40a6aea9139765b1561d8,accept_structurally_verified_standard_sonnet,Bounded fourteen-line Italian poem has a coherent sonnet octave-and-sestet or quatrain-and-tercet rhyme structure.
pg35799:char199126-199743,35799,Caos del Triperuno: Opere Italiane Vol. 1,structural_14_line,14,"Questa fortuna al mondo è 'n Bagattella,",chi sa temprarsi lei col Mondo affrena.,a76022f4c5e582d7af90b9c0497395751886281072610dd3c9c5f6143dbb0180,accept_structurally_verified_standard_sonnet,Bounded fourteen-line Italian poem has a coherent sonnet octave-and-sestet or quatrain-and-tercet rhyme structure.
pg35799:char200571-201186,35799,Caos del Triperuno: Opere Italiane Vol. 1,structural_14_line,14,"Europa mia, quando fia mai che l'una","la Luna, e vo' appiccarmi da me stessa[252].",0ab98351f9bae714a42630cc1b34e31490b49c19891f931bd98def4c68459fc7,accept_structurally_verified_standard_sonnet,Bounded fourteen-line Italian poem has a coherent sonnet octave-and-sestet or quatrain-and-tercet rhyme structure.
pg35799:char201350-201966,35799,Caos del Triperuno: Opere Italiane Vol. 1,structural_14_line,14,"Europa mia, quando fia mai che l'una","la Luna, e vo' appiccarmi da me stessa.",4dca26a30bd243e5a8a945bf0f98a6d46d80c06b666de2407d8d442827caf562,accept_structurally_verified_standard_sonnet,Bounded fourteen-line Italian poem has a coherent sonnet octave-and-sestet or quatrain-and-tercet rhyme structure.
pg35799:char202567-203177,35799,Caos del Triperuno: Opere Italiane Vol. 1,structural_14_line,14,"Simil pazzia non trovo sotto 'l Sole,",la nera Imperatrice empir s'abbella.,6e68445f95b05ec75056903f8794e0df1db1e247bd5df7581e27514b983be390,accept_structurally_verified_standard_sonnet,Bounded fourteen-line Italian poem has a coherent sonnet octave-and-sestet or quatrain-and-tercet rhyme structure.
pg35799:char203801-204417,35799,Caos del Triperuno: Opere Italiane Vol. 1,structural_14_line,14,"Amor, sotto 'l cui impero molte imprese",sol d'alta Fama tienti un Bagattella.,0b409b911f91bf0469af1c0a88ff78ce2b54e768e972158d72363facc2b29450,accept_structurally_verified_standard_sonnet,Bounded fourteen-line Italian poem has a coherent sonnet octave-and-sestet or quatrain-and-tercet rhyme structure.
pg35799:char226286-226914,35799,Caos del Triperuno: Opere Italiane Vol. 1,structural_14_line,14,"«Bruggia la terra il lino col suo seme»,[260]","in voi, o di mia vita ferma chiave!",626b7aa2835e7a0397703087670dc87ac99895344be5354b163b1db5c7621b23,accept_structurally_verified_standard_sonnet,Bounded fourteen-line Italian poem has a coherent sonnet octave-and-sestet or quatrain-and-tercet rhyme structure.
pg35799:char227250-227837,35799,Caos del Triperuno: Opere Italiane Vol. 1,structural_14_line,14,Pensarsi non sapea piú agevolmente,"al foco molle cera, al vento polve!",c0c94937b4e7567127bcc0398899d36025956d94858100133df6598c363fc41a,accept_structurally_verified_standard_sonnet,Bounded fourteen-line Italian poem has a coherent sonnet octave-and-sestet or quatrain-and-tercet rhyme structure.
pg35799:char228303-228920,35799,Caos del Triperuno: Opere Italiane Vol. 1,structural_14_line,14,"Nacque di fiera in luogo alpestro ed ermo,",non cape amor né alcun pietoso affetto.,3b3bfcd711125911ffcbf34730f9f84a6ccc26f8e3158550e12a2f5e7abbf4e9,accept_structurally_verified_standard_sonnet,Bounded fourteen-line Italian poem has a coherent sonnet octave-and-sestet or quatrain-and-tercet rhyme structure.
pg35799:char246230-246841,35799,Caos del Triperuno: Opere Italiane Vol. 1,structural_14_line,14,"Or sbuco giá qual nottula di tomba,",si turba entro lo 'nferno e ride il cielo.,63b16266b3d853e16018a3d8ecaa5d6aa3f44ea0f222975435ff4951b9aa1444,accept_structurally_verified_standard_sonnet,Bounded fourteen-line Italian poem has a coherent sonnet octave-and-sestet or quatrain-and-tercet rhyme structure.
pg35799:char267865-268472,35799,Caos del Triperuno: Opere Italiane Vol. 1,structural_14_line,14,"Com'esser può ch'un arbore, ch'un fiume",sen porti altrove il cor su l'aurea punta.,717a605d146b0b174182b518a9212e3c2a8b65242fd0a798b916dadd59dbc078,accept_structurally_verified_standard_sonnet,Bounded fourteen-line Italian poem has a coherent sonnet octave-and-sestet or quatrain-and-tercet rhyme structure.
pg35799:char279550-280152,35799,Caos del Triperuno: Opere Italiane Vol. 1,structural_14_line,14,"Quell'inclito animale d'alto pregio,",che al fine mi trasportan qual saetta.,b903dbf5b564e4fa7045d0c183397ea3d5fecda597c7de8ea70d0f585d53d5a7,accept_structurally_verified_standard_sonnet,Bounded fourteen-line Italian poem has a coherent sonnet octave-and-sestet or quatrain-and-tercet rhyme structure.
pg35799:char299909-300485,35799,Caos del Triperuno: Opere Italiane Vol. 1,structural_14_line,14,"«Uomo, che vedi a quanto onor ti degna[325]",e un legno per sua croce Dio non sdegna!».,e1014c732832fee8cef28ea277920d3785bf45d7445fec3daac6104ac6f89c32,exclude_not_sonnet,Fourteen-line block has an irregular canzone-like stanza and is not a sonnet.
pg35799:char308473-309067,35799,Caos del Triperuno: Opere Italiane Vol. 1,structural_14_line,14,"Signore mio, l'altissima cui fama",di lui cantar un desioso fuogo.,a3a2aba3e1433ad8174e5cd7cac46343e6aaf93bfeedc2c0cf1f8d42ae8ed067,accept_structurally_verified_standard_sonnet,Bounded fourteen-line Italian poem has a coherent sonnet octave-and-sestet or quatrain-and-tercet rhyme structure.
pg36239:char55921-56510,36239,Fatalità,structural_14_line,4-4-3-3,"L'uno ha vent'anni--è bello, innamorato,","Tutto a' miei piè depone, e pur.... non l'amo!...",4694b665173699c891857e1aeba9213d14626ed8398286777586edaf9a5ec54a,accept_structurally_verified_standard_sonnet,Bounded fourteen-line Italian poem has a coherent sonnet octave-and-sestet or quatrain-and-tercet rhyme structure.
pg36239:char56552-57139,36239,Fatalità,structural_14_line,4-4-3-3,L'altro drizza la fronte imperiosa,Come trepido augello al suo richiamo.,94096753695551edcf4dd3dcf8ea700ba4dc958dfe86d619fd60b864efa4cbef,accept_structurally_verified_standard_sonnet,Bounded fourteen-line Italian poem has a coherent sonnet octave-and-sestet or quatrain-and-tercet rhyme structure.
pg39239:char27424-28001,39239,Rimatori siculo-toscani del dugento. Serie prima - Pistoiesi-Lucchesi-Pisani,structural_14_line,14,"Valenz senher, rei dels Aragones,","ne varran mais, sei vorres ajudar.",3240ee9399e75fe5c9a94b622d8c38e13c547f9a3e9173a3b1aaa90f8336bb9b,exclude_nonstandard_language_sonnet,Verified fourteen-line Occitan sonnet; retained only as conditioned evidence and not authorized for standard-Italian activation.
pg39239:char28085-28648,39239,Rimatori siculo-toscani del dugento. Serie prima - Pistoiesi-Lucchesi-Pisani,structural_14_line,14,"De la rota son posti esempli assai,",che piú che vita desira morire.,dc9dacbbc577286fe3154e2c7e452e7714cb76f6a8029435514342e10de8deb7,accept_structurally_verified_standard_sonnet,Bounded fourteen-line Italian poem has a coherent sonnet octave-and-sestet or quatrain-and-tercet rhyme structure.
pg39239:char28676-29231,39239,Rimatori siculo-toscani del dugento. Serie prima - Pistoiesi-Lucchesi-Pisani,structural_14_line,14,Un nobel e gentil imaginare,venme voglia deventar patarino.,b1bdc88e23f53097af0ffd53c42df2e3f97c851958e0d96f640303063ae4b413,accept_structurally_verified_standard_sonnet,Bounded fourteen-line Italian poem has a coherent sonnet octave-and-sestet or quatrain-and-tercet rhyme structure.
pg39239:char29288-29865,39239,Rimatori siculo-toscani del dugento. Serie prima - Pistoiesi-Lucchesi-Pisani,structural_14_line,14,"L'altrier, dormendo, a me se venne Amore,",parvemi quasi spirito sottile.,488bc91403cbce80228158bbbd57c4a7455c0e36f58e9001f7307a5d192a3f13,accept_structurally_verified_standard_sonnet,Bounded fourteen-line Italian poem has a coherent sonnet octave-and-sestet or quatrain-and-tercet rhyme structure.
pg39239:char29915-30557,39239,Rimatori siculo-toscani del dugento. Serie prima - Pistoiesi-Lucchesi-Pisani,structural_14_line,14,"POETA.   Dimme, Amore; vorestù tornare","e 'l cor non pò durar, se no' la vede.",a0ecccc1f5f155cdd584a9d147610128bd1947baec2beaca3804b626524e2681,accept_structurally_verified_standard_sonnet,Bounded fourteen-line Italian poem has a coherent sonnet octave-and-sestet or quatrain-and-tercet rhyme structure.
pg39239:char30581-31138,39239,Rimatori siculo-toscani del dugento. Serie prima - Pistoiesi-Lucchesi-Pisani,structural_14_line,14,L'altrier pensando mi emaginai,Parveme allor che l'alma se partisse.,2da3758777e1d3ccee11cbc0f71447fdb42f148caa2259917fc25d3f1ad2bb48,accept_structurally_verified_standard_sonnet,Bounded fourteen-line Italian poem has a coherent sonnet octave-and-sestet or quatrain-and-tercet rhyme structure.
pg39239:char31230-31806,39239,Rimatori siculo-toscani del dugento. Serie prima - Pistoiesi-Lucchesi-Pisani,structural_14_line,14,"Ogni meo fatto per contrario faccio,",giammai no' l'averanno en suo reparo.,d616bddb4fc2bcfd0eae27466e71032e22567aa60fb4484d9bac76e7dba1e6d4,accept_structurally_verified_standard_sonnet,Bounded fourteen-line Italian poem has a coherent sonnet octave-and-sestet or quatrain-and-tercet rhyme structure.
pg39239:char31835-32384,39239,Rimatori siculo-toscani del dugento. Serie prima - Pistoiesi-Lucchesi-Pisani,structural_14_line,14,Quattr'omin son dipinti ne la rota,nel finimento de la mia giornata.,d07e325e8a22fd2870a1e736e2aabbbae881e03e93ad8910a990504edbf7af2c,accept_structurally_verified_standard_sonnet,Bounded fourteen-line Italian poem has a coherent sonnet octave-and-sestet or quatrain-and-tercet rhyme structure.
pg39239:char32453-33033,39239,Rimatori siculo-toscani del dugento. Serie prima - Pistoiesi-Lucchesi-Pisani,structural_14_line,14,"Tutto el tempo del mondo m'è avenuto,",e non curar ferneticar di gente.,decea3eca651e3f355962a9c1c3d3d50af83ea3eca4cd168bcccf40533156deb,accept_structurally_verified_standard_sonnet,Bounded fourteen-line Italian poem has a coherent sonnet octave-and-sestet or quatrain-and-tercet rhyme structure.
pg39239:char213754-214368,39239,Rimatori siculo-toscani del dugento. Serie prima - Pistoiesi-Lucchesi-Pisani,structural_14_line,14,"Lasso, sovente — sent'e' — che natura","sor mev'impero: — pero, — se non pento!",f072565287a94047f18e61b98a716cdb7a6d36f0b083128de73e31f9df2b99b9,accept_structurally_verified_standard_sonnet,Bounded fourteen-line Italian poem has a coherent sonnet octave-and-sestet or quatrain-and-tercet rhyme structure.
pg39239:char215328-215907,39239,Rimatori siculo-toscani del dugento. Serie prima - Pistoiesi-Lucchesi-Pisani,structural_14_line,14,"Dolendo, amico, di gravosa pena",ov'ogn'om cade: tal'è pregio bene.,383c77f9d9770bd09876d90ddc413490cc599bfb7eae5653d9bb87303363554b,accept_structurally_verified_standard_sonnet,Bounded fourteen-line Italian poem has a coherent sonnet octave-and-sestet or quatrain-and-tercet rhyme structure.
pg39239:char215997-216588,39239,Rimatori siculo-toscani del dugento. Serie prima - Pistoiesi-Lucchesi-Pisani,structural_14_line,14,Rapresentando a canoscenza vostra,"somettendo mi' arbitro, ann'è ben terso.",6c96252e2dbbc379577886699505397ee8b63fc4e6693fdd48a91e7b01408de2,accept_structurally_verified_standard_sonnet,Bounded fourteen-line Italian poem has a coherent sonnet octave-and-sestet or quatrain-and-tercet rhyme structure.
pg39239:char219350-219933,39239,Rimatori siculo-toscani del dugento. Serie prima - Pistoiesi-Lucchesi-Pisani,structural_14_line,14,Sovrapiagente mia gioia gioiosa,ch'io altro non ho piú che 'l tuo volere.,6e7a44c64ab45c92642c634a1919d5f8bfc5f3c7fec2c78ec9731ec950f8713e,accept_structurally_verified_standard_sonnet,Bounded fourteen-line Italian poem has a coherent sonnet octave-and-sestet or quatrain-and-tercet rhyme structure.
pg39239:char220004-220612,39239,Rimatori siculo-toscani del dugento. Serie prima - Pistoiesi-Lucchesi-Pisani,structural_14_line,14,Amor s'ha il mio voler miso di sovra;,parte — di ben di sé vero in cui regna.,d8b7fe86e8f27bf4bfaa4827ad63bcb636d9fcfdd7401cdc67016b317f9cd4bb,accept_structurally_verified_standard_sonnet,Bounded fourteen-line Italian poem has a coherent sonnet octave-and-sestet or quatrain-and-tercet rhyme structure.
pg39239:char220679-221277,39239,Rimatori siculo-toscani del dugento. Serie prima - Pistoiesi-Lucchesi-Pisani,structural_14_line,14,Non posso proferir quant'ho voglienza,"dentro al mio core, ove io te porto e guardo.",31b1ff8093b6c1d3e99c955af4c386aa91481a24896bdf853b99899051306483,accept_structurally_verified_standard_sonnet,Bounded fourteen-line Italian poem has a coherent sonnet octave-and-sestet or quatrain-and-tercet rhyme structure.
pg39239:char235957-236544,39239,Rimatori siculo-toscani del dugento. Serie prima - Pistoiesi-Lucchesi-Pisani,structural_14_line,14,"Similemente, — gente — criatura,",in sua sentenza — ben sa — onorata.,301073de9edc2db823f196daa28a23675a3a74756a86fa254e334c254c125028,accept_structurally_verified_standard_sonnet,Bounded fourteen-line Italian poem has a coherent sonnet octave-and-sestet or quatrain-and-tercet rhyme structure.
pg39239:char250847-251432,39239,Rimatori siculo-toscani del dugento. Serie prima - Pistoiesi-Lucchesi-Pisani,structural_14_line,14,Magna ferendo me tuba 'n oregli,"veglia tuttor la mantegnamo, u fresca.",84d6daf5c198549911360f4c49463f761f2e33a115f64e6d411df165229a136b,accept_structurally_verified_standard_sonnet,Bounded fourteen-line Italian poem has a coherent sonnet octave-and-sestet or quatrain-and-tercet rhyme structure.
pg39239:char251608-252199,39239,Rimatori siculo-toscani del dugento. Serie prima - Pistoiesi-Lucchesi-Pisani,structural_14_line,14,A cui prudenza porge alta lumera,"se da ciò poi si parte, e' va a perdenza.",3916017d8761aecec161ac123891c0bbf5fd41f3772fd8a70d24a4060be0aac0,accept_structurally_verified_standard_sonnet,Bounded fourteen-line Italian poem has a coherent sonnet octave-and-sestet or quatrain-and-tercet rhyme structure.
pg39239:char252318-252890,39239,Rimatori siculo-toscani del dugento. Serie prima - Pistoiesi-Lucchesi-Pisani,structural_14_line,14,"Chi nel dolore ha bona sofferenza,",la lor mainera — contrar'è di bene.,b047153820c4b3753199eecd727a85cdf7c09d3db88c5fa0474c7ee82b51439b,accept_structurally_verified_standard_sonnet,Bounded fourteen-line Italian poem has a coherent sonnet octave-and-sestet or quatrain-and-tercet rhyme structure.
pg39239:char252989-253560,39239,Rimatori siculo-toscani del dugento. Serie prima - Pistoiesi-Lucchesi-Pisani,structural_14_line,14,"Aldendo dire l'altèro valore,",par ch'obbriato — aggia 'l sommo Sire.,bf9a139b0c121f35f12048f0575f2391716c1095309ba3e0e2cea29687de3f1d,accept_structurally_verified_standard_sonnet,Bounded fourteen-line Italian poem has a coherent sonnet octave-and-sestet or quatrain-and-tercet rhyme structure.
pg39239:char253693-254269,39239,Rimatori siculo-toscani del dugento. Serie prima - Pistoiesi-Lucchesi-Pisani,structural_14_line,14,Tua scritta intesi bene lo tinore:,'om ordinato — pur a ben seguire. —,cf587902165796f451106810a3d69a897f55a17fca447796d72fd8f08ed6fe98,accept_structurally_verified_standard_sonnet,Bounded fourteen-line Italian poem has a coherent sonnet octave-and-sestet or quatrain-and-tercet rhyme structure.
pg39239:char277601-278211,39239,Rimatori siculo-toscani del dugento. Serie prima - Pistoiesi-Lucchesi-Pisani,structural_14_line,14,Encara vuoill qe sapchatz,"«Marseylla», «Jenova», «Plajensa».",3f4962c3d71217789b76d91bc8654eb75699139562f7c3f9f412e066904eb2e8,exclude_not_sonnet,"Fourteen-line detector window is Occitan grammar exposition and examples, not a sonnet."
pg39239:char283633-284220,39239,Rimatori siculo-toscani del dugento. Serie prima - Pistoiesi-Lucchesi-Pisani,structural_14_line,14,"Encar', amic, devetz saber","ieu vari «seygnor», so sabchatz:",ba6192aff265d0c7f59fc4bcbde4f211c2e2b1e756457b1d1866650606df6c61,exclude_not_sonnet,"Fourteen-line detector window is Occitan grammar exposition and examples, not a sonnet."
pg39239:char285431-285952,39239,Rimatori siculo-toscani del dugento. Serie prima - Pistoiesi-Lucchesi-Pisani,structural_14_line,14,"De los comuns ajectius,",parladura ysis declina:,09775499b114d3b00c47d98a15e25204fe0a3070c1df95774ad480f45365b6d4,exclude_not_sonnet,"Fourteen-line detector window is Occitan grammar exposition and examples, not a sonnet."
pg39239:char384389-385271,39239,Rimatori siculo-toscani del dugento. Serie prima - Pistoiesi-Lucchesi-Pisani,structural_14_line,14,"De la fera infertá e angosciosa,                         215","Donna, vostre bellezze,                                   73",291e694f08b109af4c487448d821833665440277dfc4fb4aa8b1e60b5eae3502,exclude_not_sonnet,"Fourteen-line detector window is index material, not a sonnet."
pg40328:char22865-23788,40328,Ahasvero nell'Isola del Diavolo: versi: preceduti da uno studio su l'Ebraismo e la rivoluzione francese,structural_14_line,8-6,"[5] Israel, diceva il padre Giacinto in una sua predica, è il primo",poema Nazionale Italico.,697289231a8c2f21e88971740a59fc3c28281a3a9790975c5040ffe79b8d4805,exclude_not_sonnet,"Detector window is prose or continuous blank-verse narrative, not a bounded sonnet."
pg40328:char91246-91834,40328,Ahasvero nell'Isola del Diavolo: versi: preceduti da uno studio su l'Ebraismo e la rivoluzione francese,structural_14_line,14,E l'età rea[17] non tramontata è ancora!,"A miei tiranni rabbia, a me vendetta.",ee3d43dd724474b94065639f5c4a15e33e4320033b9c4a007235ca6ba4293907,exclude_not_sonnet,"Detector window is prose or continuous blank-verse narrative, not a bounded sonnet."
pg40328:char105774-106699,40328,Ahasvero nell'Isola del Diavolo: versi: preceduti da uno studio su l'Ebraismo e la rivoluzione francese,structural_14_line,14,"Due croci, due olocausti. Gli Ebrei, per la loro origine, la loro",d'amore.,34b6db23d9423e63fefc8be511095952bdc7ef6e539877a7828a4539addec2f8,exclude_not_sonnet,"Detector window is prose or continuous blank-verse narrative, not a bounded sonnet."
pg49346:char15833-16328,49346,"Nerone: commedia in cinque atti ed in versi, con prologo e note storiche",structural_14_line,14,Amo l’odio patrizio perchè figlio,È per noi quanta gente abita il mondo.—,8ec1649848d0c474a6d258b604324a601b0eb9d3e8fcf90b47549284ede25366,exclude_not_sonnet,"Fourteen-line detector window is continuous comedy dialogue, not a bounded sonnet."
pg49346:char16458-16955,49346,"Nerone: commedia in cinque atti ed in versi, con prologo e note storiche",structural_14_line,14,È a te ben noto,Legioni v’è tumulto.,4c5af4bc79860bb4fb39951e97fa8e5a6c3290d40e91161203c3b95c4a0664de,exclude_not_sonnet,"Fourteen-line detector window is continuous comedy dialogue, not a bounded sonnet."
pg49346:char24717-25226,49346,"Nerone: commedia in cinque atti ed in versi, con prologo e note storiche",structural_14_line,14,"Più che libera, tu sei",Fati del figlio di Giocasta.,fcfe646462468f8b210a22b4d8c5c5ca836894b040d19b0d3b4ff4c5c6c672b1,exclude_not_sonnet,"Fourteen-line detector window is continuous comedy dialogue, not a bounded sonnet."
pg49346:char26870-27408,49346,"Nerone: commedia in cinque atti ed in versi, con prologo e note storiche",structural_14_line,14,"Ritraggi il piede, o folle giovinetta,",Non tiene imperio che una donna sola.,1f856d16e715f9d116041550e1d78b3c30a80190f0b3fd81c9b0c8ebae59b342,exclude_not_sonnet,"Fourteen-line detector window is continuous comedy dialogue, not a bounded sonnet."
pg49346:char40881-41429,49346,"Nerone: commedia in cinque atti ed in versi, con prologo e note storiche",structural_14_line,14,Ed io la prendo intera,Uomini veri e non roba da merce?,20fcab636f6ada50ad1c36633222cf9145edc20e7b62af2d2a5d8f547c6a7ea9,exclude_not_sonnet,"Fourteen-line detector window is continuous comedy dialogue, not a bounded sonnet."
pg57565:char120725-121295,57565,"Le tragedie, gl'inni sacri e le odi di Alessandro Manzoni",structural_14_line,14,"Paracar che scappée de Lombardia,",Sulla scerna del boja che ne scanna.,0613745fd6f11bc8826c906a71c1f6bf01baa39d489556a6ad2af2c32ee19026,exclude_nonstandard_language_sonnet,Verified Milanese sonnet by Carlo Porta; retained only as conditioned evidence and not authorized for standard-Italian activation.
pg57565:char216751-217443,57565,"Le tragedie, gl'inni sacri e le odi di Alessandro Manzoni",structural_14_line,8-6,. . . . Oh dolce madre!,"condotta col marito prigioniera in Francia, dove morì».",0a111f62877bb4634e0dde7cd34603398733191fa23846771a8853fe97b19ca5,exclude_not_sonnet,"Window combines a dramatic quotation with surrounding prose commentary, not a bounded sonnet."
pg57565:char257698-258286,57565,"Le tragedie, gl'inni sacri e le odi di Alessandro Manzoni",structural_14_line,14,"Ben fu degno d’honor l’atto gentile,",Quella che già ti spinse a l’ultime hore.,43eb3febee8bb5ab04d27a67bf982c8713c93cf6b02f574a99a933ca3e94ffdd,accept_structurally_verified_standard_sonnet,Bounded fourteen-line Italian poem has a coherent sonnet octave-and-sestet or quatrain-and-tercet rhyme structure.
pg57565:char506590-507146,57565,"Le tragedie, gl'inni sacri e le odi di Alessandro Manzoni",structural_14_line,14,Come pesante,Certo a punir. Se ancora....,d3852fbc5edc235e4801fbaaf5235c6a657e81cfeda13cc323383e87e90809dc,exclude_not_sonnet,"Fourteen-line window is continuous Adelchi dramatic verse, not a bounded sonnet."
pg57565:char710792-711635,57565,"Le tragedie, gl'inni sacri e le odi di Alessandro Manzoni",structural_14_line,14,«J’ai honte de vous parler encore de mon fameux coup de lance,énumération».[1029],b7f8f6aae28e1f9a51b9a125d332085d617ba4208c022a4fce71073c08d93beb,exclude_not_sonnet,"Fourteen-line detector window is a French prose letter, not a sonnet."
pg57565:char730708-731620,57565,"Le tragedie, gl'inni sacri e le odi di Alessandro Manzoni",structural_14_line,14,«Je ne crois pas vous avoir dit que M. Chauvet se proposait de,bientôt ou vous en dire ou vous en écrive davantage à ce sujet».,7cff03fc5b0fb3f49c2bcbc386df4a04538a5f3551c9b70ad531d0a89e4cc6b7,exclude_not_sonnet,"Fourteen-line detector window is a French prose letter, not a sonnet."
pg57565:char1090229-1090805,57565,"Le tragedie, gl'inni sacri e le odi di Alessandro Manzoni",structural_14_line,4-4-3-3,Come il divo Alighier l’ingrata Flora,"Pentita sempre, e non cangiata mai.",3acad58cbbddff636005d27c7440a0dc4442d98d90e932f65528edbeff32a8c7,accept_structurally_verified_standard_sonnet,Bounded fourteen-line Italian poem has a coherent sonnet octave-and-sestet or quatrain-and-tercet rhyme structure.
pg58615:char20423-20969,58615,Lirica,structural_14_line,4-4-3-3,"Egli era per lo più timido e muto,",Per l'amor suo — se quell'amor son io!,136a3a1b1eaf9bbcfea87621b322790f8520b031860bf3e8d02ddb3823dc7e3a,accept_structurally_verified_standard_sonnet,Bounded fourteen-line Italian poem has a coherent sonnet octave-and-sestet or quatrain-and-tercet rhyme structure.
pg58615:char22418-22958,58615,Lirica,structural_14_line,14,L'ho riveduto!,"Poichè, senza parlar, stese le braccia.",67f9e5573650f4f9dbd865a5233ccc70d3a21a95f965ba61c9600b5227877e4b,exclude_not_sonnet,"Fourteen-line lyric uses a refrain and irregular stanza/rhyme form, not a standard sonnet."
pg59568:char26169-26806,59568,"Il Ricciardetto, vol. I",structural_14_line,4-4-3-3,_La rocca del mio cor non è più forte_,_Pianger la persa signorìa primiera.[35]_,cc2d25f2d8d1481d4adad3d06bba7e44bd7a15161415240de26801ee118d9617,accept_structurally_verified_standard_sonnet,"Bounded fourteen-line poem has two quatrains and two tercets with coherent sonnet rhyme, including when quoted in critical narrative."
pg59568:char37230-37869,59568,"Il Ricciardetto, vol. I",structural_14_line,4-4-3-3,_L'argento e l'or che ognun desira e chiede_,_Gli rispondea dagli antri: Oh gran c..._,f326c38736e6e999e62ba1b814585695da74b314d9566e1f0a8590b3c2f56ff7,accept_structurally_verified_standard_sonnet,"Bounded fourteen-line poem has two quatrains and two tercets with coherent sonnet rhyme, including when quoted in critical narrative."
pg59568:char37907-38547,59568,"Il Ricciardetto, vol. I",structural_14_line,4-4-3-3,_Ad un vecchio di salcio arido stelo_,_Si ruppe il salcio e diè del c... in terra._,fd62bc24b29d2935e59acc0ecca3b85659022bc0d18074e7e06e8eec149e8216,accept_structurally_verified_standard_sonnet,"Bounded fourteen-line poem has two quatrains and two tercets with coherent sonnet rhyme, including when quoted in critical narrative."
pg59568:char46921-47557,59568,"Il Ricciardetto, vol. I",structural_14_line,4-4-3-3,"_Uh! che gentacce, Vergine Maria!_",_A far le spese voi gli avete a fare?[60]_,2b6b0e80883dd7e27c1fee01a79cbae71f2601bf4b40424e3dba2c026bc97485,accept_structurally_verified_standard_sonnet,"Bounded fourteen-line poem has two quatrains and two tercets with coherent sonnet rhyme, including when quoted in critical narrative."
pg59568:char47895-48512,59568,"Il Ricciardetto, vol. I",structural_14_line,4-4-3-3,"_Non ha tant'agli Prato e Siena matti,_",_Bietolon pedagogo da Buggiano._,0ccd5fbd3759044d7625d9eedbf4bdcd8eb2dc316f26afe0224d484fe9b69426,accept_structurally_verified_standard_sonnet,"Bounded fourteen-line poem has two quatrains and two tercets with coherent sonnet rhyme, including when quoted in critical narrative."
pg59568:char663740-664349,59568,"Il Ricciardetto, vol. I",structural_14_line,4-4-3-3,"Pallido, emunto, ma sereno il volto",E di prete non ha che il sacramento.,10458beedf64a25bcaf6c55cc728a11dd79a90e610021f31bdf31b4eee26dbc4,accept_structurally_verified_standard_sonnet,"Bounded fourteen-line poem has two quatrains and two tercets with coherent sonnet rhyme, including when quoted in critical narrative."
pg60092:char175603-176177,60092,La donna nella vita e nelle opere di Giacomo Leopardi,structural_14_line,14,Signor Conte..... le vuo' dire,"Ma circa amor, non ne facciamo niente.",ed6c1b6ac06e54a690c21252d124abbc06e7ea0c72d363a7224d76c8c7ed9c4e,accept_structurally_verified_standard_sonnet,Bounded fourteen-line Italian poem has a coherent sonnet octave-and-sestet or quatrain-and-tercet rhyme structure.
pg60092:char176644-177201,60092,La donna nella vita e nelle opere di Giacomo Leopardi,structural_14_line,14,Alma gentil che colassù n'andasti,Possa mertar delle belle alme il pianto.,1ed27a81a41ae61410dc022b2a0f9ea3c43217f53cf29d373ebe3a90d8a5756d,exclude_not_sonnet,"Fourteen-line invocation is continuous blank verse with omitted lines, not a sonnet."
pg60092:char178969-179560,60092,La donna nella vita e nelle opere di Giacomo Leopardi,structural_14_line,14,Altre sentii gli armonici concenti,Sì che all'onor d'Italia Eco risponda.,ce664b2e47e1215d7d4e443f3dd87c08274516327aa70f57a1dbb2eb5ac19801,accept_structurally_verified_standard_sonnet,Bounded fourteen-line Italian poem has a coherent sonnet octave-and-sestet or quatrain-and-tercet rhyme structure.
pg60092:char226855-227442,60092,La donna nella vita e nelle opere di Giacomo Leopardi,structural_14_line,14,"Salve stella d'Amor, salve o Fanciullo,",Che doni son d'Amor grazia e beltate.,37d3f03dfbca0c9172dfc1217b5bc6cf7a6736596b27503c527abf872f3fa94b,exclude_not_sonnet,"Fourteen-line invocation fragment is continuous blank verse, not a sonnet."
pg60160:char21763-22450,60160,Lea: dramma in tre atti in prosa con un prologo in versi,structural_14_line,14,"Trenta libretti, vedi, tengo nel mio cassetto",E i drammi nel cassetto...,4b1e47bb9bfb4f4deb34f25ac8b582427519b934c4d076b3fca51bd9e5fb31b4,exclude_not_sonnet,"Fourteen-line detector window is continuous dramatic dialogue, not a bounded sonnet."
pg60549:char4689-5278,60549,Liriche,structural_14_line,14,Come usignolo che soave canti,Sospirando ripete il bel desiro.,009b667c46c80ba003e2f28b9c0426b05fd6ca1228a53943e7dba5ef5f24a139,accept_structurally_verified_standard_sonnet,Bounded fourteen-line Italian poem has a coherent sonnet octave-and-sestet or quatrain-and-tercet rhyme structure.
pg60549:char47224-47809,60549,Liriche,structural_14_line,14,La giovin rigogliosa età serena,"VERGOGNE antiche, SCELLERANZE e GLORIE.",c709f48e34e036bd5b02ce7a330e78b512ce44cb219f018160ab7e81abdbbc0d,accept_structurally_verified_standard_sonnet,Bounded fourteen-line Italian poem has a coherent sonnet octave-and-sestet or quatrain-and-tercet rhyme structure.
pg63082:char20550-21330,63082,Pataffio - Tesoretto,structural_14_line,4-4-3-3,=Ne hai ne hai:= s'intende de' denari secondo il prov. =Chi non ha,una non men grossa dell'altra.,bed2be0eaa5a3ecb1a2acddc82b5d0f79a1b67fff8c00e5763416651bfd99406,exclude_not_sonnet,"Window combines a Pataffio tercet with prose glossary commentary, not a sonnet."
pg63082:char73975-74724,63082,Pataffio - Tesoretto,structural_14_line,4-4-3-3,=Penna muda:= È quel cambiar di penne che fan gli uccelli; cosa,Tra ugiole e barugiole con giardo.,c07aff29fdde03e7368753b7325f7e258b8be1891509a97e651e32bcff01be86,exclude_not_sonnet,"Window combines a Pataffio tercet with prose glossary commentary, not a sonnet."
pg63082:char82305-83090,63082,Pataffio - Tesoretto,structural_14_line,4-4-3-3,"=Fatt'è il becco all'oca:= il negozio è finito, la cosa è fatta.",e penosi taccoli.,9b78c50738534162c2711befc50e02591edde9629695fde421ed65d2b8bf82dc,exclude_not_sonnet,"Window combines a Pataffio tercet with prose glossary commentary, not a sonnet."
pg63082:char85582-86368,63082,Pataffio - Tesoretto,structural_14_line,4-4-3-3,=Le traveggole:= allucinamento. =Malemme:= mal uomo. =Chi nel viso,"questa lettera, e dir per esempio: =Pane nostru=. Rid.",53966d1dc95f555e72c136125873b1276322f88c924c144f687ab19eea35d127,exclude_not_sonnet,"Window combines a Pataffio tercet with prose glossary commentary, not a sonnet."
pg63082:char99879-100682,63082,Pataffio - Tesoretto,structural_14_line,4-4-3-3,"=Cusoffiole:= voce d'ammirazione e di sorpresa, come =capperi!=","Cardando, perchè teme nol ghermisce.",7ffc988edaf7f37a535dd0c3e52778d7a419df27c5deec523dbcdd7ea049f93b,exclude_not_sonnet,"Window combines a Pataffio tercet with prose glossary commentary, not a sonnet."
pg63082:char144959-145680,63082,Pataffio - Tesoretto,structural_14_line,4-4-3-3,"=Siri ec.= mentre ora badano alle baje, e non pensano a te.",sozzi equivoci.,f55eee6f1335dc0635539a2270ec3b16141b96faaada8284ccecd559a6795a4e,exclude_not_sonnet,"Window combines a Pataffio tercet with prose glossary commentary, not a sonnet."
pg63082:char186624-187357,63082,Pataffio - Tesoretto,structural_14_line,4-4-3-3,"=Mala sciarda:= la cattiva pelle, uomo d'iniqua razza; dal Franc.",Poi rose 'l pretesemol dentecchiando.,0f850629cad447eef8ba539cfbbb1775730d4a1060a376f34099cbc6f8f7a518,exclude_not_sonnet,"Window combines a Pataffio tercet with prose glossary commentary, not a sonnet."
pg63082:char249960-250766,63082,Pataffio - Tesoretto,structural_14_line,4-4-3-3,=Non posso ec.= dicesi dagli scapigliati di chi ha contratto certo,"Senza travagli dietro, o pur con pene.",2127240ca84d5d77b6391f83aec7f5657615d55c4b8b970e5bac7bd07fd7850c,exclude_not_sonnet,"Window combines a Pataffio tercet with prose glossary commentary, not a sonnet."
pg63082:char343761-344343,63082,Pataffio - Tesoretto,structural_14_line,4-4-3-3,Ritengo più che posso mio coraggio,"Pianger la sera, la notte, e 'l mattino.",8af31758fdf823dcac0c6a7b434bd6cdd106c9222b7404e8b73e031139961e0d,accept_structurally_verified_standard_sonnet,Bounded fourteen-line Italian poem has a coherent sonnet octave-and-sestet or quatrain-and-tercet rhyme structure.
pg77167:char151403-151978,77167,L'Acerba,structural_14_line,14,"Poi che morte le penne ha plombino,",Chiuderà giurno ne l’umano regno.,df7ec1d4f9611a0b03bd180b016eda9d4edc292cf530923d40eeb829de63064a,exclude_not_sonnet,"Window is an arbitrary fourteen-line slice of a longer Acerba capitolo, not a bounded sonnet."
pg77167:char155094-155657,77167,L'Acerba,structural_14_line,14,"Nocticora, querendo el cibo, grida;","Non vede, chè vivendo ella se more.",a2e7a375dab9e2706b0287ed167a80a9023d5d76e466c006401a261551b19819,exclude_not_sonnet,"Window is an arbitrary fourteen-line slice of a longer Acerba capitolo, not a bounded sonnet."
pg77167:char155678-156247,77167,L'Acerba,structural_14_line,14,In femina lo maschio transfigura [L. c. 39],Tu vidi trapassar in tempo curto.,7b4b68e317ad88ce6e03c5d0638e6d20713a1dee76ebdef8a42d4532b13ef3d0,exclude_not_sonnet,"Window is an arbitrary fourteen-line slice of a longer Acerba capitolo, not a bounded sonnet."
pg77167:char156267-156842,77167,L'Acerba,structural_14_line,14,La rondene doie petre preziose[110],Chè propria natura è lo peccare.,3e8364cc256408d414104136884886382dd13dd00183ae34e129ebfe85026b08,exclude_not_sonnet,"Window is an arbitrary fourteen-line slice of a longer Acerba capitolo, not a bounded sonnet."
pg77167:char157949-158535,77167,L'Acerba,structural_14_line,14,"El calandrello, qual’è tutto bianco,","Chè, astrimando, la morte gli è intorno.",9bf7c07e93792025bdcdebfb955225bdaa75db84ec48bf24e8e7e69c9ff7ddf0,exclude_not_sonnet,"Window is an arbitrary fourteen-line slice of a longer Acerba capitolo, not a bounded sonnet."
pg77167:char160984-161561,77167,L'Acerba,structural_14_line,14,"El grifo assai è forte, ma pur teme [L. c. 41 t.]",Già mai de soa salute non s’arietra.,f5c821b34b4252468d4260a082297f9504cfe941cabbef381cb918cebb757abc,exclude_not_sonnet,"Window is an arbitrary fourteen-line slice of a longer Acerba capitolo, not a bounded sonnet."
pg77167:char164079-164660,77167,L'Acerba,structural_14_line,14,"La tortora pur sè sola plangendo,","Ov’è la gloria, che sempre è infinita.",ada22b6e680840dba56f5b4e755a6c3aa7761e6f87930173eb49258691c25f7d,exclude_not_sonnet,"Window is an arbitrary fourteen-line slice of a longer Acerba capitolo, not a bounded sonnet."
pg77167:char164682-165254,77167,L'Acerba,structural_14_line,14,"Nasce onne corvo, per natura, bianco,",Sospir traendo de dolorosi guai.,3bf1cc3e4a988de524cf5ee82dccc1176fc4a7584fac82ff9f31873d4a1eb3f3,exclude_not_sonnet,"Window is an arbitrary fourteen-line slice of a longer Acerba capitolo, not a bounded sonnet."
pg77167:char165275-165877,77167,L'Acerba,structural_14_line,14,"Canta sì dolcemente la serena, [L. c. 43 t.]",El senno fa gran pena pe lo[125] danno.,a36b1cf0b334602ba2688fa5e8ee770de6e9f0c780be9ea091be8ab9b2a5d4b8,exclude_not_sonnet,"Window is an arbitrary fourteen-line slice of a longer Acerba capitolo, not a bounded sonnet."
pg77167:char165899-166482,77167,L'Acerba,structural_14_line,14,"Gronco, che dentro a le caverne nasce",A ciò che preso non sia da questo amo.,e0d90ef53a2caea6fc7c56052825c7c2a618b292dbe70a8925f2124bdb6f4155,exclude_not_sonnet,"Window is an arbitrary fourteen-line slice of a longer Acerba capitolo, not a bounded sonnet."
pg77167:char166858-167457,77167,L'Acerba,structural_14_line,14,"L’ostrega, quand’è la luna plena,",Nè damno fè già mai lo bel tacere.,3d7e16a5b79aa5bd426cf7cb4e624d0be529eee862d66762f45cc9ca3b67e06b,exclude_not_sonnet,"Window is an arbitrary fourteen-line slice of a longer Acerba capitolo, not a bounded sonnet."
pg77167:char168297-168892,77167,L'Acerba,structural_14_line,14,"Signor è ’l basalisco de’ serpenti, [L. c. 45]",Sì che lo nimico finalmente abbatte.,addede4df75d4d3059c2960b67e86dbc0b8d0fc4167bad705244f49309c33138,exclude_not_sonnet,"Window is an arbitrary fourteen-line slice of a longer Acerba capitolo, not a bounded sonnet."
pg77167:char168914-169488,77167,L'Acerba,structural_14_line,14,"L’aspido, ch’è aspro de veneno,",Chi tutto move iudica e discerne.,0e0de8fee1ca173d1b70859abe4aa34d1721c079aaf67bf94a6502e1d5e4e803,exclude_not_sonnet,"Window is an arbitrary fourteen-line slice of a longer Acerba capitolo, not a bounded sonnet."
pg77167:char172575-173133,77167,L'Acerba,structural_14_line,14,"Quando la Luna illuma ’l Scorpione,[137]",Che l’omo plù non cura d’altro onore.,34a3b354a238c1de33e213a5a00d37afbe46bb2da3e46d992fd141a0f4bb18cc,exclude_not_sonnet,"Window is an arbitrary fourteen-line slice of a longer Acerba capitolo, not a bounded sonnet."
pg77167:char179136-179695,77167,L'Acerba,structural_14_line,14,Cava li morti de le sepolture [L. c. 50],Se de resuscitar non semo accorti.,c019b1185c2fdfde204be235507403b217ea6a208c72795a4376af2d2eb48bff,exclude_not_sonnet,"Window is an arbitrary fourteen-line slice of a longer Acerba capitolo, not a bounded sonnet."
pg77167:char181432-182003,77167,L'Acerba,structural_14_line,14,Per terra va castoro con l’animali.,Pensa che de dolcezza pena nasce.,0f1a0d5df56840f460c3983b675683211cf9394ac1d53d66c129edcaabfe09c0,exclude_not_sonnet,"Window is an arbitrary fourteen-line slice of a longer Acerba capitolo, not a bounded sonnet."
pg77167:char183247-183833,77167,L'Acerba,structural_14_line,14,"El cervo in melodia se delecta,[153] [C. c. 48]",Che siano lor vertù qui ben aperte.,47082c87323ddcc3da3823e0df27bd4a02b3f6601305c0ee2ea781a6c6a1752e,exclude_not_sonnet,"Window is an arbitrary fourteen-line slice of a longer Acerba capitolo, not a bounded sonnet."
pg77167:char188279-188816,77167,L'Acerba,structural_14_line,14,"In graziosi raggi de lo sole,",In ciò non aggi la memoria molle.[157],541b9435e02812ee20739382cbef9aba203f041978fd6548abfedfe713a11a83,exclude_not_sonnet,"Window is an arbitrary fourteen-line slice of a longer Acerba capitolo, not a bounded sonnet."
