record_id,title,author,landing_page_url,reference_edition,editor,translator,digitization_credit,layout_credit,publication_credit,revision_credit,license_label,license_url,book_license_terms_url,required_notice,modification_notice,downstream_note,activation_status
ll:2344098,Delle Frascherie di Antonio Abati fasci tre,Antonio Abati,https://liberliber.it/autori/autori-a/antonio-abati/delle-frascherie-di-antonio-abati-fasci-tre/,"Delle Frascherie di Antonio Abati fasci tre / di Antonio Abati . - In Francfort [i.e. Venezia] : per li heredi Sardani, 1673. - 280, [8] p. ; 12º",,,David Ramanzini,,"Claudio Paganelli, Stefania Ronci",Claudio Paganelli,"Creative Commons ""Attribuzione - Non commerciale - Condividi allo stesso modo 4.0 Internazionale""",https://creativecommons.org/licenses/by-nc-sa/4.0/,https://liberliber.it/opere/libri/licenze/,Credit Liber Liber and named edition contributors; retain source link and CC BY-NC-SA 4.0 notice.,"Liber Liber wrappers removed; canonical, protected, and isolated-sonnet spans removed where ledgered; retained spelling and punctuation preserved.",Non-commercial and ShareAlike obligations apply to redistributed edition-derived text and its lineage.,inactive_pending_cross_archive_freeze
ll:2344100,Cose vedute,Giuseppe Cesare Abba,https://liberliber.it/autori/autori-a/giuseppe-cesare-abba/cose-vedute/,"Cose vedute : novelle / Giuseppe Cesare Abba ; con prefazione di Mario Pratesi. - Torino : S.T.E.N., 1912. – 288 p. : 1 ritr. ; 20 cm.",,,Paolo Alberti,Paolo Alberti,Catia Righi,Paolo Oliva,"Creative Commons ""Attribuzione - Non commerciale - Condividi allo stesso modo 4.0 Internazionale""",https://creativecommons.org/licenses/by-nc-sa/4.0/,https://liberliber.it/opere/libri/licenze/,Credit Liber Liber and named edition contributors; retain source link and CC BY-NC-SA 4.0 notice.,"Liber Liber wrappers removed; canonical, protected, and isolated-sonnet spans removed where ledgered; retained spelling and punctuation preserved.",Non-commercial and ShareAlike obligations apply to redistributed edition-derived text and its lineage.,inactive_pending_cross_archive_freeze
ll:2344104,Le rive della Bormida nel 1794,Giuseppe Cesare Abba,https://liberliber.it/autori/autori-a/giuseppe-cesare-abba/le-rive-della-bormida-nel-1794/,"Le rive della Bormida nel 1794 / racconto di Giuseppe Cesare Abba. - Milano : Tipografia E. Civelli e C., 1875. - 424 p. ; 19 cm.",,,"Distributed proofreaders, http://www.pgdp.net",Claudio Paganelli,Catia Righi,Claudio Paganelli,"Creative Commons ""Attribuzione - Non commerciale - Condividi allo stesso modo 4.0 Internazionale""",https://creativecommons.org/licenses/by-nc-sa/4.0/,https://liberliber.it/opere/libri/licenze/,Credit Liber Liber and named edition contributors; retain source link and CC BY-NC-SA 4.0 notice.,"Liber Liber wrappers removed; canonical, protected, and isolated-sonnet spans removed where ledgered; retained spelling and punctuation preserved.",Non-commercial and ShareAlike obligations apply to redistributed edition-derived text and its lineage.,inactive_pending_cross_archive_freeze
ll:2344132,Parvenze e sembianze,Adolfo Albertazzi,https://liberliber.it/autori/autori-a/adolfo-albertazzi/parvenze-e-sembianze/,"Parvenze e sembianze / Adolfo Albertazzi - Bologna : N. Zanichelli, 1892 - 233 p. ; 18 cm",,,Distributed proofreaders,Claudio Paganelli,Claudio Paganelli,Claudio Paganelli,"Creative Commons ""Attribuzione - Non commerciale - Condividi allo stesso modo 4.0 Internazionale""",https://creativecommons.org/licenses/by-nc-sa/4.0/,https://liberliber.it/opere/libri/licenze/,Credit Liber Liber and named edition contributors; retain source link and CC BY-NC-SA 4.0 notice.,"Liber Liber wrappers removed; canonical, protected, and isolated-sonnet spans removed where ledgered; retained spelling and punctuation preserved.",Non-commercial and ShareAlike obligations apply to redistributed edition-derived text and its lineage.,inactive_pending_cross_archive_freeze
ll:2344134,Vecchie storie d'amore,Adolfo Albertazzi,https://liberliber.it/autori/autori-a/adolfo-albertazzi/vecchie-storie-damore/,"Vecchie storie d'amore / Adolfo Albertazzi - Bologna : Ditta Nicola Zanichelli di Cesare e Giacomo Zanichelli, 1895 - 218 p. ; 19 cm",,,Distributed proofreaders,Claudio Paganelli,Claudio Paganelli,Claudio Paganelli,"Creative Commons ""Attribuzione - Non commerciale - Condividi allo stesso modo 4.0 Internazionale""",https://creativecommons.org/licenses/by-nc-sa/4.0/,https://liberliber.it/opere/libri/licenze/,Credit Liber Liber and named edition contributors; retain source link and CC BY-NC-SA 4.0 notice.,"Liber Liber wrappers removed; canonical, protected, and isolated-sonnet spans removed where ledgered; retained spelling and punctuation preserved.",Non-commercial and ShareAlike obligations apply to redistributed edition-derived text and its lineage.,inactive_pending_cross_archive_freeze
ll:2344155,Rime,Leon Battista Alberti,https://liberliber.it/autori/autori-a/leon-battista-alberti/rime/,"Opere volgari / Leon Battista Alberti ; a cura di Cecil Grayson. - Bari : Gius. Laterza & Figli. - v. ; 22 cm.Vol. 2 : Rime e trattati morali / Leon Battista Alberti. - Bari : Gius. Laterza & Figli, 1966. - 474 p. ; 22 cm. - (Scrittori d'Italia ; 234)",Cecil Grayson,,Catia Righi,Catia Righi,Catia Righi,Claudio Paganelli,"Creative Commons ""Attribuzione - Non commerciale - Condividi allo stesso modo 4.0 Internazionale""",https://creativecommons.org/licenses/by-nc-sa/4.0/,https://liberliber.it/opere/libri/licenze/,Credit Liber Liber and named edition contributors; retain source link and CC BY-NC-SA 4.0 notice.,"Liber Liber wrappers removed; canonical, protected, and isolated-sonnet spans removed where ledgered; retained spelling and punctuation preserved.",Non-commercial and ShareAlike obligations apply to redistributed edition-derived text and its lineage.,inactive_pending_cross_archive_freeze
ll:2344213,Vita nuova,Dante Alighieri,https://liberliber.it/autori/autori-a/dante-alighieri/vita-nuova/,"Tutte le opere / Dante Alighieri ; con indice analitico generale dei nomi di persona, luoghi e cose. - 6. ed. - [Firenze] : Barbera, 1965. - 453, CLVII p. ; 19 cm.. - [BNI] 658799.",,,Luca Tringali,Luca Tringali,Marco Calvo,Luca Tringali,"Creative Commons ""Attribuzione - Non commerciale - Condividi allo stesso modo 4.0 Internazionale""",https://creativecommons.org/licenses/by-nc-sa/4.0/,https://liberliber.it/opere/libri/licenze/,Credit Liber Liber and named edition contributors; retain source link and CC BY-NC-SA 4.0 notice.,"Liber Liber wrappers removed; canonical, protected, and isolated-sonnet spans removed where ledgered; retained spelling and punctuation preserved.",Non-commercial and ShareAlike obligations apply to redistributed edition-derived text and its lineage.,inactive_pending_cross_archive_freeze
ll:2344386,Capitan Dodero,Anton Giulio Barrili,https://liberliber.it/autori/autori-b/anton-giulio-barrili/capitan-dodero/,"Capitan Dodero : novella / di Anton Giulio Barrili. 2. ed.. - Milano : E. Treves, 1872. - 131 p. ; 16 cm.",,,Paolo Alberti,Claudio Paganelli,Claudio Paganelli,Claudio Paganelli,"Creative Commons ""Attribuzione - Non commerciale - Condividi allo stesso modo 4.0 Internazionale""",https://creativecommons.org/licenses/by-nc-sa/4.0/,https://liberliber.it/opere/libri/licenze/,Credit Liber Liber and named edition contributors; retain source link and CC BY-NC-SA 4.0 notice.,"Liber Liber wrappers removed; canonical, protected, and isolated-sonnet spans removed where ledgered; retained spelling and punctuation preserved.",Non-commercial and ShareAlike obligations apply to redistributed edition-derived text and its lineage.,inactive_pending_cross_archive_freeze
ll:2344389,Con Garibaldi alle porte di Roma,Anton Giulio Barrili,https://liberliber.it/autori/autori-b/anton-giulio-barrili/con-garibaldi-alle-porte-di-roma/,"Con Garibaldi alle porte di Roma : 1867 : ricordi e note / di Anton Giulio Barrili. - Milano : Treves, [1895]. - 288 p. ; 15 cm. - Data della pref.. - CUBI 58136. - [BNI] 1895 9197.",,,"Distributed proofreaders, https://www.pgdp.net/",Claudio Paganelli,Claudio Paganelli,Claudio Paganelli,"Creative Commons ""Attribuzione - Non commerciale - Condividi allo stesso modo 4.0 Internazionale""",https://creativecommons.org/licenses/by-nc-sa/4.0/,https://liberliber.it/opere/libri/licenze/,Credit Liber Liber and named edition contributors; retain source link and CC BY-NC-SA 4.0 notice.,"Liber Liber wrappers removed; canonical, protected, and isolated-sonnet spans removed where ledgered; retained spelling and punctuation preserved.",Non-commercial and ShareAlike obligations apply to redistributed edition-derived text and its lineage.,inactive_pending_cross_archive_freeze
ll:2344496,Ciondolino,Luigi Bertelli (detto Vamba),https://liberliber.it/autori/autori-b/luigi-bertelli-detto-vamba/ciondolino/,"Ciondolino : Libro per ragazzi / Vamba (Luigi Bertelli) ; Con 66 tavole in tricromia e 300 disegni originali di Attilio Mussino. - Firenze : R. Bemporad e Figlio Edit. Tip., 1931. – 327 p. : ill. ; 19 cm",,,Alberto Montemagni,Alberto Montemagni,"Claudio Paganelli, Claudia Pantanetti",Claudio Paganelli,"Creative Commons ""Attribuzione - Non commerciale - Condividi allo stesso modo 4.0 Internazionale""",https://creativecommons.org/licenses/by-nc-sa/4.0/,https://liberliber.it/opere/libri/licenze/,Credit Liber Liber and named edition contributors; retain source link and CC BY-NC-SA 4.0 notice.,"Liber Liber wrappers removed; canonical, protected, and isolated-sonnet spans removed where ledgered; retained spelling and punctuation preserved.",Non-commercial and ShareAlike obligations apply to redistributed edition-derived text and its lineage.,inactive_pending_cross_archive_freeze
ll:2344812,Il Drago e cinque altre novelle per fanciulli,Luigi Capuana,https://liberliber.it/autori/autori-c/luigi-capuana/il-drago-e-cinque-altre-novelle-per-fanciulli/,"Il drago e cinque altre novelle pei fanciulli / Luigi Capuana. - 2. ed. - Torino : G. B. Paravia, 1907. - 95 p. ; 20 cm. - [BNI] 1933 9304.",,,"Paolo Alberti, Catia Righi, Stefano Fascetti",Stefano Fascetti,"Catia Righi, Marco Calvo, http://www.marcocalvo.it/","Livia Bidoli, Ugo Santamaria (ePub)","Creative Commons ""Attribuzione - Non commerciale - Condividi allo stesso modo 4.0 Internazionale""",https://creativecommons.org/licenses/by-nc-sa/4.0/,https://liberliber.it/opere/libri/licenze/,Credit Liber Liber and named edition contributors; retain source link and CC BY-NC-SA 4.0 notice.,"Liber Liber wrappers removed; canonical, protected, and isolated-sonnet spans removed where ledgered; retained spelling and punctuation preserved.",Non-commercial and ShareAlike obligations apply to redistributed edition-derived text and its lineage.,inactive_pending_cross_archive_freeze
ll:2344830,Schiaccianoci ed altri racconti,Luigi Capuana,https://liberliber.it/autori/autori-c/luigi-capuana/schiaccianoci-ed-altri-racconti/,"Schiaccianoci ed altri racconti / Luigi Capuana ; illustrazioni di Carlo Chiostri. - 4. ed. - Firenze : Marzocco, 1940. - 199 p. : ill. ; 19 cm. - (Biblioteca Marzocco per i ragazzi).)",,,Paolo Alberti,Paolo Alberti,Claudio Paganelli,Elena Macciocu,"Creative Commons ""Attribuzione - Non commerciale - Condividi allo stesso modo 4.0 Internazionale""",https://creativecommons.org/licenses/by-nc-sa/4.0/,https://liberliber.it/opere/libri/licenze/,Credit Liber Liber and named edition contributors; retain source link and CC BY-NC-SA 4.0 notice.,"Liber Liber wrappers removed; canonical, protected, and isolated-sonnet spans removed where ledgered; retained spelling and punctuation preserved.",Non-commercial and ShareAlike obligations apply to redistributed edition-derived text and its lineage.,inactive_pending_cross_archive_freeze
ll:2344833,Tutte le fiabe,Luigi Capuana,https://liberliber.it/autori/autori-c/luigi-capuana/tutte-le-fiabe/,"Tutte le fiabe / Luigi Capuana ; introduzione di Giulio Cattaneo. – Roma : Newton, 1992. - 594 p. ; 22 cm",,,"Stefano D'Urso, Edda Valsecchi","Stefano D'Urso, Edda Valsecchi, Claudio Paganelli","Maria Mataluno, Claudio Paganelli, Claudia Pantanetti","Stefano D'Urso, Edda Valsecchi, Claudio Paganelli","Creative Commons ""Attribuzione - Non commerciale - Condividi allo stesso modo 4.0 Internazionale""",https://creativecommons.org/licenses/by-nc-sa/4.0/,https://liberliber.it/opere/libri/licenze/,Credit Liber Liber and named edition contributors; retain source link and CC BY-NC-SA 4.0 notice.,"Liber Liber wrappers removed; canonical, protected, and isolated-sonnet spans removed where ledgered; retained spelling and punctuation preserved.",Non-commercial and ShareAlike obligations apply to redistributed edition-derived text and its lineage.,inactive_pending_cross_archive_freeze
ll:2344942,Sonetti,Angelo Cenni,https://liberliber.it/autori/autori-c/angelo-cenni/sonetti/,"Sonetti del Burchiello del Bellincioni e d'altri poeti fiorentini alla burchiellesca. - In Londra [i. e. Lucca ; Pisa], 1757. - VIII, XVI, 295, [1], XX, 80 p., [2] c. di tav. : front. e ritr. calcogr. ; 8°.",,,Andrea Pedrazzini,Andrea Pedrazzini,Claudio Paganelli,Claudio Paganelli,"Creative Commons ""Attribuzione - Non commerciale - Condividi allo stesso modo 4.0 Internazionale""",https://creativecommons.org/licenses/by-nc-sa/4.0/,https://liberliber.it/opere/libri/licenze/,Credit Liber Liber and named edition contributors; retain source link and CC BY-NC-SA 4.0 notice.,"Liber Liber wrappers removed; canonical, protected, and isolated-sonnet spans removed where ledgered; retained spelling and punctuation preserved.",Non-commercial and ShareAlike obligations apply to redistributed edition-derived text and its lineage.,inactive_pending_cross_archive_freeze
ll:2344960,L'eredità Ferramonti,Gaetano Carlo Chelli,https://liberliber.it/autori/autori-c/gaetano-carlo-chelli/leredita-ferramonti/,"L'eredità Ferramonti / Gaetano Carlo Chelli ; nota introduttiva di Roberto Bigazzi. - Torino : Einaudi, 1972. - XXIX, 210 p. ; 20 cm. - (Centopagine ; 19).) - [BNI] 731683.",,,"Clelia Mussari, Marina De Stasio, Claudio Paganelli","Clelia Mussari, Marina De Stasio, Claudio Paganelli",Marco Calvo,"Clelia Mussari, Marina De Stasio, Claudio Paganelli","Creative Commons ""Attribuzione - Non commerciale - Condividi allo stesso modo 4.0 Internazionale""",https://creativecommons.org/licenses/by-nc-sa/4.0/,https://liberliber.it/opere/libri/licenze/,Credit Liber Liber and named edition contributors; retain source link and CC BY-NC-SA 4.0 notice.,"Liber Liber wrappers removed; canonical, protected, and isolated-sonnet spans removed where ledgered; retained spelling and punctuation preserved.",Non-commercial and ShareAlike obligations apply to redistributed edition-derived text and its lineage.,inactive_pending_cross_archive_freeze
ll:2344978,Fiabe abruzzesi,Domenico Ciampoli,https://liberliber.it/autori/autori-c/domenico-ciampoli/fiabe-abruzzesi/,"Fiabe abruzzesi / Domenico Ciampoli. - Lecce : S. Ammirato, 1880. - 81 p. ; 18 cm. - Contiene: La rupe della Zita ; La maggiorana ; Asilo ; Il poema di Corradino ; Il duca zoppo..",,,Andrea Pedrazzini,Andrea Pedrazzini,Claudio Paganelli,Claudio Paganelli,"Creative Commons ""Attribuzione - Non commerciale - Condividi allo stesso modo 4.0 Internazionale""",https://creativecommons.org/licenses/by-nc-sa/4.0/,https://liberliber.it/opere/libri/licenze/,Credit Liber Liber and named edition contributors; retain source link and CC BY-NC-SA 4.0 notice.,"Liber Liber wrappers removed; canonical, protected, and isolated-sonnet spans removed where ledgered; retained spelling and punctuation preserved.",Non-commercial and ShareAlike obligations apply to redistributed edition-derived text and its lineage.,inactive_pending_cross_archive_freeze
ll:2345024,I ragazzi grandi,Carlo Collodi (alias Carlo Lorenzini),https://liberliber.it/autori/autori-c/carlo-collodi-alias-carlo-lorenzini/i-ragazzi-grandi/,"I ragazzi grandi / Carlo Collodi ; a cura di Daniela Marcheschi ; con una nota di Carlo A. Madrignani. - Palermo : Sellerio, 1989. - 130 p. ; 17 cm. - (La memoria ; 202).) - [BNI] 91-10591.",Daniela Marcheschi,,Edda Valsecchi,Edda Valsecchi,Marco Calvo,Claudio Paganelli,"Creative Commons ""Attribuzione - Non commerciale - Condividi allo stesso modo 4.0 Internazionale""",https://creativecommons.org/licenses/by-nc-sa/4.0/,https://liberliber.it/opere/libri/licenze/,Credit Liber Liber and named edition contributors; retain source link and CC BY-NC-SA 4.0 notice.,"Liber Liber wrappers removed; canonical, protected, and isolated-sonnet spans removed where ledgered; retained spelling and punctuation preserved.",Non-commercial and ShareAlike obligations apply to redistributed edition-derived text and its lineage.,inactive_pending_cross_archive_freeze
ll:2345025,Storie allegre,Carlo Collodi (alias Carlo Lorenzini),https://liberliber.it/autori/autori-c/carlo-collodi-alias-carlo-lorenzini/storie-allegre/,"Fiabe e racconti : i racconti delle fate, Le avventure di Pinocchio, Storie allegre / Carlo Collodi. - Roma : Grandi tascabili economici Newton, 1992. - 428 p. ; 22 cm.. - (Grandi tascabili economici ; 173)",,,Stefano D'Urso,Stefano D'Urso,Marco Calvo,Stefano D'Urso,"Creative Commons ""Attribuzione - Non commerciale - Condividi allo stesso modo 4.0 Internazionale""",https://creativecommons.org/licenses/by-nc-sa/4.0/,https://liberliber.it/opere/libri/licenze/,Credit Liber Liber and named edition contributors; retain source link and CC BY-NC-SA 4.0 notice.,"Liber Liber wrappers removed; canonical, protected, and isolated-sonnet spans removed where ledgered; retained spelling and punctuation preserved.",Non-commercial and ShareAlike obligations apply to redistributed edition-derived text and its lineage.,inactive_pending_cross_archive_freeze
ll:2345481,Gli elogi del porco,Giuseppe Ferrari [1720 - 1773],https://liberliber.it/autori/autori-f/giuseppe-ferrari-1720-1773/gli-elogi-del-porco/,"Gli elogi del porco capitoli berneschi di Tigrinto Bistonio p. a., e accademico ducale de' Dissonanti di Modena - In Modena : per gli eredi di Bartolomeo Soliani stampatori ducali, 1761 - XLVIII p. ; 4o [( Nome reale dell'autore: Giuseppe Ferrari (si ricava dal testo) , Prefazione di Carlo Antonio Giardini , Dedicatoria dell'A. a Giambattista Arnaldi, Contiene anche: Lettera dell'A. all'abate Frugoni, con risposta di quest'ultimo, Front. in rosso e nero, Vignetta sul fronte, Segn.: A-C8, Iniziali xil )]",,,Sergio Lasi,,"Claudio Paganelli, Claudia Pantanetti",Claudio Paganelli,"Creative Commons ""Attribuzione - Non commerciale - Condividi allo stesso modo 4.0 Internazionale""",https://creativecommons.org/licenses/by-nc-sa/4.0/,https://liberliber.it/opere/libri/licenze/,Credit Liber Liber and named edition contributors; retain source link and CC BY-NC-SA 4.0 notice.,"Liber Liber wrappers removed; canonical, protected, and isolated-sonnet spans removed where ledgered; retained spelling and punctuation preserved.",Non-commercial and ShareAlike obligations apply to redistributed edition-derived text and its lineage.,inactive_pending_cross_archive_freeze
ll:2345554,Il mistero del poeta,Antonio Fogazzaro,https://liberliber.it/autori/autori-f/antonio-fogazzaro/il-mistero-del-poeta/,"Il mistero del poeta : romanzo / Antonio Fogazzaro. - Milano : G. Galli, 1888. - 379 p. ; 19 cm.. - (Raccolta dei migliori romanzi italiani moderni)",,,Distributed Proofreaders,"Claudio Paganelli, Mauro Saveri (ePub) Carlo F. Traverso (revisione ePub)","Claudio Paganelli, Ugo Santamaria (ePub)",Claudio Paganelli,"Creative Commons ""Attribuzione - Non commerciale - Condividi allo stesso modo 4.0 Internazionale""",https://creativecommons.org/licenses/by-nc-sa/4.0/,https://liberliber.it/opere/libri/licenze/,Credit Liber Liber and named edition contributors; retain source link and CC BY-NC-SA 4.0 notice.,"Liber Liber wrappers removed; canonical, protected, and isolated-sonnet spans removed where ledgered; retained spelling and punctuation preserved.",Non-commercial and ShareAlike obligations apply to redistributed edition-derived text and its lineage.,inactive_pending_cross_archive_freeze
ll:2346352,L'arte di prender marito,Paolo Mantegazza,https://liberliber.it/autori/autori-m/paolo-mantegazza/larte-di-prender-marito-per-far-seguito-a-larte-di-prender-moglie/,"L'arte di prender marito : per far seguito a ""L'arte di prender moglie"" / Paolo Mantegazza. - Milano : Fratelli Treves, 1894. - 255 p. ; 16 cm..",,,"Distributed proofreaders, https://www.pgdp.net/",Claudio Paganelli,Claudio Paganelli,Claudio Paganelli,"Creative Commons ""Attribuzione - Non commerciale - Condividi allo stesso modo 4.0 Internazionale""",https://creativecommons.org/licenses/by-nc-sa/4.0/,https://liberliber.it/opere/libri/licenze/,Credit Liber Liber and named edition contributors; retain source link and CC BY-NC-SA 4.0 notice.,"Liber Liber wrappers removed; canonical, protected, and isolated-sonnet spans removed where ledgered; retained spelling and punctuation preserved.",Non-commercial and ShareAlike obligations apply to redistributed edition-derived text and its lineage.,inactive_pending_cross_archive_freeze
ll:2346651,L'indomani,Neera (alias Anna Radius Zuccari),https://liberliber.it/autori/autori-n/neera-alias-anna-radius-zuccari/lindomani/,"L'indomani / Neera. - Milano : Libr. Edit. Galli di Chiesa e Guindani, 1889 (Tip. Lombardi). - VIII, 215 p. ; 20 cm.. - CUBI 408171. - [BNI] 1889 4705.",,,"Distributed Proofreaders, https://www.pgdp.net/ Claudio Paganelli",,Claudio Paganelli,Claudio Paganelli,"Creative Commons ""Attribuzione - Non commerciale - Condividi allo stesso modo 4.0 Internazionale""",https://creativecommons.org/licenses/by-nc-sa/4.0/,https://liberliber.it/opere/libri/licenze/,Credit Liber Liber and named edition contributors; retain source link and CC BY-NC-SA 4.0 notice.,"Liber Liber wrappers removed; canonical, protected, and isolated-sonnet spans removed where ledgered; retained spelling and punctuation preserved.",Non-commercial and ShareAlike obligations apply to redistributed edition-derived text and its lineage.,inactive_pending_cross_archive_freeze
ll:2346657,Teresa,Neera (alias Anna Radius Zuccari),https://liberliber.it/autori/autori-n/neera-alias-anna-radius-zuccari/teresa/,"Teresa / Neera ; nota introduttiva di Luigi Baldacci. - Torino : Einaudi, [1976]. - XIV, 208 p. ; 20 cm.. - (Centopagine ; 42). - [BNI] 781881.",,,Clelia Mussari,,"Marco Calvo, https://www.marcocalvo.it/","Marina De Stasio, Claudio Paganelli","Creative Commons ""Attribuzione - Non commerciale - Condividi allo stesso modo 4.0 Internazionale""",https://creativecommons.org/licenses/by-nc-sa/4.0/,https://liberliber.it/opere/libri/licenze/,Credit Liber Liber and named edition contributors; retain source link and CC BY-NC-SA 4.0 notice.,"Liber Liber wrappers removed; canonical, protected, and isolated-sonnet spans removed where ledgered; retained spelling and punctuation preserved.",Non-commercial and ShareAlike obligations apply to redistributed edition-derived text and its lineage.,inactive_pending_cross_archive_freeze
ll:2346835,Le novelle della nonna,Emma Perodi,https://liberliber.it/autori/autori-p/emma-perodi/le-novelle-della-nonna/,"""Le novelle della nonna"" di Emma Perodi Newton Compton Editori s.r.l., Roma, 1992. Grandi Tascabili Economici n. 175",,,Stefano D'Urso,"Stefano D'Urso, Catia Righi","Stefano D'Urso, Catia Righi",Stefano D'Urso,"Creative Commons ""Attribuzione - Non commerciale - Condividi allo stesso modo 4.0 Internazionale""",https://creativecommons.org/licenses/by-nc-sa/4.0/,https://liberliber.it/opere/libri/licenze/,Credit Liber Liber and named edition contributors; retain source link and CC BY-NC-SA 4.0 notice.,"Liber Liber wrappers removed; canonical, protected, and isolated-sonnet spans removed where ledgered; retained spelling and punctuation preserved.",Non-commercial and ShareAlike obligations apply to redistributed edition-derived text and its lineage.,inactive_pending_cross_archive_freeze
ll:2346867,L'assassinio nel vicolo della luna,Jarro (alias Giulio Piccini),https://liberliber.it/autori/autori-j/jarro-alias-giulio-piccini/lassassinio-nel-vicolo-della-luna/,"L'assassinio nel vicolo della luna: romanzo / di Jarro (Giulio Piccini) - Milano: Treves, 1891 - XII, 237 p. ; 18 cm",,,Sergio Lasi,,Claudio Paganelli,Claudio Paganelli,"Creative Commons ""Attribuzione - Non commerciale - Condividi allo stesso modo 4.0 Internazionale""",https://creativecommons.org/licenses/by-nc-sa/4.0/,https://liberliber.it/opere/libri/licenze/,Credit Liber Liber and named edition contributors; retain source link and CC BY-NC-SA 4.0 notice.,"Liber Liber wrappers removed; canonical, protected, and isolated-sonnet spans removed where ledgered; retained spelling and punctuation preserved.",Non-commercial and ShareAlike obligations apply to redistributed edition-derived text and its lineage.,inactive_pending_cross_archive_freeze
ll:2346990,Il Milione,Marco Polo,https://liberliber.it/autori/autori-p/marco-polo/il-milione/,"""Il Milione"" di Marco Polo; prefazione di Giorgio Manganelli; a cura di Antonio Lanza; tavole di Fabrizio Clerici;L'Unita - Editori riuniti; Roma, 1981 Edizione fuori commercio riservata agli abbonati per l'anno 1982",Antonio Lanza,,"Claudio Paganelli, Ugo Santamaria",Ugo Santamaria,"Claudio Paganelli, Rosario Di Mauro (ePub) Ugo Santamaria","Claudio Paganelli, Ugo Santamaria","Creative Commons ""Attribuzione - Non commerciale - Condividi allo stesso modo 4.0 Internazionale""",https://creativecommons.org/licenses/by-nc-sa/4.0/,https://liberliber.it/opere/libri/licenze/,Credit Liber Liber and named edition contributors; retain source link and CC BY-NC-SA 4.0 notice.,"Liber Liber wrappers removed; canonical, protected, and isolated-sonnet spans removed where ledgered; retained spelling and punctuation preserved.",Non-commercial and ShareAlike obligations apply to redistributed edition-derived text and its lineage.,inactive_pending_cross_archive_freeze
ll:2347103,La scuola di Linda,Regina di Luanto (alias Anna Guendalina Lipparini sposata Roti),https://liberliber.it/autori/autori-r/regina-di-luanto-alias-anna-guendalina-lipparini-sposata-roti/la-scuola-di-linda/,"La scuola di Linda : Romanzo / Regina di Luanto. Torino : L. Roux e C. Edit., 1894 - 16. p. 376",,,Paolo Alberti,Paolo Alberti,Claudio Paganelli,Edda Valsecchi,"Creative Commons ""Attribuzione - Non commerciale - Condividi allo stesso modo 4.0 Internazionale""",https://creativecommons.org/licenses/by-nc-sa/4.0/,https://liberliber.it/opere/libri/licenze/,Credit Liber Liber and named edition contributors; retain source link and CC BY-NC-SA 4.0 notice.,"Liber Liber wrappers removed; canonical, protected, and isolated-sonnet spans removed where ledgered; retained spelling and punctuation preserved.",Non-commercial and ShareAlike obligations apply to redistributed edition-derived text and its lineage.,inactive_pending_cross_archive_freeze
ll:2347298,Le novelle marinaresche di mastro Catrame,Emilio Salgari,https://liberliber.it/autori/autori-s/emilio-salgari/le-novelle-marinaresche-di-mastro-catrame/,"Le novelle marinaresche di mastro Catrame / Emilio Salgari. - Torino : Einaudi, [1973]. - 117 p. : ill. ; 24 cm. - (Libri per ragazzi ; 33).)",,,Gigi Zazzera,,Claudio Paganelli,Claudio Paganelli,"Creative Commons ""Attribuzione - Non commerciale - Condividi allo stesso modo 4.0 Internazionale""",https://creativecommons.org/licenses/by-nc-sa/4.0/,https://liberliber.it/opere/libri/licenze/,Credit Liber Liber and named edition contributors; retain source link and CC BY-NC-SA 4.0 notice.,"Liber Liber wrappers removed; canonical, protected, and isolated-sonnet spans removed where ledgered; retained spelling and punctuation preserved.",Non-commercial and ShareAlike obligations apply to redistributed edition-derived text and its lineage.,inactive_pending_cross_archive_freeze
ll:2347301,I pirati della Malesia,Emilio Salgari,https://liberliber.it/autori/autori-s/emilio-salgari/i-pirati-della-malesia/,"I pirati della Malesia / Emilio Salgari ; a cura di Sergio Campailla. - Ed. integrale. - Roma : Newton, 1994. - 221 p. : ill. ; 22 cm. - (Biblioteca economica Newton. Sezione ragazzi ; 12)",Sergio Campailla,,Claudio Paganelli,Marco Totolo Carlo F. Traverso (revisione ePub),"Claudio Paganelli, Ugo Santamaria",Claudio Paganelli,"Creative Commons ""Attribuzione - Non commerciale - Condividi allo stesso modo 4.0 Internazionale""",https://creativecommons.org/licenses/by-nc-sa/4.0/,https://liberliber.it/opere/libri/licenze/,Credit Liber Liber and named edition contributors; retain source link and CC BY-NC-SA 4.0 notice.,"Liber Liber wrappers removed; canonical, protected, and isolated-sonnet spans removed where ledgered; retained spelling and punctuation preserved.",Non-commercial and ShareAlike obligations apply to redistributed edition-derived text and its lineage.,inactive_pending_cross_archive_freeze
ll:2347859,La Lupa,Giovanni Verga,https://liberliber.it/autori/autori-v/giovanni-verga/la-lupa/,"Teatro / Giovanni Verga ; introduzione note e apparati di Gianni Oliva. - Milano : Garzanti, 1987. - LXXXI, 571 p. : 1 ritr. ; 18 cm.. - (I grandi libri Garzanti ; 353).",Gianni Oliva,,Umberto Mezzetti,Umberto Mezzetti,Catia Righi,Catia Righi,"Creative Commons ""Attribuzione - Non commerciale - Condividi allo stesso modo 4.0 Internazionale""",https://creativecommons.org/licenses/by-nc-sa/4.0/,https://liberliber.it/opere/libri/licenze/,Credit Liber Liber and named edition contributors; retain source link and CC BY-NC-SA 4.0 notice.,"Liber Liber wrappers removed; canonical, protected, and isolated-sonnet spans removed where ledgered; retained spelling and punctuation preserved.",Non-commercial and ShareAlike obligations apply to redistributed edition-derived text and its lineage.,inactive_pending_cross_archive_freeze
ll:2347861,Il marito di Elena,Giovanni Verga,https://liberliber.it/autori/autori-v/giovanni-verga/il-marito-di-elena/,"Romanzi / Giovanni Verga. - Trento : Reverdito, 1995. - XI, 563 p. ; 21 cm. - (I grandi classici).) - Contiene: Mastro don Gesualdo ; I Malavoglia ; Il marito di Elena.",,,Edda Valsecchi,Carlo F. Traverso (ePub e ODT) Marco Totolo (revisione ePub),Edda Valsecchi,"Catia Righi, Ugo Santamaria","Creative Commons ""Attribuzione - Non commerciale - Condividi allo stesso modo 4.0 Internazionale""",https://creativecommons.org/licenses/by-nc-sa/4.0/,https://liberliber.it/opere/libri/licenze/,Credit Liber Liber and named edition contributors; retain source link and CC BY-NC-SA 4.0 notice.,"Liber Liber wrappers removed; canonical, protected, and isolated-sonnet spans removed where ledgered; retained spelling and punctuation preserved.",Non-commercial and ShareAlike obligations apply to redistributed edition-derived text and its lineage.,inactive_pending_cross_archive_freeze
ll:2347864,Una peccatrice,Giovanni Verga,https://liberliber.it/autori/autori-v/giovanni-verga/una-peccatrice/,"Una peccatrice / Giovanni Verga ; introduzione di Leone Piccioni. - Ed. integrale. - Roma : Tascabili economici Newton, 1995. - 98 p. ; 21 cm.. - (Centopaginemillelire ; 223)",,,Stefano D'Urso,Carlo F. Traverso (ePub e ODT)) Marco Totolo (revisione ePub),Redazione Liber Liber. Ugo Santamaria (ePub),Stefano D'Urso,"Creative Commons ""Attribuzione - Non commerciale - Condividi allo stesso modo 4.0 Internazionale""",https://creativecommons.org/licenses/by-nc-sa/4.0/,https://liberliber.it/opere/libri/licenze/,Credit Liber Liber and named edition contributors; retain source link and CC BY-NC-SA 4.0 notice.,"Liber Liber wrappers removed; canonical, protected, and isolated-sonnet spans removed where ledgered; retained spelling and punctuation preserved.",Non-commercial and ShareAlike obligations apply to redistributed edition-derived text and its lineage.,inactive_pending_cross_archive_freeze
ll:2347868,Tigre reale,Giovanni Verga,https://liberliber.it/autori/autori-v/giovanni-verga/tigre-reale/,"Romanzi giovanili / Giovanni Verga ; postfazione di Giuseppe Leonelli. - Milano : Frassinelli, \1996!. - 631 p. ; 20 cm. - (I classici classici ; 22).) - Contiene: Una peccatrice, Storia di una capinera, Eva, Tigre reale, Eros, La lupa.",,,Massimo Celani,"Massimo Celani, Carlo F. Traverso (ePub e ODT) Marco Totolo (revisione ePub)",Marco Calvo Ugo Santamaria (ePub),Claudio Paganelli,"Creative Commons ""Attribuzione - Non commerciale - Condividi allo stesso modo 4.0 Internazionale""",https://creativecommons.org/licenses/by-nc-sa/4.0/,https://liberliber.it/opere/libri/licenze/,Credit Liber Liber and named edition contributors; retain source link and CC BY-NC-SA 4.0 notice.,"Liber Liber wrappers removed; canonical, protected, and isolated-sonnet spans removed where ledgered; retained spelling and punctuation preserved.",Non-commercial and ShareAlike obligations apply to redistributed edition-derived text and its lineage.,inactive_pending_cross_archive_freeze
ll:2361848,Tempeste,Ada Negri,https://liberliber.it/autori/autori-n/ada-negri/tempeste/,"Tempeste / Ada Negri - Milano : Treves, 1896 - 319 p. ; 15 cm.",,,"Distributed proofreaders, http://www.pgdp.net/",,Claudio Paganelli,Maria Grazia Gentili,"Creative Commons ""Attribuzione - Non commerciale - Condividi allo stesso modo 4.0 Internazionale""",https://creativecommons.org/licenses/by-nc-sa/4.0/,https://liberliber.it/opere/libri/licenze/,Credit Liber Liber and named edition contributors; retain source link and CC BY-NC-SA 4.0 notice.,"Liber Liber wrappers removed; canonical, protected, and isolated-sonnet spans removed where ledgered; retained spelling and punctuation preserved.",Non-commercial and ShareAlike obligations apply to redistributed edition-derived text and its lineage.,inactive_pending_cross_archive_freeze
ll:2374924,Nuovi canti,Mariannina Coffa Caruso,https://liberliber.it/autori/autori-c/mariannina-coffa-caruso/nuovi-canti/,"Nuovi canti / di Mariannina Coffa Caruso in Morana da Noto. - Torino : Stamp. dell'Unione tip.-editrice, 1863. - 134 p. ; 18 cm.",,,Ruggero Volpes,,Catia Righi,Catia Righi,"Creative Commons ""Attribuzione - Non commerciale - Condividi allo stesso modo 4.0 Internazionale""",https://creativecommons.org/licenses/by-nc-sa/4.0/,https://liberliber.it/opere/libri/licenze/,Credit Liber Liber and named edition contributors; retain source link and CC BY-NC-SA 4.0 notice.,"Liber Liber wrappers removed; canonical, protected, and isolated-sonnet spans removed where ledgered; retained spelling and punctuation preserved.",Non-commercial and ShareAlike obligations apply to redistributed edition-derived text and its lineage.,inactive_pending_cross_archive_freeze
ll:2375058,La pratica del distillatore e confettiere italiano,Giuseppe Antonio Landriani,https://liberliber.it/autori/autori-l/giuseppe-antonio-landriani/la-pratica-del-distillatore-e-confettiere-italiano/,"La pratica del distillatore e confettiere italiano opera di Gioseffantonio Landriani in cui s’insegna a far conserve di frutti e di agrumi, ed a formar gelati, marzapani e rosolii d’ogni qualita coll’aggiunta di un nuovo metodo facilissimo per fare i rosolii, ratafia e per fare l’acqua di Colonia ec. ec. - Napoli: presso Gennaro Matarazzo, 1823. - XII, 75, [1] p.; 12°",,,Ruggero Volpes,,Catia Righi,Paola Sammartano,"Creative Commons ""Attribuzione - Non commerciale - Condividi allo stesso modo 4.0 Internazionale""",https://creativecommons.org/licenses/by-nc-sa/4.0/,https://liberliber.it/opere/libri/licenze/,Credit Liber Liber and named edition contributors; retain source link and CC BY-NC-SA 4.0 notice.,"Liber Liber wrappers removed; canonical, protected, and isolated-sonnet spans removed where ledgered; retained spelling and punctuation preserved.",Non-commercial and ShareAlike obligations apply to redistributed edition-derived text and its lineage.,inactive_pending_cross_archive_freeze
ll:2378187,Cinematografo cerebrale,Edmondo De Amicis,https://liberliber.it/autori/autori-d/edmondo-de-amicis/cinematografo-cerebrale/,"Cinematografo cerebrale / Edmondo De Amicis ; a cura di Biagio Prezioso. - Roma : Salerno, 1995!. - 105 p. ; 17 cm.",Biagio Prezioso,,Alyssa Violle,Alyssa Violle,Catia Righi,Ruggero Volpes,"Creative Commons ""Attribuzione - Non commerciale - Condividi allo stesso modo 4.0 Internazionale""",https://creativecommons.org/licenses/by-nc-sa/4.0/,https://liberliber.it/opere/libri/licenze/,Credit Liber Liber and named edition contributors; retain source link and CC BY-NC-SA 4.0 notice.,"Liber Liber wrappers removed; canonical, protected, and isolated-sonnet spans removed where ledgered; retained spelling and punctuation preserved.",Non-commercial and ShareAlike obligations apply to redistributed edition-derived text and its lineage.,inactive_pending_cross_archive_freeze
ll:2394517,Elegie romane,Gabriele D'Annunzio,https://liberliber.it/autori/autori-d/gabriele-dannunzio/elegie-romane/,"Elegie romane : 1887-1891 / Gabriele D'Annunzio. - Bologna : Zanichelli, 1892. - 164 p. ; 17.",,,"Distributed proofreaders, https://www.pgdp.net/ Claudio Paganelli",,Claudio Paganelli,Barbara Magni,"Creative Commons ""Attribuzione - Non commerciale - Condividi allo stesso modo 4.0 Internazionale""",https://creativecommons.org/licenses/by-nc-sa/4.0/,https://liberliber.it/opere/libri/licenze/,Credit Liber Liber and named edition contributors; retain source link and CC BY-NC-SA 4.0 notice.,"Liber Liber wrappers removed; canonical, protected, and isolated-sonnet spans removed where ledgered; retained spelling and punctuation preserved.",Non-commercial and ShareAlike obligations apply to redistributed edition-derived text and its lineage.,inactive_pending_cross_archive_freeze
ll:2399681,Racconti e bozzetti,Enrico Castelnuovo,https://liberliber.it/autori/autori-c/enrico-castelnuovo/racconti-e-bozzetti/,"Racconti e bozzetti / Enrico Castelnuovo. - Firenze : successori Le Monnier, 1872. - 407 p. ; 19 cm",,,Claudio Paganelli,,Claudio Paganelli,Barbara Magni,"Creative Commons ""Attribuzione - Non commerciale - Condividi allo stesso modo 4.0 Internazionale""",https://creativecommons.org/licenses/by-nc-sa/4.0/,https://liberliber.it/opere/libri/licenze/,Credit Liber Liber and named edition contributors; retain source link and CC BY-NC-SA 4.0 notice.,"Liber Liber wrappers removed; canonical, protected, and isolated-sonnet spans removed where ledgered; retained spelling and punctuation preserved.",Non-commercial and ShareAlike obligations apply to redistributed edition-derived text and its lineage.,inactive_pending_cross_archive_freeze
ll:2405027,Tizio Caio Sempronio,Anton Giulio Barrili,https://liberliber.it/autori/autori-b/anton-giulio-barrili/tizio-caio-sempronio/,"Tizio Caio Sempronio : storia mezzo romana / Anton Giulio Barrili. - 2. ed. riveduta e corretta. - Milano : Treves, 1879. - 334 p. ; 19 cm.",,,Claudio Paganelli,Claudio Paganelli,Claudia Pantanetti,Barbara Magni,"Creative Commons ""Attribuzione - Non commerciale - Condividi allo stesso modo 4.0 Internazionale""",https://creativecommons.org/licenses/by-nc-sa/4.0/,https://liberliber.it/opere/libri/licenze/,Credit Liber Liber and named edition contributors; retain source link and CC BY-NC-SA 4.0 notice.,"Liber Liber wrappers removed; canonical, protected, and isolated-sonnet spans removed where ledgered; retained spelling and punctuation preserved.",Non-commercial and ShareAlike obligations apply to redistributed edition-derived text and its lineage.,inactive_pending_cross_archive_freeze
ll:2405379,Nuovi versi,Vittorio Betteloni,https://liberliber.it/autori/autori-b/vittorio-betteloni/nuovi-versi/,"Nuovi versi / di Vittorio Betteloni ; con prefazione di Giosue Carducci. - Bologna : N. Zanichelli, 1880. - XLVII, 182 p. ; 16 cm.",,,Claudio Paganelli,,Claudio Paganelli,Claudio Paganelli,"Creative Commons ""Attribuzione - Non commerciale - Condividi allo stesso modo 4.0 Internazionale""",https://creativecommons.org/licenses/by-nc-sa/4.0/,https://liberliber.it/opere/libri/licenze/,Credit Liber Liber and named edition contributors; retain source link and CC BY-NC-SA 4.0 notice.,"Liber Liber wrappers removed; canonical, protected, and isolated-sonnet spans removed where ledgered; retained spelling and punctuation preserved.",Non-commercial and ShareAlike obligations apply to redistributed edition-derived text and its lineage.,inactive_pending_cross_archive_freeze
ll:2405917,Dalla spuma del mare,Salvatore Farina,https://liberliber.it/autori/autori-f/salvatore-farina/dalla-spuma-del-mare/,"Dalla spuma del mare : racconto / Salvatore Farina. - 2. ed.. - Milano : Tip. editrice lombarda, 1876. - 218 p. ; 18 cm",,,Claudio Paganelli,,"Claudio Paganelli, Claudia Pantanetti",Barbara Magni,"Creative Commons ""Attribuzione - Non commerciale - Condividi allo stesso modo 4.0 Internazionale""",https://creativecommons.org/licenses/by-nc-sa/4.0/,https://liberliber.it/opere/libri/licenze/,Credit Liber Liber and named edition contributors; retain source link and CC BY-NC-SA 4.0 notice.,"Liber Liber wrappers removed; canonical, protected, and isolated-sonnet spans removed where ledgered; retained spelling and punctuation preserved.",Non-commercial and ShareAlike obligations apply to redistributed edition-derived text and its lineage.,inactive_pending_cross_archive_freeze
ll:2407654,Le greche,Tullio Giordana,https://liberliber.it/autori/autori-g/tullio-giordana/le-greche/,"Le greche : novelle / Tullio Giordana. - Torino : Roux Frassati e C., 1899. - 115 p. ; 19 cm.",,,"Paolo Oliva, Catia Righi",,Catia Righi,Catia Righi,"Creative Commons ""Attribuzione - Non commerciale - Condividi allo stesso modo 4.0 Internazionale""",https://creativecommons.org/licenses/by-nc-sa/4.0/,https://liberliber.it/opere/libri/licenze/,Credit Liber Liber and named edition contributors; retain source link and CC BY-NC-SA 4.0 notice.,"Liber Liber wrappers removed; canonical, protected, and isolated-sonnet spans removed where ledgered; retained spelling and punctuation preserved.",Non-commercial and ShareAlike obligations apply to redistributed edition-derived text and its lineage.,inactive_pending_cross_archive_freeze
ll:2408339,I ladri di cadaveri,Jarro (alias Giulio Piccini),https://liberliber.it/autori/autori-j/jarro-alias-giulio-piccini/i-ladri-di-cadaveri/,"I ladri di cadaveri / Jarro (Giulio Piccini) ; a cura di Claudio Gallo ; introduzione di Luca Crovi. - Reggio Emilia : Aliberti, [2004]. - 316 p. ; 21 cm.",Claudio Gallo,,Catia Righi,,Catia Righi,Paolo Alberti,"Creative Commons ""Attribuzione - Non commerciale - Condividi allo stesso modo 4.0 Internazionale""",https://creativecommons.org/licenses/by-nc-sa/4.0/,https://liberliber.it/opere/libri/licenze/,Credit Liber Liber and named edition contributors; retain source link and CC BY-NC-SA 4.0 notice.,"Liber Liber wrappers removed; canonical, protected, and isolated-sonnet spans removed where ledgered; retained spelling and punctuation preserved.",Non-commercial and ShareAlike obligations apply to redistributed edition-derived text and its lineage.,inactive_pending_cross_archive_freeze
ll:2408690,Forza irresistibile,Cordelia (alias Virginia Tedeschi Treves),https://liberliber.it/autori/autori-c/cordelia-alias-virginia-tedeschi-treves/forza-irresistibile/,"Forza irresistibile: romanzo / di Cordelia. - Milano : Fratelli Treves, 1890. - 304 p. ; 19 cm.",,,Umberto Galerati,,Catia Righi,Mario Sciubba Caniglia,"Creative Commons ""Attribuzione - Non commerciale - Condividi allo stesso modo 4.0 Internazionale""",https://creativecommons.org/licenses/by-nc-sa/4.0/,https://liberliber.it/opere/libri/licenze/,Credit Liber Liber and named edition contributors; retain source link and CC BY-NC-SA 4.0 notice.,"Liber Liber wrappers removed; canonical, protected, and isolated-sonnet spans removed where ledgered; retained spelling and punctuation preserved.",Non-commercial and ShareAlike obligations apply to redistributed edition-derived text and its lineage.,inactive_pending_cross_archive_freeze
ll:2409300,Per vendetta,Cordelia (alias Virginia Tedeschi Treves),https://liberliber.it/autori/autori-c/cordelia-alias-virginia-tedeschi-treves/per-vendetta/,"Per vendetta / Cordelia - Milano: Fratelli Treves Edit., 1893. - 332 p.; 19 cm.",,,Umberto Galerati,,Catia Righi,Gabriella Dodero,"Creative Commons ""Attribuzione - Non commerciale - Condividi allo stesso modo 4.0 Internazionale""",https://creativecommons.org/licenses/by-nc-sa/4.0/,https://liberliber.it/opere/libri/licenze/,Credit Liber Liber and named edition contributors; retain source link and CC BY-NC-SA 4.0 notice.,"Liber Liber wrappers removed; canonical, protected, and isolated-sonnet spans removed where ledgered; retained spelling and punctuation preserved.",Non-commercial and ShareAlike obligations apply to redistributed edition-derived text and its lineage.,inactive_pending_cross_archive_freeze
ll:2409509,La figlia dell’aria,Jarro (alias Giulio Piccini),https://liberliber.it/autori/autori-j/jarro-alias-giulio-piccini/la-figlia-dellaria/,"La figlia dell'aria : romanzo / Jarro. - Milano : Treves, 1887. - 319 p. ; 19 cm.",,,Paolo Alberti,,Catia Righi,Catia Righi,"Creative Commons ""Attribuzione - Non commerciale - Condividi allo stesso modo 4.0 Internazionale""",https://creativecommons.org/licenses/by-nc-sa/4.0/,https://liberliber.it/opere/libri/licenze/,Credit Liber Liber and named edition contributors; retain source link and CC BY-NC-SA 4.0 notice.,"Liber Liber wrappers removed; canonical, protected, and isolated-sonnet spans removed where ledgered; retained spelling and punctuation preserved.",Non-commercial and ShareAlike obligations apply to redistributed edition-derived text and its lineage.,inactive_pending_cross_archive_freeze
ll:2409615,Catene,Cordelia (alias Virginia Tedeschi Treves),https://liberliber.it/autori/autori-c/cordelia-alias-virginia-tedeschi-treves/catene/,"Catene : racconto / Cordelia. - Milano: Fratelli Treves, 1903. - 280 p.; 19 cm.",,,Umberto Galerati,,Catia Righi,Maria Grazia Hall Gabriella Dodero,"Creative Commons ""Attribuzione - Non commerciale - Condividi allo stesso modo 4.0 Internazionale""",https://creativecommons.org/licenses/by-nc-sa/4.0/,https://liberliber.it/opere/libri/licenze/,Credit Liber Liber and named edition contributors; retain source link and CC BY-NC-SA 4.0 notice.,"Liber Liber wrappers removed; canonical, protected, and isolated-sonnet spans removed where ledgered; retained spelling and punctuation preserved.",Non-commercial and ShareAlike obligations apply to redistributed edition-derived text and its lineage.,inactive_pending_cross_archive_freeze
ll:2409835,Verso il mistero,Cordelia (alias Virginia Tedeschi Treves),https://liberliber.it/autori/autori-c/cordelia-alias-virginia-tedeschi-treves/verso-il-mistero/,"Verso il mistero : novelle / Cordelia. - Milano : Fratelli Treves, 1905. - 390 p. ; 19 cm.",,,Umberto Galerati,,Catia Righi,Gabriella Dodero,"Creative Commons ""Attribuzione - Non commerciale - Condividi allo stesso modo 4.0 Internazionale""",https://creativecommons.org/licenses/by-nc-sa/4.0/,https://liberliber.it/opere/libri/licenze/,Credit Liber Liber and named edition contributors; retain source link and CC BY-NC-SA 4.0 notice.,"Liber Liber wrappers removed; canonical, protected, and isolated-sonnet spans removed where ledgered; retained spelling and punctuation preserved.",Non-commercial and ShareAlike obligations apply to redistributed edition-derived text and its lineage.,inactive_pending_cross_archive_freeze
ll:2410376,Flatus vocis...,Peleo Bacci,https://liberliber.it/autori/autori-b/peleo-bacci/flatus-vocis/,"Flatus vocis... : versi / Peleo Bacci ; con prefazione di Giovanni Marradi. - Pistoia : T. Cacialli, 1894. - 65 p. ; 15 cm.",,,Paolo Alberti,Paolo Alberti,Catia Righi,Catia Righi,"Creative Commons ""Attribuzione - Non commerciale - Condividi allo stesso modo 4.0 Internazionale""",https://creativecommons.org/licenses/by-nc-sa/4.0/,https://liberliber.it/opere/libri/licenze/,Credit Liber Liber and named edition contributors; retain source link and CC BY-NC-SA 4.0 notice.,"Liber Liber wrappers removed; canonical, protected, and isolated-sonnet spans removed where ledgered; retained spelling and punctuation preserved.",Non-commercial and ShareAlike obligations apply to redistributed edition-derived text and its lineage.,inactive_pending_cross_archive_freeze
ll:2411646,Gli orecchini di Stefania,Giustino Ferri,https://liberliber.it/autori/autori-f/giustino-ferri/gli-orecchini-di-stefania/,"Gli orecchini di Stefania / Leandro [i.e. Giustino L. Ferri]. - Roma : A. Sommaruga e C., 1884.- 235 p. ; 17 cm.",,,"Catia Righi, Paolo Alberti",Carlo F. Traverso (ePub) Marco Totolo (revisione ePub),"Catia Righi, Ugo Santamaria (ePub)",Paolo Alberti,"Creative Commons ""Attribuzione - Non commerciale - Condividi allo stesso modo 4.0 Internazionale""",https://creativecommons.org/licenses/by-nc-sa/4.0/,https://liberliber.it/opere/libri/licenze/,Credit Liber Liber and named edition contributors; retain source link and CC BY-NC-SA 4.0 notice.,"Liber Liber wrappers removed; canonical, protected, and isolated-sonnet spans removed where ledgered; retained spelling and punctuation preserved.",Non-commercial and ShareAlike obligations apply to redistributed edition-derived text and its lineage.,inactive_pending_cross_archive_freeze
ll:2414317,Il beniamino della famiglia,Vittorio Bersezio,https://liberliber.it/autori/autori-b/vittorio-bersezio/il-beniamino-della-famiglia/,"Il beniamino della famiglia : racconto / di Vittorio Bersezio. - Milano : Treves, 1872. - 2 v.(143 p. + 130 p.) ; 16 cm.",,,Dario Cossi Claudio Paganelli,,Claudio Paganelli,Claudio Paganelli,"Creative Commons ""Attribuzione - Non commerciale - Condividi allo stesso modo 4.0 Internazionale""",https://creativecommons.org/licenses/by-nc-sa/4.0/,https://liberliber.it/opere/libri/licenze/,Credit Liber Liber and named edition contributors; retain source link and CC BY-NC-SA 4.0 notice.,"Liber Liber wrappers removed; canonical, protected, and isolated-sonnet spans removed where ledgered; retained spelling and punctuation preserved.",Non-commercial and ShareAlike obligations apply to redistributed edition-derived text and its lineage.,inactive_pending_cross_archive_freeze
ll:2414511,La moglie nera,Edoardo Arbib,https://liberliber.it/autori/autori-a/edoardo-arbib/la-moglie-nera/,"La moglie nera : romanzo / di Edoardo. - Milano : Fratelli Treves, 1874. - 283 p. ; 20 cm. CODICE ISBN FONTE: n.d.",,,Dario Cossi Claudio Paganelli,,Claudio Paganelli,Claudio Paganelli,"Creative Commons ""Attribuzione - Non commerciale - Condividi allo stesso modo 4.0 Internazionale""",https://creativecommons.org/licenses/by-nc-sa/4.0/,https://liberliber.it/opere/libri/licenze/,Credit Liber Liber and named edition contributors; retain source link and CC BY-NC-SA 4.0 notice.,"Liber Liber wrappers removed; canonical, protected, and isolated-sonnet spans removed where ledgered; retained spelling and punctuation preserved.",Non-commercial and ShareAlike obligations apply to redistributed edition-derived text and its lineage.,inactive_pending_cross_archive_freeze
ll:2415752,Mario,Ines Benaglio Castellani-Fantoni (alias Memini),https://liberliber.it/autori/autori-b/ines-benaglio-castellani-fantoni/mario/,"Mario : romanzo / Memini. - Milano : Baldini, Castoldi e C., 1906 (Pirola e Cella). - XI, 282 p. ; 19 cm.",,,Dario Cossi,Gabriella Dodero,"Catia Righi, Claudia Pantanetti",Maria Grazia Hall,"Creative Commons ""Attribuzione - Non commerciale - Condividi allo stesso modo 4.0 Internazionale""",https://creativecommons.org/licenses/by-nc-sa/4.0/,https://liberliber.it/opere/libri/licenze/,Credit Liber Liber and named edition contributors; retain source link and CC BY-NC-SA 4.0 notice.,"Liber Liber wrappers removed; canonical, protected, and isolated-sonnet spans removed where ledgered; retained spelling and punctuation preserved.",Non-commercial and ShareAlike obligations apply to redistributed edition-derived text and its lineage.,inactive_pending_cross_archive_freeze
ll:2415781,I due Desiderii,Salvatore Farina,https://liberliber.it/autori/autori-f/salvatore-farina/i-due-desiderii/,"I due Desiderii : prologo ed epilogo / Salvatore Farina. - Milano : Alfredo Brigola & C., stampa 1889 (Tip. A. Colombo & A. Cordani). - 216 p. ; 19 cm",,,"Distributed proofreaders, https://www.pgdp.net/",Claudio Paganelli,"Claudio Paganelli, Claudia Pantanetti",Barbara Magni,"Creative Commons ""Attribuzione - Non commerciale - Condividi allo stesso modo 4.0 Internazionale""",https://creativecommons.org/licenses/by-nc-sa/4.0/,https://liberliber.it/opere/libri/licenze/,Credit Liber Liber and named edition contributors; retain source link and CC BY-NC-SA 4.0 notice.,"Liber Liber wrappers removed; canonical, protected, and isolated-sonnet spans removed where ledgered; retained spelling and punctuation preserved.",Non-commercial and ShareAlike obligations apply to redistributed edition-derived text and its lineage.,inactive_pending_cross_archive_freeze
ll:2416834,Il numero 13,Salvatore Farina,https://liberliber.it/autori/autori-f/salvatore-farina/il-numero-13/,"Il numero 13 : racconto ; Prefazione : Come si scrive un romanzo? / Salvatore Farina. - Milano : Galli, 1895. - 166 p. ; 20 cm.",,,"Distributed proofreaders, https://www.pgdp.net/",Claudio Paganelli,"Claudio Paganelli, Claudia Pantanetti",Barbara Magni,"Creative Commons ""Attribuzione - Non commerciale - Condividi allo stesso modo 4.0 Internazionale""",https://creativecommons.org/licenses/by-nc-sa/4.0/,https://liberliber.it/opere/libri/licenze/,Credit Liber Liber and named edition contributors; retain source link and CC BY-NC-SA 4.0 notice.,"Liber Liber wrappers removed; canonical, protected, and isolated-sonnet spans removed where ledgered; retained spelling and punctuation preserved.",Non-commercial and ShareAlike obligations apply to redistributed edition-derived text and its lineage.,inactive_pending_cross_archive_freeze
ll:2417236,O tutto o nulla,Anton Giulio Barrili,https://liberliber.it/autori/autori-b/anton-giulio-barrili/o-tutto-o-nulla/,"O tutto o nulla : romanzo / di Anton Giulio Barrili. - 2. ed. - Milano : Fratelli Treves, 1883. - 361 p. ; 19 cm.",,,Distributed proofreaders,Claudio Paganelli,"Claudio Paganelli, Claudia Pantanetti",Barbara Magni,"Creative Commons ""Attribuzione - Non commerciale - Condividi allo stesso modo 4.0 Internazionale""",https://creativecommons.org/licenses/by-nc-sa/4.0/,https://liberliber.it/opere/libri/licenze/,Credit Liber Liber and named edition contributors; retain source link and CC BY-NC-SA 4.0 notice.,"Liber Liber wrappers removed; canonical, protected, and isolated-sonnet spans removed where ledgered; retained spelling and punctuation preserved.",Non-commercial and ShareAlike obligations apply to redistributed edition-derived text and its lineage.,inactive_pending_cross_archive_freeze
ll:2417845,Un suicidio misterioso,Carlo Righetti,https://liberliber.it/autori/autori-r/carlo-righetti/un-suicidio-misterioso/,"Un suicidio misterioso / per Cletto Arrighi. - Milano : Guigoni, 1883. - 112 p. ; 16 cm.",,,Umberto Galerati,Umberto Galerati,"Claudio Paganelli, Claudia Pantanetti",Mariella Laurenti,"Creative Commons ""Attribuzione - Non commerciale - Condividi allo stesso modo 4.0 Internazionale""",https://creativecommons.org/licenses/by-nc-sa/4.0/,https://liberliber.it/opere/libri/licenze/,Credit Liber Liber and named edition contributors; retain source link and CC BY-NC-SA 4.0 notice.,"Liber Liber wrappers removed; canonical, protected, and isolated-sonnet spans removed where ledgered; retained spelling and punctuation preserved.",Non-commercial and ShareAlike obligations apply to redistributed edition-derived text and its lineage.,inactive_pending_cross_archive_freeze
ll:2418023,La Marchesa d’Arcello,Ines Benaglio Castellani-Fantoni (alias Memini),https://liberliber.it/autori/autori-b/ines-benaglio-castellani-fantoni/la-marchesa-darcello/,"La marchesa d'Arcello : romanzo / Memini. - Milano : Libr. Edit. Galli di C. Chiesa e F. Guindani, 1895 (Bergamo, Stab. Tip. Lit. Fratelli Bolis). - 16. p. 460.",,,Dario Cossi,Dario Cossi,"Catia Righi, Claudia Pantanetti",Maria Grazia Hall,"Creative Commons ""Attribuzione - Non commerciale - Condividi allo stesso modo 4.0 Internazionale""",https://creativecommons.org/licenses/by-nc-sa/4.0/,https://liberliber.it/opere/libri/licenze/,Credit Liber Liber and named edition contributors; retain source link and CC BY-NC-SA 4.0 notice.,"Liber Liber wrappers removed; canonical, protected, and isolated-sonnet spans removed where ledgered; retained spelling and punctuation preserved.",Non-commercial and ShareAlike obligations apply to redistributed edition-derived text and its lineage.,inactive_pending_cross_archive_freeze
ll:2418591,Viaggio sul Reno e ne' suoi contorni,Aurelio Bertola de' Giorgi,https://liberliber.it/autori/autori-b/aurelio-bertola-de-giorgi/viaggio-sul-reno-e-ne-suoi-contorni/,"Viaggio sul Reno e ne' suoi contorni / [Aurelio Bertola deʼ Giorgi]. - (In Rimini : per l'Albertini, 1795). - [8], 181, [3] p., [2], VI carte di tav. ripiegate : ill. calcografiche, 1 carta geografica, frontespizio calcografico ; 8°",,,Giovanni Mennella,Giovanni Mennella,"Catia Righi, Claudia Pantanetti",Ruggero Volpes,"Creative Commons ""Attribuzione - Non commerciale - Condividi allo stesso modo 4.0 Internazionale""",https://creativecommons.org/licenses/by-nc-sa/4.0/,https://liberliber.it/opere/libri/licenze/,Credit Liber Liber and named edition contributors; retain source link and CC BY-NC-SA 4.0 notice.,"Liber Liber wrappers removed; canonical, protected, and isolated-sonnet spans removed where ledgered; retained spelling and punctuation preserved.",Non-commercial and ShareAlike obligations apply to redistributed edition-derived text and its lineage.,inactive_pending_cross_archive_freeze
ll:2420619,Tributo alla memoria dell'insigne astronomo cavaliere Antonio Cagnoli veronese,Ippolito Pindemonte,https://liberliber.it/autori/autori-p/ippolito-pindemonte/tributo-alla-memoria-dellinsigne-astronomo-cavaliere-antonio-cagnoli-veronese/,"Tributo alla memoria dell'insigne astronomo cavaliere Antonio Cagnoli veronese / [Ippolito Pindemonte]. - In Verona : dalla Società tipografi-ca editrice, 1821. - [4], XII p. ; 8°",,,Piero Giuseppe Perduca,Claudio Paganelli,"Claudio Paganelli, Claudia Pantanetti",Claudio Paganelli,"Creative Commons ""Attribuzione - Non commerciale - Condividi allo stesso modo 4.0 Internazionale""",https://creativecommons.org/licenses/by-nc-sa/4.0/,https://liberliber.it/opere/libri/licenze/,Credit Liber Liber and named edition contributors; retain source link and CC BY-NC-SA 4.0 notice.,"Liber Liber wrappers removed; canonical, protected, and isolated-sonnet spans removed where ledgered; retained spelling and punctuation preserved.",Non-commercial and ShareAlike obligations apply to redistributed edition-derived text and its lineage.,inactive_pending_cross_archive_freeze
ll:2421341,Capelli biondi,Salvatore Farina,https://liberliber.it/autori/autori-f/salvatore-farina/capelli-biondi/,"Capelli biondi : romanzo / di Salvatore Farina. - Milano : Libreria ed. G. Brigola, 1876 (Milano : Tip. Sociale). - 334 p. ; 19 cm. - Prima ed. italiana.",,,"Distributed proofreaders, https://www.pgdp.net/",Claudio Paganelli,"Claudio Paganelli, Claudia Pantanetti",Barbara Magni,"Creative Commons ""Attribuzione - Non commerciale - Condividi allo stesso modo 4.0 Internazionale""",https://creativecommons.org/licenses/by-nc-sa/4.0/,https://liberliber.it/opere/libri/licenze/,Credit Liber Liber and named edition contributors; retain source link and CC BY-NC-SA 4.0 notice.,"Liber Liber wrappers removed; canonical, protected, and isolated-sonnet spans removed where ledgered; retained spelling and punctuation preserved.",Non-commercial and ShareAlike obligations apply to redistributed edition-derived text and its lineage.,inactive_pending_cross_archive_freeze
ll:2422536,Valsolda ; Poesia dispersa,Antonio Fogazzaro,https://liberliber.it/autori/autori-f/antonio-fogazzaro/valsolda-poesia-dispersa/,"Valsolda ; Poesia dispersa / A. Fogazzaro. - Torino : F. Casanova, 1886. - XVII, 137 p., [1] carta di tav. : ritratto ; 16 cm.",,,Piero Giuseppe Perduca,Umberto Galerati,"Claudio Paganelli, Claudia Pantanetti",Umberto Galerati,"Creative Commons ""Attribuzione - Non commerciale - Condividi allo stesso modo 4.0 Internazionale""",https://creativecommons.org/licenses/by-nc-sa/4.0/,https://liberliber.it/opere/libri/licenze/,Credit Liber Liber and named edition contributors; retain source link and CC BY-NC-SA 4.0 notice.,"Liber Liber wrappers removed; canonical, protected, and isolated-sonnet spans removed where ledgered; retained spelling and punctuation preserved.",Non-commercial and ShareAlike obligations apply to redistributed edition-derived text and its lineage.,inactive_pending_cross_archive_freeze
ll:2423213,Pe' belli occhi della gloria,Salvatore Farina,https://liberliber.it/autori/autori-f/salvatore-farina/pe-belli-occhi-della-gloria/,"Pe' belli occhi della gloria : scene quasi vere / Salvatore Farina. - Milano : A. Brigola & C., stampa 1887. - VIII, 294 p. : ill. ; 19 cm",,,"Distributed proofreaders, https://www.pgdp.net/",Claudio Paganelli,"Claudio Paganelli, Claudia Pantanetti",Barbara Magni,"Creative Commons ""Attribuzione - Non commerciale - Condividi allo stesso modo 4.0 Internazionale""",https://creativecommons.org/licenses/by-nc-sa/4.0/,https://liberliber.it/opere/libri/licenze/,Credit Liber Liber and named edition contributors; retain source link and CC BY-NC-SA 4.0 notice.,"Liber Liber wrappers removed; canonical, protected, and isolated-sonnet spans removed where ledgered; retained spelling and punctuation preserved.",Non-commercial and ShareAlike obligations apply to redistributed edition-derived text and its lineage.,inactive_pending_cross_archive_freeze
ll:2424764,L’ultima notte,Giustino Ferri,https://liberliber.it/autori/autori-f/giustino-ferri/lultima-notte/,"L’ultima notte / Leandro [i.e. Giustino L. Ferri]. - Roma: A. Sommaruga e C., 1884. - 259 p. ; 17 cm.",,,Paolo Alberti,"Paolo Alberti, Carlo F. Traverso (ePub) Marco Totolo (revisione ePub)","Catia Righi, Claudia Pantanetti, Ugo Santamaria (ePub)",Umberto Galerati,"Creative Commons ""Attribuzione - Non commerciale - Condividi allo stesso modo 4.0 Internazionale""",https://creativecommons.org/licenses/by-nc-sa/4.0/,https://liberliber.it/opere/libri/licenze/,Credit Liber Liber and named edition contributors; retain source link and CC BY-NC-SA 4.0 notice.,"Liber Liber wrappers removed; canonical, protected, and isolated-sonnet spans removed where ledgered; retained spelling and punctuation preserved.",Non-commercial and ShareAlike obligations apply to redistributed edition-derived text and its lineage.,inactive_pending_cross_archive_freeze
ll:2427167,Il 1. libro dei trittici,Alessandro Varaldo,https://liberliber.it/autori/autori-v/alessandro-varaldo/il-1-libro-dei-trittici/,"Il 1. libro dei trittici / Alessandro Varaldo, Mario Malfettani, Alessandro Giribaldi. - Bordighera : tip. P. Gibelli, 1897. - 1 v. ; 8º.",,,Catia Righi,Catia Righi,"Catia Righi, Claudia Pantanetti",Paolo Alberti,"Creative Commons ""Attribuzione - Non commerciale - Condividi allo stesso modo 4.0 Internazionale""",https://creativecommons.org/licenses/by-nc-sa/4.0/,https://liberliber.it/opere/libri/licenze/,Credit Liber Liber and named edition contributors; retain source link and CC BY-NC-SA 4.0 notice.,"Liber Liber wrappers removed; canonical, protected, and isolated-sonnet spans removed where ledgered; retained spelling and punctuation preserved.",Non-commercial and ShareAlike obligations apply to redistributed edition-derived text and its lineage.,inactive_pending_cross_archive_freeze
ll:2427968,Scene e descrizioni illustrate,Luigia Codemo,https://liberliber.it/autori/autori-c/luigia-codemo/scene-e-descrizioni-illustrate/,"Scene e descrizioni illustrate / Luigia Codemo Gerstenbrand. - Venezia : Tip. del commercio di Marco Visentini, 1871. - VII, 194 p. : ill. ; 27 cm.",,,Umberto Galerati,Umberto Galerati,"Claudio Paganelli, Claudia Pantanetti",Paola D'Amelio,"Creative Commons ""Attribuzione - Non commerciale - Condividi allo stesso modo 4.0 Internazionale""",https://creativecommons.org/licenses/by-nc-sa/4.0/,https://liberliber.it/opere/libri/licenze/,Credit Liber Liber and named edition contributors; retain source link and CC BY-NC-SA 4.0 notice.,"Liber Liber wrappers removed; canonical, protected, and isolated-sonnet spans removed where ledgered; retained spelling and punctuation preserved.",Non-commercial and ShareAlike obligations apply to redistributed edition-derived text and its lineage.,inactive_pending_cross_archive_freeze
ll:2428273,Marzo,Giuseppe Aurelio Costanzo,https://liberliber.it/autori/autori-c/giuseppe-aurelio-costanzo/marzo/,"Marzo : 6. centenario del Vespro siciliano : canto / di G. Aurelio Costanzo. - Roma ; Palermo : stab. tip. italiano Perelli, 1882. - XV p. ; 17 cm.",,,Piero Giuseppe Perduca,Claudio Paganelli,"Claudio Paganelli, Claudia Pantanetti, Gabriella Dodero",Claudio Paganelli,"Creative Commons ""Attribuzione - Non commerciale - Condividi allo stesso modo 4.0 Internazionale""",https://creativecommons.org/licenses/by-nc-sa/4.0/,https://liberliber.it/opere/libri/licenze/,Credit Liber Liber and named edition contributors; retain source link and CC BY-NC-SA 4.0 notice.,"Liber Liber wrappers removed; canonical, protected, and isolated-sonnet spans removed where ledgered; retained spelling and punctuation preserved.",Non-commercial and ShareAlike obligations apply to redistributed edition-derived text and its lineage.,inactive_pending_cross_archive_freeze
ll:2428649,L'incantesimo,Enrico Annibale Butti,https://liberliber.it/autori/autori-b/enrico-annibale-butti/lincantesimo/,"L'incantesimo : romanzo / Enrico Annibale Butti - Milano : Fratelli Treves, 1897. - 380 p. ; 19 cm.",,,"Distributed proofreaders, https://www.pgdp.net/",Claudio Paganelli,"Claudio Paganelli, Claudia Pantanetti",Barbara Magni,"Creative Commons ""Attribuzione - Non commerciale - Condividi allo stesso modo 4.0 Internazionale""",https://creativecommons.org/licenses/by-nc-sa/4.0/,https://liberliber.it/opere/libri/licenze/,Credit Liber Liber and named edition contributors; retain source link and CC BY-NC-SA 4.0 notice.,"Liber Liber wrappers removed; canonical, protected, and isolated-sonnet spans removed where ledgered; retained spelling and punctuation preserved.",Non-commercial and ShareAlike obligations apply to redistributed edition-derived text and its lineage.,inactive_pending_cross_archive_freeze
ll:2429560,Al polo australe in velocipede,Emilio Salgari,https://liberliber.it/autori/autori-s/emilio-salgari/al-polo-australe-in-velocipede/,"Al polo australe in velocipede / E. Salgari ; con 30 illustrazioni di G. Bruno e carta geografica del viaggio. - Torino : Paravia e Comp., [1896]. - 264 p., [1] carta di tav. : ill. ; 23 cm + [1] carta geografica",,,Distributed proofreaders,Claudio Paganelli,"Claudio Paganelli, Claudia Pantanetti",Claudio Paganelli,"Creative Commons ""Attribuzione - Non commerciale - Condividi allo stesso modo 4.0 Internazionale""",https://creativecommons.org/licenses/by-nc-sa/4.0/,https://liberliber.it/opere/libri/licenze/,Credit Liber Liber and named edition contributors; retain source link and CC BY-NC-SA 4.0 notice.,"Liber Liber wrappers removed; canonical, protected, and isolated-sonnet spans removed where ledgered; retained spelling and punctuation preserved.",Non-commercial and ShareAlike obligations apply to redistributed edition-derived text and its lineage.,inactive_pending_cross_archive_freeze
ll:2429750,Uomini e soldati,Giuseppe Cesare Abba,https://liberliber.it/autori/autori-a/giuseppe-cesare-abba/uomini-e-soldati/,"Uomini e soldati : letture per l'esercito e pel popolo / Giuseppe Cesare Abba. - Nuova ed. - Bologna : Zanichelli, 1913. - 299 p. ; 19 cm.",,,Gianluigi Trivia,Gianluigi Trivia,"Catia Righi, Claudia Pantanetti",Ruggero Volpes,"Creative Commons ""Attribuzione - Non commerciale - Condividi allo stesso modo 4.0 Internazionale""",https://creativecommons.org/licenses/by-nc-sa/4.0/,https://liberliber.it/opere/libri/licenze/,Credit Liber Liber and named edition contributors; retain source link and CC BY-NC-SA 4.0 notice.,"Liber Liber wrappers removed; canonical, protected, and isolated-sonnet spans removed where ledgered; retained spelling and punctuation preserved.",Non-commercial and ShareAlike obligations apply to redistributed edition-derived text and its lineage.,inactive_pending_cross_archive_freeze
ll:2429759,Le selve ardenti,Emilio Salgari,https://liberliber.it/autori/autori-s/emilio-salgari/le-selve-ardenti/,"Le selve ardenti : romanzo d'avventure / Emilio Salgari ; illustrato da 20 disegni di G. D'Amato. - Milano : Sonzogno, stampa 1937 (Tip. A. Matarelli)- 254 p. : ill. ; 23 cm.",,,Mario Sciubba Caniglia,Mario Sciubba Caniglia,"Claudio Paganelli, Claudia Pantanetti",Claudio Paganelli,"Creative Commons ""Attribuzione - Non commerciale - Condividi allo stesso modo 4.0 Internazionale""",https://creativecommons.org/licenses/by-nc-sa/4.0/,https://liberliber.it/opere/libri/licenze/,Credit Liber Liber and named edition contributors; retain source link and CC BY-NC-SA 4.0 notice.,"Liber Liber wrappers removed; canonical, protected, and isolated-sonnet spans removed where ledgered; retained spelling and punctuation preserved.",Non-commercial and ShareAlike obligations apply to redistributed edition-derived text and its lineage.,inactive_pending_cross_archive_freeze
ll:2430576,Prima di partire,Enrico Castelnuovo,https://liberliber.it/autori/autori-c/enrico-castelnuovo/prima-di-partire/,"Prima di partire : nuovi racconti / di Enrico Castelnuovo. - Milano : Fratelli Treves, 1896. - 362 p. ; 18 cm",,,"Distributed proofreaders, https://www.pgdp.net/",Claudio Paganelli,"Claudio Paganelli, Claudia Pantanetti",Barbara Magni,"Creative Commons ""Attribuzione - Non commerciale - Condividi allo stesso modo 4.0 Internazionale""",https://creativecommons.org/licenses/by-nc-sa/4.0/,https://liberliber.it/opere/libri/licenze/,Credit Liber Liber and named edition contributors; retain source link and CC BY-NC-SA 4.0 notice.,"Liber Liber wrappers removed; canonical, protected, and isolated-sonnet spans removed where ledgered; retained spelling and punctuation preserved.",Non-commercial and ShareAlike obligations apply to redistributed edition-derived text and its lineage.,inactive_pending_cross_archive_freeze
ll:2430808,Terremoto,Parmenio Bettoli,https://liberliber.it/autori/autori-b/parmenio-bettoli/terremoto/,"Terremoto : storia del secolo 16. / Parmenio Bettòli. - Milano : Galli e Omodei, 1878. - 522 p. ; 20 cm.",,,Distributed proofreaders,Claudio Paganelli,"Claudio Paganelli, Claudia Pantanetti",Barbara Magni,"Creative Commons ""Attribuzione - Non commerciale - Condividi allo stesso modo 4.0 Internazionale""",https://creativecommons.org/licenses/by-nc-sa/4.0/,https://liberliber.it/opere/libri/licenze/,Credit Liber Liber and named edition contributors; retain source link and CC BY-NC-SA 4.0 notice.,"Liber Liber wrappers removed; canonical, protected, and isolated-sonnet spans removed where ledgered; retained spelling and punctuation preserved.",Non-commercial and ShareAlike obligations apply to redistributed edition-derived text and its lineage.,inactive_pending_cross_archive_freeze
ll:2431029,I ragazzi d'una volta e i ragazzi d'adesso,Marchesa Colombi (alias Maria Antonietta Torriani Torelli-Viollier),https://liberliber.it/autori/autori-m/marchesa-colombi-alias-maria-antonietta-torriani-torelli-viollier/i-ragazzi-duna-volta-e-i-ragazzi-dadesso/,"I ragazzi d'una volta e i ragazzi d'adesso / Marchesa Colombi. - Milano : Galli, 1888. - 258 p. ; 18 cm.",,,Distributed proofreaders,Claudio Paganelli,"Claudio Paganelli, Claudia Pantanetti",Barbara Magni,"Creative Commons ""Attribuzione - Non commerciale - Condividi allo stesso modo 4.0 Internazionale""",https://creativecommons.org/licenses/by-nc-sa/4.0/,https://liberliber.it/opere/libri/licenze/,Credit Liber Liber and named edition contributors; retain source link and CC BY-NC-SA 4.0 notice.,"Liber Liber wrappers removed; canonical, protected, and isolated-sonnet spans removed where ledgered; retained spelling and punctuation preserved.",Non-commercial and ShareAlike obligations apply to redistributed edition-derived text and its lineage.,inactive_pending_cross_archive_freeze
ll:2431320,Il duca di Fonteschiavi,Giustino Ferri,https://liberliber.it/autori/autori-f/giustino-ferri/il-duca-di-fonteschiavi/,"Il duca di Fonteschiavi / di Leandro. – Roma : A. Sommaruga, 1884. - 195 p. ; 16 cm.",,,Umberto Galerati,Umberto Galerati Carlo F. Traverso (ePub) Marco Totolo (revisione ePub),Claudia Pantanetti Ugo Santamaria (ePub),Paolo Alberti,"Creative Commons ""Attribuzione - Non commerciale - Condividi allo stesso modo 4.0 Internazionale""",https://creativecommons.org/licenses/by-nc-sa/4.0/,https://liberliber.it/opere/libri/licenze/,Credit Liber Liber and named edition contributors; retain source link and CC BY-NC-SA 4.0 notice.,"Liber Liber wrappers removed; canonical, protected, and isolated-sonnet spans removed where ledgered; retained spelling and punctuation preserved.",Non-commercial and ShareAlike obligations apply to redistributed edition-derived text and its lineage.,inactive_pending_cross_archive_freeze
ll:2431658,Il signor Io,Salvatore Farina,https://liberliber.it/autori/autori-f/salvatore-farina/il-signor-io/,"Il signor Io / Salvatore Farina. - 3. ed. illustrata. - Milano : Alfredo Brigola, stampa 1883. - 185 p. : ill. ; 19 cm.",,,Distributed proofreaders,Barbara Magni,"Claudio Paganelli, Claudia Pantanetti",Claudio Paganelli,"Creative Commons ""Attribuzione - Non commerciale - Condividi allo stesso modo 4.0 Internazionale""",https://creativecommons.org/licenses/by-nc-sa/4.0/,https://liberliber.it/opere/libri/licenze/,Credit Liber Liber and named edition contributors; retain source link and CC BY-NC-SA 4.0 notice.,"Liber Liber wrappers removed; canonical, protected, and isolated-sonnet spans removed where ledgered; retained spelling and punctuation preserved.",Non-commercial and ShareAlike obligations apply to redistributed edition-derived text and its lineage.,inactive_pending_cross_archive_freeze
ll:2432144,Luigia Sanfelice,Francesco Mastriani,https://liberliber.it/autori/autori-m/francesco-mastriani/luigia-sanfelice/,"Luigia Sanfelice : romanzo storico / Francesco Mastriani. - Napoli : stab. tip. della Sirena, 1870. – 3 v.(158, 143, 133 p.) ; 19 cm.",,,Alberto Oliva,Claudio Paganelli,"Claudio Paganelli, Claudia Pantanetti",Claudio Paganelli,"Creative Commons ""Attribuzione - Non commerciale - Condividi allo stesso modo 4.0 Internazionale""",https://creativecommons.org/licenses/by-nc-sa/4.0/,https://liberliber.it/opere/libri/licenze/,Credit Liber Liber and named edition contributors; retain source link and CC BY-NC-SA 4.0 notice.,"Liber Liber wrappers removed; canonical, protected, and isolated-sonnet spans removed where ledgered; retained spelling and punctuation preserved.",Non-commercial and ShareAlike obligations apply to redistributed edition-derived text and its lineage.,inactive_pending_cross_archive_freeze
ll:2432614,La partenza del crociato ovvero Il prode Anselmo,Giovanni Visconti Venosta,https://liberliber.it/autori/autori-v/giovanni-visconti-venosta/la-partenza-del-crociato-ovvero-il-prode-anselmo/,"La partenza del crociato ovvero Il prode Anselmo / di Giovanni Visconti Venosta. – In: Ricordi di gioventù : cose vedute o sapute, 1847-1860 / Giovanni Visconti Venosta. - Milano : Tip. editrice L. F. Cogliati, 1906. - p. 357-360",,,https://it.wikisource.org,Claudio Paganelli,"Claudio Paganelli, Claudia Pantanetti",Claudio Paganelli,"Creative Commons ""Attribuzione - Non commerciale - Condividi allo stesso modo 4.0 Internazionale""",https://creativecommons.org/licenses/by-nc-sa/4.0/,https://liberliber.it/opere/libri/licenze/,Credit Liber Liber and named edition contributors; retain source link and CC BY-NC-SA 4.0 notice.,"Liber Liber wrappers removed; canonical, protected, and isolated-sonnet spans removed where ledgered; retained spelling and punctuation preserved.",Non-commercial and ShareAlike obligations apply to redistributed edition-derived text and its lineage.,inactive_pending_cross_archive_freeze
ll:2432975,Il muto di Gallura,Enrico Costa,https://liberliber.it/autori/autori-c/enrico-costa/il-muto-di-gallura/,"Il muto di Gallura : racconto storico sardo / Enrico Costa. - Tempio : Tip. G. Tortu, 1912. - 198 p. ; 21 cm",,,Distributed proofreaders,Claudio Paganelli,"Claudio Paganelli, Claudia Pantanetti",Barbara Magni,"Creative Commons ""Attribuzione - Non commerciale - Condividi allo stesso modo 4.0 Internazionale""",https://creativecommons.org/licenses/by-nc-sa/4.0/,https://liberliber.it/opere/libri/licenze/,Credit Liber Liber and named edition contributors; retain source link and CC BY-NC-SA 4.0 notice.,"Liber Liber wrappers removed; canonical, protected, and isolated-sonnet spans removed where ledgered; retained spelling and punctuation preserved.",Non-commercial and ShareAlike obligations apply to redistributed edition-derived text and its lineage.,inactive_pending_cross_archive_freeze
ll:2434278,Fra le corde d'un contrabasso,Salvatore Farina,https://liberliber.it/autori/autori-f/salvatore-farina/fra-le-corde-dun-contrabasso/,"Fra le corde d'un contrabasso : racconto / Salvatore Farina. - 2. ed. - Milano : A. Brigola e C., stampa 1882. - 79 p. ; 19 cm.",,,Distributed proofreaders,Claudio Paganelli,"Claudio Paganelli, Claudia Pantanetti",Barbara Magni,"Creative Commons ""Attribuzione - Non commerciale - Condividi allo stesso modo 4.0 Internazionale""",https://creativecommons.org/licenses/by-nc-sa/4.0/,https://liberliber.it/opere/libri/licenze/,Credit Liber Liber and named edition contributors; retain source link and CC BY-NC-SA 4.0 notice.,"Liber Liber wrappers removed; canonical, protected, and isolated-sonnet spans removed where ledgered; retained spelling and punctuation preserved.",Non-commercial and ShareAlike obligations apply to redistributed edition-derived text and its lineage.,inactive_pending_cross_archive_freeze
ll:2435088,Da Sassari a Cagliari e viceversa,Enrico Costa,https://liberliber.it/autori/autori-c/enrico-costa/da-sassari-a-cagliari-e-viceversa/,"Da Sassari a Cagliari e viceversa : guida-racconto ; coll'aggiunta del viaggio in omnibus Da Macomer a Bosa / Enrico Costa. - 3. ed. - Sassari : Giuseppe Dessi, 1902. - 223 p. ; 20 cm.",,,Distributed proofreaders,Claudio Paganelli,"Claudio Paganelli, Claudia Pantanetti",Barbara Magni,"Creative Commons ""Attribuzione - Non commerciale - Condividi allo stesso modo 4.0 Internazionale""",https://creativecommons.org/licenses/by-nc-sa/4.0/,https://liberliber.it/opere/libri/licenze/,Credit Liber Liber and named edition contributors; retain source link and CC BY-NC-SA 4.0 notice.,"Liber Liber wrappers removed; canonical, protected, and isolated-sonnet spans removed where ledgered; retained spelling and punctuation preserved.",Non-commercial and ShareAlike obligations apply to redistributed edition-derived text and its lineage.,inactive_pending_cross_archive_freeze
ll:2435194,Il mio ultimo amico,Edmondo De Amicis,https://liberliber.it/autori/autori-d/edmondo-de-amicis/il-mio-ultimo-amico/,"Il mio ultimo amico / Edmondo De Amicis ; [con illustrazioni di C. Sarri]. - Palermo : Salvatore Biondo, 1900. - 56 p. : ill. ; 20 cm.",,,Michele De Russi,Michele De Russi Gabriella Dodero,Claudia Pantanetti,Gabriella Dodero,"Creative Commons ""Attribuzione - Non commerciale - Condividi allo stesso modo 4.0 Internazionale""",https://creativecommons.org/licenses/by-nc-sa/4.0/,https://liberliber.it/opere/libri/licenze/,Credit Liber Liber and named edition contributors; retain source link and CC BY-NC-SA 4.0 notice.,"Liber Liber wrappers removed; canonical, protected, and isolated-sonnet spans removed where ledgered; retained spelling and punctuation preserved.",Non-commercial and ShareAlike obligations apply to redistributed edition-derived text and its lineage.,inactive_pending_cross_archive_freeze
ll:2435995,Il quaderno della zia,Enrico Castelnuovo,https://liberliber.it/autori/autori-c/enrico-castelnuovo/il-quaderno-della-zia/,"Il quaderno della zia : Novella / di Enrico Castelnuovo. - Milano : Coi tipi della Perseveranza, 1872. - 388 p. ; 20 cm.",,,Distributed proofreaders,Claudio Paganelli,"Claudio Paganelli, Claudia Pantanetti",Barbara Magni,"Creative Commons ""Attribuzione - Non commerciale - Condividi allo stesso modo 4.0 Internazionale""",https://creativecommons.org/licenses/by-nc-sa/4.0/,https://liberliber.it/opere/libri/licenze/,Credit Liber Liber and named edition contributors; retain source link and CC BY-NC-SA 4.0 notice.,"Liber Liber wrappers removed; canonical, protected, and isolated-sonnet spans removed where ledgered; retained spelling and punctuation preserved.",Non-commercial and ShareAlike obligations apply to redistributed edition-derived text and its lineage.,inactive_pending_cross_archive_freeze
ll:2438498,Roma sentimentale,Diego Angeli,https://liberliber.it/autori/autori-a/diego-angeli/roma-sentimentale/,"Roma sentimentale / Diego Angeli ; fotografie di A. Ducros, G. Primoli e altri ; incisioni del prof. Ballarini. - Roma: Enrico Voghera, 1900 - 199 p.: ill.; 15 cm.",,,Umberto Galerati,Umberto Galerati,Claudia Pantanetti,Claudia Pantanetti,"Creative Commons ""Attribuzione - Non commerciale - Condividi allo stesso modo 4.0 Internazionale""",https://creativecommons.org/licenses/by-nc-sa/4.0/,https://liberliber.it/opere/libri/licenze/,Credit Liber Liber and named edition contributors; retain source link and CC BY-NC-SA 4.0 notice.,"Liber Liber wrappers removed; canonical, protected, and isolated-sonnet spans removed where ledgered; retained spelling and punctuation preserved.",Non-commercial and ShareAlike obligations apply to redistributed edition-derived text and its lineage.,inactive_pending_cross_archive_freeze
ll:2439362,I miei racconti,Enrico Panzacchi,https://liberliber.it/autori/autori-p/enrico-panzacchi/i-miei-racconti/,"I miei racconti / Enrico Panzacchi. - 7. ed. aumentata. - Milano : Fratelli Treves, 1900. - 344 p., 1 ritratto ; 19 cm.",,,Distributed proofreaders,Claudio Paganelli,"Claudio Paganelli, Claudia Pantanetti",Barbara Magni,"Creative Commons ""Attribuzione - Non commerciale - Condividi allo stesso modo 4.0 Internazionale""",https://creativecommons.org/licenses/by-nc-sa/4.0/,https://liberliber.it/opere/libri/licenze/,Credit Liber Liber and named edition contributors; retain source link and CC BY-NC-SA 4.0 notice.,"Liber Liber wrappers removed; canonical, protected, and isolated-sonnet spans removed where ledgered; retained spelling and punctuation preserved.",Non-commercial and ShareAlike obligations apply to redistributed edition-derived text and its lineage.,inactive_pending_cross_archive_freeze
ll:2439395,Rovine,Giovanni Faldella,https://liberliber.it/autori/autori-f/giovanni-faldella/rovine/,"Rovine / Giovanni Faldella. - Milano : Tipografia ed. lombarda, stampa 1879. - 211 p. ; 19 cm",,,Distributed proofreaders,Claudio Paganelli,"Claudio Paganelli, Claudia Pantanetti",Barbara Magni,"Creative Commons ""Attribuzione - Non commerciale - Condividi allo stesso modo 4.0 Internazionale""",https://creativecommons.org/licenses/by-nc-sa/4.0/,https://liberliber.it/opere/libri/licenze/,Credit Liber Liber and named edition contributors; retain source link and CC BY-NC-SA 4.0 notice.,"Liber Liber wrappers removed; canonical, protected, and isolated-sonnet spans removed where ledgered; retained spelling and punctuation preserved.",Non-commercial and ShareAlike obligations apply to redistributed edition-derived text and its lineage.,inactive_pending_cross_archive_freeze
ll:2440440,La Costa d'Avorio,Emilio Salgari,https://liberliber.it/autori/autori-s/emilio-salgari/la-costa-davorio/,"La Costa d'Avorio : avventure / Emilio Salgari ; illustrate da 18 disegni fuori testo di G. Gamba. - Genova : Donath, 1898. - 250 p., [18] c. di tav. : ill. ; 25 cm.",,,Distributed proofreaders,Claudio Paganelli,"Claudio Paganelli, Claudia Pantanetti",Claudio Paganelli,"Creative Commons ""Attribuzione - Non commerciale - Condividi allo stesso modo 4.0 Internazionale""",https://creativecommons.org/licenses/by-nc-sa/4.0/,https://liberliber.it/opere/libri/licenze/,Credit Liber Liber and named edition contributors; retain source link and CC BY-NC-SA 4.0 notice.,"Liber Liber wrappers removed; canonical, protected, and isolated-sonnet spans removed where ledgered; retained spelling and punctuation preserved.",Non-commercial and ShareAlike obligations apply to redistributed edition-derived text and its lineage.,inactive_pending_cross_archive_freeze
ll:2440693,Monsù Tomè,Anton Giulio Barrili,https://liberliber.it/autori/autori-b/anton-giulio-barrili/monsu-tome/,"Monsù Tomè / racconto di Anton Giulio Barrili. - Milano : F.lli Treves, 1885. - 349 p. ; 19 cm.",,,Distributed proofreaders,Claudio Paganelli,"Claudio Paganelli, Claudia Pantanetti","Barbara Magni, Claudio Paganelli","Creative Commons ""Attribuzione - Non commerciale - Condividi allo stesso modo 4.0 Internazionale""",https://creativecommons.org/licenses/by-nc-sa/4.0/,https://liberliber.it/opere/libri/licenze/,Credit Liber Liber and named edition contributors; retain source link and CC BY-NC-SA 4.0 notice.,"Liber Liber wrappers removed; canonical, protected, and isolated-sonnet spans removed where ledgered; retained spelling and punctuation preserved.",Non-commercial and ShareAlike obligations apply to redistributed edition-derived text and its lineage.,inactive_pending_cross_archive_freeze
ll:2441114,Il Marchese del Grillo ; Gaetanino,Raffaello Giovagnoli,https://liberliber.it/autori/autori-g/raffaello-giovagnoli/il-marchese-del-grillo-gaetanino/,"Il Marchese del Grillo ; Gaetanino : leggende romane / R. Giovagnoli. - Roma: Edoardo Perino, 1887. - 141 p. ; 16 cm.",,,Umberto Galerati,Umberto Galerati,Claudia Pantanetti,Ruggero Volpes,"Creative Commons ""Attribuzione - Non commerciale - Condividi allo stesso modo 4.0 Internazionale""",https://creativecommons.org/licenses/by-nc-sa/4.0/,https://liberliber.it/opere/libri/licenze/,Credit Liber Liber and named edition contributors; retain source link and CC BY-NC-SA 4.0 notice.,"Liber Liber wrappers removed; canonical, protected, and isolated-sonnet spans removed where ledgered; retained spelling and punctuation preserved.",Non-commercial and ShareAlike obligations apply to redistributed edition-derived text and its lineage.,inactive_pending_cross_archive_freeze
ll:2441338,"Il prete, il carabiniere e la vittima",Nicola Del Vecchio,https://liberliber.it/autori/autori-d/nicola-del-vecchio/il-prete-il-carabiniere-e-la-vittima/,"Il prete, il carabiniere e la vittima : romanzo sociale / per Nicola Del Vecchio. - Napoli : G. de Martino, 1867. - 281 p. ; 16 cm.",,,Alberto Oliva,Gabriella Dodero,Claudia Pantanetti,Gabriella Dodero,"Creative Commons ""Attribuzione - Non commerciale - Condividi allo stesso modo 4.0 Internazionale""",https://creativecommons.org/licenses/by-nc-sa/4.0/,https://liberliber.it/opere/libri/licenze/,Credit Liber Liber and named edition contributors; retain source link and CC BY-NC-SA 4.0 notice.,"Liber Liber wrappers removed; canonical, protected, and isolated-sonnet spans removed where ledgered; retained spelling and punctuation preserved.",Non-commercial and ShareAlike obligations apply to redistributed edition-derived text and its lineage.,inactive_pending_cross_archive_freeze
ll:2442704,"Eufemia, ovvero Il segreto di due amanti",Francesco Mastriani,https://liberliber.it/autori/autori-m/francesco-mastriani/eufemia-ovvero-il-segreto-di-due-amanti/,"Eufemia, ovvero Il segreto di due amanti : fatto contemporaneo / per Francesco Mastriani. - Napoli : presso L. Gargiulo, 1868. - 2 v. (319 p. compless.) : ill. ; 18 cm.",,,Alberto Oliva,Gabriella Dodero,Claudia Pantanetti,Gabriella Dodero,"Creative Commons ""Attribuzione - Non commerciale - Condividi allo stesso modo 4.0 Internazionale""",https://creativecommons.org/licenses/by-nc-sa/4.0/,https://liberliber.it/opere/libri/licenze/,Credit Liber Liber and named edition contributors; retain source link and CC BY-NC-SA 4.0 notice.,"Liber Liber wrappers removed; canonical, protected, and isolated-sonnet spans removed where ledgered; retained spelling and punctuation preserved.",Non-commercial and ShareAlike obligations apply to redistributed edition-derived text and its lineage.,inactive_pending_cross_archive_freeze
