candidate_id,record_id,source_title,source_record_author,poem_author,poem_author_resolution,period_bucket,source_url,source_kind,stanza_pattern,line_count,character_start,character_end,source_text_sha256,cleaned_text_sha256,first_line,last_line,exact_reference_ids,near_reference_ids,protected_v6_reference_ids,candidate_decision,final_role,activation_status,artifact_status,shard_path,byte_start,byte_end,cleaned_character_count,cleaned_byte_count,cleaned_sha256
ll:2344098:char8339-8994,ll:2344098,Delle Frascherie di Antonio Abati fasci tre,Antonio Abati,Antonio Abati,source_collection_author,origins_through_1800,https://liberliber.it/autori/autori-a/antonio-abati/delle-frascherie-di-antonio-abati-fasci-tre/,structural_14_line,4-4-3-3,14,8339,8994,5265519fba15d3f75cd8dbdeba7d7fd8ec00989148a2cfbe41e8096210ce77c9,1aa307a257eda92d0df7e7f856de17c112508f0140edc06352188becc852d961,"Bel Cantor de l'Età, Parto secondo,","Poiché ogni stral, che vibri, ha punta d'oro.",,,,eligible_standard_sonnet_inactive_pending_checkpoint7,standard_sonnets,inactive_pending_cross_archive_freeze,sonnet_materialized_inactive,data/processed/liber_liber_resolved_v1/standard_sonnets/part-0001.txt,0,548,540,548,1aa307a257eda92d0df7e7f856de17c112508f0140edc06352188becc852d961
ll:2344213:char5940-6461,ll:2344213,Vita nuova,Dante Alighieri,Dante Alighieri,source_collection_author,origins_through_1800,https://liberliber.it/autori/autori-a/dante-alighieri/vita-nuova/,source_metadata_sonnet_collection,14,14,5940,6461,5946dcba20b310d2f4ef4338df9d40c9f8c8f8707cc59451e65288d25ce29f81,dcb99e390fb82f2c3fee5e242e5ad8136e1434e36fa4f974a6c8adc11f995d23,"A ciascun'alma presa, e gentil core,",appresso gir lo ne vedea piangendo.,v6:dante_i_a_ciascun_alma_presa_e_gentil_core,,,exclude_existing_corpus_sonnet_duplicate,standard_sonnets,inactive_pending_cross_archive_freeze,not_materialized_duplicate_or_protected,,,,0,0,e3b0c44298fc1c149afbf4c8996fb92427ae41e4649b934ca495991b7852b855
ll:2344213:char12584-13100,ll:2344213,Vita nuova,Dante Alighieri,Dante Alighieri,source_collection_author,origins_through_1800,https://liberliber.it/autori/autori-a/dante-alighieri/vita-nuova/,source_metadata_sonnet_collection,14,14,12584,13100,e1f95c952e283b7ad883d65c8a0fd152aec788f4e86a97ec46cd5b5b1fb97cb5,84ca00fbaa8186a88f4112f778d0faa2c1576c867777713e676d2d0b476aacf3,"Piangete, amanti, poi che piange Amore,",che donna fu di sì gaia sembianza.,,v6:dante_vi_piangete_amanti_poi_che_piange_amore,,exclude_existing_corpus_sonnet_duplicate,standard_sonnets,inactive_pending_cross_archive_freeze,not_materialized_duplicate_or_protected,,,,0,0,e3b0c44298fc1c149afbf4c8996fb92427ae41e4649b934ca495991b7852b855
ll:2344213:char16356-16850,ll:2344213,Vita nuova,Dante Alighieri,Dante Alighieri,source_collection_author,origins_through_1800,https://liberliber.it/autori/autori-a/dante-alighieri/vita-nuova/,source_metadata_sonnet_collection,14,14,16356,16850,79320a811d4d47168c00930895ec015282e37ecdf38e1c2819a3985834b237b8,ec776caf9ee57c8b31f72af71d3e7c9f27e9b740c99e2152392a9a6ad2f9ac85,"Cavalcando l'altr'ier per un cammino,","ch'elli disparve, e non m'accorsi come.",,v6:dante_viii_cavalcando_l_altr_ier_per_un_cammin,,exclude_existing_corpus_sonnet_duplicate,standard_sonnets,inactive_pending_cross_archive_freeze,not_materialized_duplicate_or_protected,,,,0,0,e3b0c44298fc1c149afbf4c8996fb92427ae41e4649b934ca495991b7852b855
ll:2344213:char25983-26490,ll:2344213,Vita nuova,Dante Alighieri,Dante Alighieri,source_collection_author,origins_through_1800,https://liberliber.it/autori/autori-a/dante-alighieri/vita-nuova/,source_metadata_sonnet_collection,14,14,25983,26490,bdd1e2832ee7b8a75a44b40e90bec84513471592aab10e9953c90f470c3b3a59,0c03964a3991bc344370fc5e99ecf5896f9967cbb2a67e6b7b0f15ba6b78f459,Tutti li miei pensier parlan d'Amore;,"madonna la Pietà, che mi difenda.",,v6:dante_x_tutti_li_miei_penser_parlan_d_amore,,exclude_existing_corpus_sonnet_duplicate,standard_sonnets,inactive_pending_cross_archive_freeze,not_materialized_duplicate_or_protected,,,,0,0,e3b0c44298fc1c149afbf4c8996fb92427ae41e4649b934ca495991b7852b855
ll:2344213:char30255-30771,ll:2344213,Vita nuova,Dante Alighieri,Dante Alighieri,source_collection_author,origins_through_1800,https://liberliber.it/autori/autori-a/dante-alighieri/vita-nuova/,source_metadata_sonnet_collection,14,14,30255,30771,e9dbbe9d9d52faf45d7e9c3bcd89826ca86425b6ce23375f8580c8ba29daad9f,d1b0f03eabc16073433236244cd0710c7876921808b2de85b3243eaae71d3638,"Con l'altre donne mia vista gabbate,",li guai de li scacciati tormentosi.,,v6:dante_xi_con_l_altre_donne_mia_vista_gabbate,,exclude_existing_corpus_sonnet_duplicate,standard_sonnets,inactive_pending_cross_archive_freeze,not_materialized_duplicate_or_protected,,,,0,0,e3b0c44298fc1c149afbf4c8996fb92427ae41e4649b934ca495991b7852b855
ll:2344213:char32643-33186,ll:2344213,Vita nuova,Dante Alighieri,Dante Alighieri,source_collection_author,origins_through_1800,https://liberliber.it/autori/autori-a/dante-alighieri/vita-nuova/,source_metadata_sonnet_collection,14,14,32643,33186,25ee2ad49d6264389d47534a83eedbef09d81038af753b6e9baafd688ccfd060,bf6c0d05ada5dbda90c398e3a9707727621098d990d5ae25f9630015e997f156,"Ciò che m'incontra ne la mente, more,","de li occhi, c'hanno di lor morte voglia.",v6:dante_xii_ciò_che_m_incontra_ne_la_mente_more,,,exclude_existing_corpus_sonnet_duplicate,standard_sonnets,inactive_pending_cross_archive_freeze,not_materialized_duplicate_or_protected,,,,0,0,e3b0c44298fc1c149afbf4c8996fb92427ae41e4649b934ca495991b7852b855
ll:2344213:char35199-35705,ll:2344213,Vita nuova,Dante Alighieri,Dante Alighieri,source_collection_author,origins_through_1800,https://liberliber.it/autori/autori-a/dante-alighieri/vita-nuova/,source_metadata_sonnet_collection,14,14,35199,35705,94872adefb58953239b079abb41241babcd4878c1cee67c6beef43d274b40b66,a9c1ab26b882efb576cc643700e06941b46c27d63319073dba22d77b86c9a8b9,Spesse fiate vègnonmi a la mente,che fa de' polsi l'anima partire.,,v6:dante_xiii_spesse_fiate_vegnomi_a_la_mente,,exclude_existing_corpus_sonnet_duplicate,standard_sonnets,inactive_pending_cross_archive_freeze,not_materialized_duplicate_or_protected,,,,0,0,e3b0c44298fc1c149afbf4c8996fb92427ae41e4649b934ca495991b7852b855
ll:2344213:char45712-46230,ll:2344213,Vita nuova,Dante Alighieri,Dante Alighieri,source_collection_author,origins_through_1800,https://liberliber.it/autori/autori-a/dante-alighieri/vita-nuova/,source_metadata_sonnet_collection,14,14,45712,46230,e84c82b6fe28d20c4b644cfcd0fc8b36fa1851634b0727461df1033645cc8380,b70ee6cb4b651d8901e2c031b71532caf5ef98dbb299532f7ce5465fa0723f1c,"Amore e 'l cor gentil sono una cosa,",E simil fàce in donna omo valente.,,v6:dante_xvi_amore_e_l_cor_gentil_sono_una_cosa,,exclude_existing_corpus_sonnet_duplicate,standard_sonnets,inactive_pending_cross_archive_freeze,not_materialized_duplicate_or_protected,,,,0,0,e3b0c44298fc1c149afbf4c8996fb92427ae41e4649b934ca495991b7852b855
ll:2344213:char47261-47775,ll:2344213,Vita nuova,Dante Alighieri,Dante Alighieri,source_collection_author,origins_through_1800,https://liberliber.it/autori/autori-a/dante-alighieri/vita-nuova/,source_metadata_sonnet_collection,14,14,47261,47775,fe857076dc8aea93b1c2117bac4e2ae3db5f8928ff431dee341e6d62722da553,cd642d05a4db619c30cad0caf206eb9ee13bfb09925b6dbdd1fee3afd423b1f2,"Negli occhi porta la mia donna Amore,",sì è novo miracolo e gentile.,,v6:dante_xvii_ne_li_occhi_porta_la_mia_donna_amore,,exclude_existing_corpus_sonnet_duplicate,standard_sonnets,inactive_pending_cross_archive_freeze,not_materialized_duplicate_or_protected,,,,0,0,e3b0c44298fc1c149afbf4c8996fb92427ae41e4649b934ca495991b7852b855
ll:2344213:char51779-52300,ll:2344213,Vita nuova,Dante Alighieri,Dante Alighieri,source_collection_author,origins_through_1800,https://liberliber.it/autori/autori-a/dante-alighieri/vita-nuova/,source_metadata_sonnet_collection,14,14,51779,52300,efa352891656f92d4e6ec8b25b904ba9e76fdf10da2902f6d0839b6720e7d0b9,a01d989a1361c90cfe3162d65939eca4a2f370a478e8dfa0110d9a8005795216,"Voi, che portate la sembianza umile,",che 'l cor mi triema di vederne tanto.,,v6:dante_xviii_voi_che_portate_la_sembianza_umile,,exclude_existing_corpus_sonnet_duplicate,standard_sonnets,inactive_pending_cross_archive_freeze,not_materialized_duplicate_or_protected,,,,0,0,e3b0c44298fc1c149afbf4c8996fb92427ae41e4649b934ca495991b7852b855
ll:2344213:char52619-53123,ll:2344213,Vita nuova,Dante Alighieri,Dante Alighieri,source_collection_author,origins_through_1800,https://liberliber.it/autori/autori-a/dante-alighieri/vita-nuova/,source_metadata_sonnet_collection,14,14,52619,53123,65a6c04fa9cc9613aea61ac4070ac8e33275f5cd57fb70f560e98c20ff160d98,4895e70b5f1bc8e09f8c7adda35a22274ae698e0c1a784d51a11a7ecf71ce634,"Se' tu colui, c'hai trattato sovente",sarebbe innanzi lei piangendo morta.,,v6:dante_xix_se_tu_colui_c_hai_trattato_sovente,v6:dante_xix_se_tu_colui_c_hai_trattato_sovente,exclude_protected_v6_sonnet,standard_sonnets,inactive_pending_cross_archive_freeze,not_materialized_duplicate_or_protected,,,,0,0,e3b0c44298fc1c149afbf4c8996fb92427ae41e4649b934ca495991b7852b855
ll:2344213:char64365-64866,ll:2344213,Vita nuova,Dante Alighieri,Dante Alighieri,source_collection_author,origins_through_1800,https://liberliber.it/autori/autori-a/dante-alighieri/vita-nuova/,source_metadata_sonnet_collection,14,14,64365,64866,a6e7b1bfb65ba8fee1de535035dbce8838cecf07f39231a0461bed87e3ae7adb,b8c1b5009ffe3a87b46ff551a085aeb6209ecd22fc8caca63b67b99c3249d620,Io mi senti' svegliar dentro a lo core,"e quell'ha nome Amor, sì mi somiglia».",,v6:dante_xxi_io_mi_senti_svegliar_dentro_a_lo_core,,exclude_existing_corpus_sonnet_duplicate,standard_sonnets,inactive_pending_cross_archive_freeze,not_materialized_duplicate_or_protected,,,,0,0,e3b0c44298fc1c149afbf4c8996fb92427ae41e4649b934ca495991b7852b855
ll:2344213:char71311-71824,ll:2344213,Vita nuova,Dante Alighieri,Dante Alighieri,source_collection_author,origins_through_1800,https://liberliber.it/autori/autori-a/dante-alighieri/vita-nuova/,source_metadata_sonnet_collection,14,14,71311,71824,a3ce4777ac1ce42c860e44f3410a84eae312dfe1c34ed75b256f07a7e82aad8e,04a0db174dabb3aed5b7c7288ff03c1f0a895de7498c4dd24bfa0b26fc105250,Tanto gentile e tanto onesta pare,che va dicendo a l'anima: «Sospira!»,,v6:dante_xxii_tanto_gentile_e_tanto_onesta_pare,,exclude_existing_corpus_sonnet_duplicate,standard_sonnets,inactive_pending_cross_archive_freeze,not_materialized_duplicate_or_protected,,,,0,0,e3b0c44298fc1c149afbf4c8996fb92427ae41e4649b934ca495991b7852b855
ll:2344213:char72418-72921,ll:2344213,Vita nuova,Dante Alighieri,Dante Alighieri,source_collection_author,origins_through_1800,https://liberliber.it/autori/autori-a/dante-alighieri/vita-nuova/,source_metadata_sonnet_collection,14,14,72418,72921,d0b8299ce2feb3418149729fdbf0892ec42323cfb8d01a9e708eb516a3ae5d3d,47baad25d6c2c1f9bdcdc80a4c69a777a2b532b45a88b5441c01361864c41861,Vede perfettamente ogne salute,che non sospiri in dolcezza d'amore.,,v6:dante_xxiii_vede_perfettamente_onne_salute,,exclude_existing_corpus_sonnet_duplicate,standard_sonnets,inactive_pending_cross_archive_freeze,not_materialized_duplicate_or_protected,,,,0,0,e3b0c44298fc1c149afbf4c8996fb92427ae41e4649b934ca495991b7852b855
ll:2344213:char74187-74668,ll:2344213,Vita nuova,Dante Alighieri,Dante Alighieri,source_collection_author,origins_through_1800,https://liberliber.it/autori/autori-a/dante-alighieri/vita-nuova/,source_metadata_sonnet_collection,14,14,74187,74668,e8a1bf22819c621d2df7fbf1144b6eb05f3039556f18f0f48d7d8e72cd444726,a73260944e56569f366a98669bb333c4d135ce215caf8ad2629ff510442cbea8,Sì lungiamente m'ha tenuto Amore,"e sì è cosa umìl, che nol si crede.",,v6:dante_xxiv_sì_lungiamente_m_ha_tenuto_amore,,exclude_existing_corpus_sonnet_duplicate,standard_sonnets,inactive_pending_cross_archive_freeze,not_materialized_duplicate_or_protected,,,,0,0,e3b0c44298fc1c149afbf4c8996fb92427ae41e4649b934ca495991b7852b855
ll:2344213:char84224-84712,ll:2344213,Vita nuova,Dante Alighieri,Dante Alighieri,source_collection_author,origins_through_1800,https://liberliber.it/autori/autori-a/dante-alighieri/vita-nuova/,source_metadata_sonnet_collection,14,14,84224,84712,0fd26529c675bbf7526823fbd82af3a5fc684a1b4ced59f77fe5f92c86eaa97f,a968513676f89e21f44abf65e1588111862f9b406f70acdeb3e7b29521bdd6bb,"Venite a 'ntender li sospiri miei,",abbandonata de la sua salute.,,v6:dante_xxvi_venite_a_intender_li_sospiri_miei,v6:dante_xxvi_venite_a_intender_li_sospiri_miei,exclude_protected_v6_sonnet,standard_sonnets,inactive_pending_cross_archive_freeze,not_materialized_duplicate_or_protected,,,,0,0,e3b0c44298fc1c149afbf4c8996fb92427ae41e4649b934ca495991b7852b855
ll:2344213:char88359-88880,ll:2344213,Vita nuova,Dante Alighieri,Dante Alighieri,source_collection_author,origins_through_1800,https://liberliber.it/autori/autori-a/dante-alighieri/vita-nuova/,source_metadata_sonnet_collection,14,14,88359,88880,01e97f94b2b7d831237284cb21542bb2a1457a54c0476a8d8f7a69f84bb5428b,50377e8aa616b70849756e51e417661056fc0751a508364ec59c114eee36a376,Era venuta ne la mente mia,oggi fa l'anno che nel ciel salisti».,,v6:dante_xxx_era_venuta_ne_la_mente_mia,,exclude_existing_corpus_sonnet_duplicate,standard_sonnets,inactive_pending_cross_archive_freeze,not_materialized_duplicate_or_protected,,,,0,0,e3b0c44298fc1c149afbf4c8996fb92427ae41e4649b934ca495991b7852b855
ll:2344213:char90054-90566,ll:2344213,Vita nuova,Dante Alighieri,Dante Alighieri,source_collection_author,origins_through_1800,https://liberliber.it/autori/autori-a/dante-alighieri/vita-nuova/,source_metadata_sonnet_collection,14,14,90054,90566,6b5ca5f21f47f85d0243b97967ec209d5f26980200c3ae16a56951bd8656da4e,3d5648e33ccd7825b3594d61d0bf9c47644550e809ef3e2874bf7933da3c5208,Videro li occhi miei quanta pietate,lo qual mi face andar così piangendo».,,v6:dante_xxxi_videro_li_occhi_miei_quanta_pietate,,exclude_existing_corpus_sonnet_duplicate,standard_sonnets,inactive_pending_cross_archive_freeze,not_materialized_duplicate_or_protected,,,,0,0,e3b0c44298fc1c149afbf4c8996fb92427ae41e4649b934ca495991b7852b855
ll:2344213:char91187-91696,ll:2344213,Vita nuova,Dante Alighieri,Dante Alighieri,source_collection_author,origins_through_1800,https://liberliber.it/autori/autori-a/dante-alighieri/vita-nuova/,source_metadata_sonnet_collection,14,14,91187,91696,02787b291a75e1f343499ddd8f9ef84241cec7ef807e90c256a9bcfe0612d07f,03acad8c78d3b37183ba92b342e4809c6632e3d391cd02ad853546d9711b37e4,Color d'amore e di pietà sembianti,ma lagrimar dinanzi a voi non sanno.,,v6:dante_xxxii_color_d_amore_e_di_pietà_sembianti,,exclude_existing_corpus_sonnet_duplicate,standard_sonnets,inactive_pending_cross_archive_freeze,not_materialized_duplicate_or_protected,,,,0,0,e3b0c44298fc1c149afbf4c8996fb92427ae41e4649b934ca495991b7852b855
ll:2344213:char93065-93574,ll:2344213,Vita nuova,Dante Alighieri,Dante Alighieri,source_collection_author,origins_through_1800,https://liberliber.it/autori/autori-a/dante-alighieri/vita-nuova/,source_metadata_sonnet_collection,14,14,93065,93574,396e4c1d24f1117be3591585dcd41ac1008ea2fcba34dbf105553f83a9bd2db4,4ffa1272632f0bc8df925b4dec88ccc993f5dd7ab7bca0b631cd2489b57a6945,"«L'amaro lagrimar che voi faceste,","Così dice 'l meo core, e poi sospira.",,v6:dante_xxxiii_l_amaro_lagrimar_che_voi_faceste,,exclude_existing_corpus_sonnet_duplicate,standard_sonnets,inactive_pending_cross_archive_freeze,not_materialized_duplicate_or_protected,,,,0,0,e3b0c44298fc1c149afbf4c8996fb92427ae41e4649b934ca495991b7852b855
ll:2344213:char95966-96476,ll:2344213,Vita nuova,Dante Alighieri,Dante Alighieri,source_collection_author,origins_through_1800,https://liberliber.it/autori/autori-a/dante-alighieri/vita-nuova/,source_metadata_sonnet_collection,14,14,95966,96476,39b8232c1069cbc911f179f40865e6196c543deca92a5353ec3a6124abb09eb1,edb4ffe7aea966bb6f845ac9283bdccf6101ce8c51e3f5df5ac4b75e4b163b7d,"Gentil pensero che parla di vui,",che si turbava de' nostri martìri».,,v6:dante_xxxiv_gentil_pensero_che_parla_di_vui,,exclude_existing_corpus_sonnet_duplicate,standard_sonnets,inactive_pending_cross_archive_freeze,not_materialized_duplicate_or_protected,,,,0,0,e3b0c44298fc1c149afbf4c8996fb92427ae41e4649b934ca495991b7852b855
ll:2344213:char98506-99024,ll:2344213,Vita nuova,Dante Alighieri,Dante Alighieri,source_collection_author,origins_through_1800,https://liberliber.it/autori/autori-a/dante-alighieri/vita-nuova/,source_metadata_sonnet_collection,14,14,98506,99024,86b3fd54a22943f19c9ebe06d3217f0710ccfb71eef404fda51d1042f4da593c,dc0efe6402ef64c81b0c76ad1591be8fe026eb6c882cd1d01eec667525527cd3,Lasso! per forza di molti sospiri,e de la morte sua molte parole.,,v6:dante_xxxv_lasso_per_forza_di_molti_sospiri,,exclude_existing_corpus_sonnet_duplicate,standard_sonnets,inactive_pending_cross_archive_freeze,not_materialized_duplicate_or_protected,,,,0,0,e3b0c44298fc1c149afbf4c8996fb92427ae41e4649b934ca495991b7852b855
ll:2344213:char101243-101734,ll:2344213,Vita nuova,Dante Alighieri,Dante Alighieri,source_collection_author,origins_through_1800,https://liberliber.it/autori/autori-a/dante-alighieri/vita-nuova/,source_metadata_sonnet_collection,14,14,101243,101734,8bb6ca9c23cb1be46dd1a9efcbaba2c5e7da1f0587e4fa07728f6a4014ac64d1,123a5d8dfe98c2bd351a97ec9f4acb31c3c4b1d3e8e29a91a1e82ab50fe9923d,"Deh! peregrini che pensosi andate,",hanno vertù di far piangere altrui.,v6:dante_xxxvi_deh_peregrini_che_pensosi_andate,,,exclude_existing_corpus_sonnet_duplicate,standard_sonnets,inactive_pending_cross_archive_freeze,not_materialized_duplicate_or_protected,,,,0,0,e3b0c44298fc1c149afbf4c8996fb92427ae41e4649b934ca495991b7852b855
ll:2344213:char103708-104215,ll:2344213,Vita nuova,Dante Alighieri,Dante Alighieri,source_collection_author,origins_through_1800,https://liberliber.it/autori/autori-a/dante-alighieri/vita-nuova/,source_metadata_sonnet_collection,14,14,103708,104215,1b745f6b6f73c2f654c98e95951535e22df4f765b2bb07fdfbb81bbe7ed6ea82,01a23c62908525b3d352e887c6fb2bdc6e6bca3ea8b8f8959b0169d6fb63faec,"Oltre la sfera che più larga gira,","sì ch'io lo 'ntendo ben, donne mie care.",,v6:dante_xxxvii_oltre_la_spera_che_più_larga_gira,,exclude_existing_corpus_sonnet_duplicate,standard_sonnets,inactive_pending_cross_archive_freeze,not_materialized_duplicate_or_protected,,,,0,0,e3b0c44298fc1c149afbf4c8996fb92427ae41e4649b934ca495991b7852b855
ll:2427167:char3676-4185,ll:2427167,Il 1. libro dei trittici,Alessandro Varaldo,Alessandro Varaldo,explicit_post_poem_signature,nineteenth_century,https://liberliber.it/autori/autori-v/alessandro-varaldo/il-1-libro-dei-trittici/,explicit_author_signature,14,14,3676,4185,2303a811feaf7f7e1f2804de213857cda035dd021cd83082870a7957877a03e8,2303a811feaf7f7e1f2804de213857cda035dd021cd83082870a7957877a03e8,Guardo. Un fascino strano di moine,palpebre darà baci e al capo fiori.,,,,eligible_standard_sonnet_inactive_pending_checkpoint7,standard_sonnets,inactive_pending_cross_archive_freeze,sonnet_materialized_inactive,data/processed/liber_liber_resolved_v1/standard_sonnets/part-0001.txt,549,1066,509,517,2303a811feaf7f7e1f2804de213857cda035dd021cd83082870a7957877a03e8
ll:2427167:char4205-4701,ll:2427167,Il 1. libro dei trittici,Alessandro Varaldo,Mario Malfettani,explicit_post_poem_signature,nineteenth_century,https://liberliber.it/autori/autori-v/alessandro-varaldo/il-1-libro-dei-trittici/,explicit_author_signature,14,14,4205,4701,a23058048860bda19eab7e169df4d2d16d4597b89786b0530dcbcbe5f5335132,a23058048860bda19eab7e169df4d2d16d4597b89786b0530dcbcbe5f5335132,"’A il profumo, il color de le Vïole",ove singhiozza il suo bimbo obliato?,,,,eligible_standard_sonnet_inactive_pending_checkpoint7,standard_sonnets,inactive_pending_cross_archive_freeze,sonnet_materialized_inactive,data/processed/liber_liber_resolved_v1/standard_sonnets/part-0001.txt,1067,1571,496,504,a23058048860bda19eab7e169df4d2d16d4597b89786b0530dcbcbe5f5335132
ll:2427167:char4718-5214,ll:2427167,Il 1. libro dei trittici,Alessandro Varaldo,Alessandro Giribaldi,explicit_post_poem_signature,nineteenth_century,https://liberliber.it/autori/autori-v/alessandro-varaldo/il-1-libro-dei-trittici/,explicit_author_signature,14,14,4718,5214,76ce69a515a34d1818aa29d5c670f10a4634be3abc2cdf587fb2c2c2706fa82f,76ce69a515a34d1818aa29d5c670f10a4634be3abc2cdf587fb2c2c2706fa82f,Poi che l’estremo sogno anche periva,"spenta, de la sua morta giovinezza.",,,,eligible_standard_sonnet_inactive_pending_checkpoint7,standard_sonnets,inactive_pending_cross_archive_freeze,sonnet_materialized_inactive,data/processed/liber_liber_resolved_v1/standard_sonnets/part-0001.txt,1572,2077,496,505,76ce69a515a34d1818aa29d5c670f10a4634be3abc2cdf587fb2c2c2706fa82f
ll:2427167:char5583-6068,ll:2427167,Il 1. libro dei trittici,Alessandro Varaldo,Alessandro Varaldo,explicit_post_poem_signature,nineteenth_century,https://liberliber.it/autori/autori-v/alessandro-varaldo/il-1-libro-dei-trittici/,explicit_author_signature,14,14,5583,6068,7fc94dc144d7c19a08f335e5342cc8d53a4d45f408a803cbbbbb67726e30e6fa,7fc94dc144d7c19a08f335e5342cc8d53a4d45f408a803cbbbbb67726e30e6fa,Mentre suonano allegre le campane,de la vita ed ancora ne l’addio.,,,,eligible_standard_sonnet_inactive_pending_checkpoint7,standard_sonnets,inactive_pending_cross_archive_freeze,sonnet_materialized_inactive,data/processed/liber_liber_resolved_v1/standard_sonnets/part-0001.txt,2078,2570,485,492,7fc94dc144d7c19a08f335e5342cc8d53a4d45f408a803cbbbbb67726e30e6fa
ll:2427167:char6088-6583,ll:2427167,Il 1. libro dei trittici,Alessandro Varaldo,Mario Malfettani,explicit_post_poem_signature,nineteenth_century,https://liberliber.it/autori/autori-v/alessandro-varaldo/il-1-libro-dei-trittici/,explicit_author_signature,14,14,6088,6583,cc87caed1a0a703e8e67cc06d1debf21f8b12badc0d44551f58136126f5687a6,cc87caed1a0a703e8e67cc06d1debf21f8b12badc0d44551f58136126f5687a6,Da l’orto verde sale la fragranza,ella invoca l’amato ch’è lontano.,,,,eligible_standard_sonnet_inactive_pending_checkpoint7,standard_sonnets,inactive_pending_cross_archive_freeze,sonnet_materialized_inactive,data/processed/liber_liber_resolved_v1/standard_sonnets/part-0001.txt,2571,3080,495,509,cc87caed1a0a703e8e67cc06d1debf21f8b12badc0d44551f58136126f5687a6
ll:2427167:char6600-7124,ll:2427167,Il 1. libro dei trittici,Alessandro Varaldo,Alessandro Giribaldi,explicit_post_poem_signature,nineteenth_century,https://liberliber.it/autori/autori-v/alessandro-varaldo/il-1-libro-dei-trittici/,explicit_author_signature,14,14,6600,7124,2ce1cd5f94ca89d863f853da0aec06d6dd3bba2066f0eeeb8864bf7af3fd7f9d,2ce1cd5f94ca89d863f853da0aec06d6dd3bba2066f0eeeb8864bf7af3fd7f9d,Ei sogna – dite – una testina d’oro,"è puro, come l’Ostia consacrata.",,,,eligible_standard_sonnet_inactive_pending_checkpoint7,standard_sonnets,inactive_pending_cross_archive_freeze,sonnet_materialized_inactive,data/processed/liber_liber_resolved_v1/standard_sonnets/part-0001.txt,3081,3629,524,548,2ce1cd5f94ca89d863f853da0aec06d6dd3bba2066f0eeeb8864bf7af3fd7f9d
ll:2427167:char7261-7774,ll:2427167,Il 1. libro dei trittici,Alessandro Varaldo,Alessandro Varaldo,explicit_post_poem_signature,nineteenth_century,https://liberliber.it/autori/autori-v/alessandro-varaldo/il-1-libro-dei-trittici/,explicit_author_signature,14,14,7261,7774,4dbee989101cb906b69aa6ae5875468adb68e7c5429a55e87fa6b827683fb33d,4dbee989101cb906b69aa6ae5875468adb68e7c5429a55e87fa6b827683fb33d,Cielo di maggio bianco un po’ velato,sogno sembra una meta alta la vita?,,,,eligible_standard_sonnet_inactive_pending_checkpoint7,standard_sonnets,inactive_pending_cross_archive_freeze,sonnet_materialized_inactive,data/processed/liber_liber_resolved_v1/standard_sonnets/part-0001.txt,3630,4153,513,523,4dbee989101cb906b69aa6ae5875468adb68e7c5429a55e87fa6b827683fb33d
ll:2427167:char7794-8292,ll:2427167,Il 1. libro dei trittici,Alessandro Varaldo,Mario Malfettani,explicit_post_poem_signature,nineteenth_century,https://liberliber.it/autori/autori-v/alessandro-varaldo/il-1-libro-dei-trittici/,explicit_author_signature,14,14,7794,8292,e44332a677d5b944d018b7131e0bdd35403852e39c27523689a7c2fbc9d211b7,e44332a677d5b944d018b7131e0bdd35403852e39c27523689a7c2fbc9d211b7,Su la veste a gramaglie l’à puntato,dolore in quel gentil fiore odorato!,,,,eligible_standard_sonnet_inactive_pending_checkpoint7,standard_sonnets,inactive_pending_cross_archive_freeze,sonnet_materialized_inactive,data/processed/liber_liber_resolved_v1/standard_sonnets/part-0001.txt,4154,4667,498,513,e44332a677d5b944d018b7131e0bdd35403852e39c27523689a7c2fbc9d211b7
ll:2427167:char8310-8820,ll:2427167,Il 1. libro dei trittici,Alessandro Varaldo,Alessandro Giribaldi,explicit_post_poem_signature,nineteenth_century,https://liberliber.it/autori/autori-v/alessandro-varaldo/il-1-libro-dei-trittici/,explicit_author_signature,14,14,8310,8820,f57ec6cd3e26aa6a38cfae0961f3d74b79b5aa72881af66c4dd3c1a3511770ea,f57ec6cd3e26aa6a38cfae0961f3d74b79b5aa72881af66c4dd3c1a3511770ea,"La donna che i piaceri, i baci, i canti",come li estremi desideri miei!,,,,eligible_standard_sonnet_inactive_pending_checkpoint7,standard_sonnets,inactive_pending_cross_archive_freeze,sonnet_materialized_inactive,data/processed/liber_liber_resolved_v1/standard_sonnets/part-0001.txt,4668,5197,510,529,f57ec6cd3e26aa6a38cfae0961f3d74b79b5aa72881af66c4dd3c1a3511770ea
ll:2427167:char8957-9425,ll:2427167,Il 1. libro dei trittici,Alessandro Varaldo,Alessandro Varaldo,explicit_post_poem_signature,nineteenth_century,https://liberliber.it/autori/autori-v/alessandro-varaldo/il-1-libro-dei-trittici/,explicit_author_signature,14,14,8957,9425,d75fc00f533438695972327ae4e3dea059b65bd8c8cd7a5d7b4452ea6eb0b904,d75fc00f533438695972327ae4e3dea059b65bd8c8cd7a5d7b4452ea6eb0b904,La voce dolce de l’incantatrice,leni carezze di più lene mano.,,,,eligible_standard_sonnet_inactive_pending_checkpoint7,standard_sonnets,inactive_pending_cross_archive_freeze,sonnet_materialized_inactive,data/processed/liber_liber_resolved_v1/standard_sonnets/part-0001.txt,5198,5683,468,485,d75fc00f533438695972327ae4e3dea059b65bd8c8cd7a5d7b4452ea6eb0b904
ll:2427167:char9445-9937,ll:2427167,Il 1. libro dei trittici,Alessandro Varaldo,Mario Malfettani,explicit_post_poem_signature,nineteenth_century,https://liberliber.it/autori/autori-v/alessandro-varaldo/il-1-libro-dei-trittici/,explicit_author_signature,14,14,9445,9937,803cfbd5c00d28773b4061ca7a0dd359bb7237109bd9526fba1c7f8d34173f64,803cfbd5c00d28773b4061ca7a0dd359bb7237109bd9526fba1c7f8d34173f64,"Che parli, o mare, ne la notte chiara",stesa tra l’alghe e i coralli fiammanti?,,,,eligible_standard_sonnet_inactive_pending_checkpoint7,standard_sonnets,inactive_pending_cross_archive_freeze,sonnet_materialized_inactive,data/processed/liber_liber_resolved_v1/standard_sonnets/part-0001.txt,5684,6190,492,506,803cfbd5c00d28773b4061ca7a0dd359bb7237109bd9526fba1c7f8d34173f64
ll:2427167:char9955-10445,ll:2427167,Il 1. libro dei trittici,Alessandro Varaldo,Alessandro Giribaldi,explicit_post_poem_signature,nineteenth_century,https://liberliber.it/autori/autori-v/alessandro-varaldo/il-1-libro-dei-trittici/,explicit_author_signature,14,14,9955,10445,c1c7edff1b3d05a692f6cecba993b0dcc296fe3b4cecc99d39e37eb79036ef2b,c1c7edff1b3d05a692f6cecba993b0dcc296fe3b4cecc99d39e37eb79036ef2b,Venia la voce lenta come un sacro,cupi) il tuo errore a la mia pura foce»,,,,eligible_standard_sonnet_inactive_pending_checkpoint7,standard_sonnets,inactive_pending_cross_archive_freeze,sonnet_materialized_inactive,data/processed/liber_liber_resolved_v1/standard_sonnets/part-0001.txt,6191,6695,490,504,c1c7edff1b3d05a692f6cecba993b0dcc296fe3b4cecc99d39e37eb79036ef2b
ll:2427167:char10582-11070,ll:2427167,Il 1. libro dei trittici,Alessandro Varaldo,Alessandro Varaldo,explicit_post_poem_signature,nineteenth_century,https://liberliber.it/autori/autori-v/alessandro-varaldo/il-1-libro-dei-trittici/,explicit_author_signature,14,14,10582,11070,d00ba621ea32e1bbc0874d96da82fa12000f7dff0cbe501c668f07671b35b65f,d00ba621ea32e1bbc0874d96da82fa12000f7dff0cbe501c668f07671b35b65f,Passano i morti solo in questa pace,sogni i fantasmi cantano l’addio.,,,,eligible_standard_sonnet_inactive_pending_checkpoint7,standard_sonnets,inactive_pending_cross_archive_freeze,sonnet_materialized_inactive,data/processed/liber_liber_resolved_v1/standard_sonnets/part-0001.txt,6696,7191,488,495,d00ba621ea32e1bbc0874d96da82fa12000f7dff0cbe501c668f07671b35b65f
ll:2427167:char11090-11593,ll:2427167,Il 1. libro dei trittici,Alessandro Varaldo,Mario Malfettani,explicit_post_poem_signature,nineteenth_century,https://liberliber.it/autori/autori-v/alessandro-varaldo/il-1-libro-dei-trittici/,explicit_author_signature,14,14,11090,11593,428767b1b05a5a7996ab31d2f076f17d77052f4debded762235da0b0cf31583c,428767b1b05a5a7996ab31d2f076f17d77052f4debded762235da0b0cf31583c,Fra le canne lo stagno sonnolento,diman lo stagno e l’ore dogliose.,,,,eligible_standard_sonnet_inactive_pending_checkpoint7,standard_sonnets,inactive_pending_cross_archive_freeze,sonnet_materialized_inactive,data/processed/liber_liber_resolved_v1/standard_sonnets/part-0001.txt,7192,7711,503,519,428767b1b05a5a7996ab31d2f076f17d77052f4debded762235da0b0cf31583c
ll:2427167:char11610-12100,ll:2427167,Il 1. libro dei trittici,Alessandro Varaldo,Alessandro Giribaldi,explicit_post_poem_signature,nineteenth_century,https://liberliber.it/autori/autori-v/alessandro-varaldo/il-1-libro-dei-trittici/,explicit_author_signature,14,14,11610,12100,1132a3c6000eb3dd8b0cb6ef03f9c22142fb50f46ad97dc262c808e1c2be4ed4,1132a3c6000eb3dd8b0cb6ef03f9c22142fb50f46ad97dc262c808e1c2be4ed4,"Sta il Cristo, come in tenera agonia,",e l’immenso dolor del Solitario.,,,,eligible_standard_sonnet_inactive_pending_checkpoint7,standard_sonnets,inactive_pending_cross_archive_freeze,sonnet_materialized_inactive,data/processed/liber_liber_resolved_v1/standard_sonnets/part-0001.txt,7712,8223,490,511,1132a3c6000eb3dd8b0cb6ef03f9c22142fb50f46ad97dc262c808e1c2be4ed4
ll:2427167:char12275-12770,ll:2427167,Il 1. libro dei trittici,Alessandro Varaldo,Alessandro Varaldo,explicit_post_poem_signature,nineteenth_century,https://liberliber.it/autori/autori-v/alessandro-varaldo/il-1-libro-dei-trittici/,explicit_author_signature,14,14,12275,12770,3ceb5bd7bdff9ad22a8752f2dfed7a2078a96294cc20d284d3be10e0d28778b0,3ceb5bd7bdff9ad22a8752f2dfed7a2078a96294cc20d284d3be10e0d28778b0,Nel piano gesto un giorno autunnale,Nel ricordo perchè l’anima trema?,,,,eligible_standard_sonnet_inactive_pending_checkpoint7,standard_sonnets,inactive_pending_cross_archive_freeze,sonnet_materialized_inactive,data/processed/liber_liber_resolved_v1/standard_sonnets/part-0001.txt,8224,8731,495,507,3ceb5bd7bdff9ad22a8752f2dfed7a2078a96294cc20d284d3be10e0d28778b0
ll:2427167:char12790-13286,ll:2427167,Il 1. libro dei trittici,Alessandro Varaldo,Mario Malfettani,explicit_post_poem_signature,nineteenth_century,https://liberliber.it/autori/autori-v/alessandro-varaldo/il-1-libro-dei-trittici/,explicit_author_signature,14,14,12790,13286,66ea4ea3c255e23bdd97b485d4e65d483b11167d9354c108389f8ee473bef7f8,66ea4ea3c255e23bdd97b485d4e65d483b11167d9354c108389f8ee473bef7f8,Il sole occiduo vibra su lo specchio,lo specchio io bacio specchio sensuale.,,,,eligible_standard_sonnet_inactive_pending_checkpoint7,standard_sonnets,inactive_pending_cross_archive_freeze,sonnet_materialized_inactive,data/processed/liber_liber_resolved_v1/standard_sonnets/part-0001.txt,8732,9238,496,506,66ea4ea3c255e23bdd97b485d4e65d483b11167d9354c108389f8ee473bef7f8
ll:2427167:char13304-13806,ll:2427167,Il 1. libro dei trittici,Alessandro Varaldo,Alessandro Giribaldi,explicit_post_poem_signature,nineteenth_century,https://liberliber.it/autori/autori-v/alessandro-varaldo/il-1-libro-dei-trittici/,explicit_author_signature,14,14,13304,13806,882ab3c4c407383613bdd1d99379072b80a79332ab0b74533c0e78d37ea48700,882ab3c4c407383613bdd1d99379072b80a79332ab0b74533c0e78d37ea48700,Le Vergini in gentil componimento,cantavan canti fuor de l’Immemoreo.,,,,eligible_standard_sonnet_inactive_pending_checkpoint7,standard_sonnets,inactive_pending_cross_archive_freeze,sonnet_materialized_inactive,data/processed/liber_liber_resolved_v1/standard_sonnets/part-0001.txt,9239,9751,502,512,882ab3c4c407383613bdd1d99379072b80a79332ab0b74533c0e78d37ea48700
ll:2427167:char13969-14456,ll:2427167,Il 1. libro dei trittici,Alessandro Varaldo,Alessandro Varaldo,explicit_post_poem_signature,nineteenth_century,https://liberliber.it/autori/autori-v/alessandro-varaldo/il-1-libro-dei-trittici/,explicit_author_signature,14,14,13969,14456,ed984a999f9e0bdd09fe5b4751c0fa768181d02b999ca16d8dd1781fe52064a2,ed984a999f9e0bdd09fe5b4751c0fa768181d02b999ca16d8dd1781fe52064a2,Ride forse la strada arida al sole,secure i metri in alto gesto spanda.,,,,eligible_standard_sonnet_inactive_pending_checkpoint7,standard_sonnets,inactive_pending_cross_archive_freeze,sonnet_materialized_inactive,data/processed/liber_liber_resolved_v1/standard_sonnets/part-0001.txt,9752,10248,487,496,ed984a999f9e0bdd09fe5b4751c0fa768181d02b999ca16d8dd1781fe52064a2
ll:2427167:char14476-15000,ll:2427167,Il 1. libro dei trittici,Alessandro Varaldo,Mario Malfettani,explicit_post_poem_signature,nineteenth_century,https://liberliber.it/autori/autori-v/alessandro-varaldo/il-1-libro-dei-trittici/,explicit_author_signature,14,14,14476,15000,dc8ae11abe3b2583d967986dcd2b6b199dc0509520578470cb86e7269e22e60a,dc8ae11abe3b2583d967986dcd2b6b199dc0509520578470cb86e7269e22e60a,I pallidi licheni e la fosca edera,segue una bara cosparsa di mammole.,,,,eligible_standard_sonnet_inactive_pending_checkpoint7,standard_sonnets,inactive_pending_cross_archive_freeze,sonnet_materialized_inactive,data/processed/liber_liber_resolved_v1/standard_sonnets/part-0001.txt,10249,10777,524,528,dc8ae11abe3b2583d967986dcd2b6b199dc0509520578470cb86e7269e22e60a
ll:2427167:char15018-15512,ll:2427167,Il 1. libro dei trittici,Alessandro Varaldo,Alessandro Giribaldi,explicit_post_poem_signature,nineteenth_century,https://liberliber.it/autori/autori-v/alessandro-varaldo/il-1-libro-dei-trittici/,explicit_author_signature,14,14,15018,15512,558e1da86758f59b3ff0827aa8ed302ef04a377efa10afd1f52a60e7bad75df7,558e1da86758f59b3ff0827aa8ed302ef04a377efa10afd1f52a60e7bad75df7,Muoion sul giallo viso i baci lenti,sul marmo come un’avida falena.,,,,eligible_standard_sonnet_inactive_pending_checkpoint7,standard_sonnets,inactive_pending_cross_archive_freeze,sonnet_materialized_inactive,data/processed/liber_liber_resolved_v1/standard_sonnets/part-0001.txt,10778,11284,494,506,558e1da86758f59b3ff0827aa8ed302ef04a377efa10afd1f52a60e7bad75df7
ll:2427167:char15640-16139,ll:2427167,Il 1. libro dei trittici,Alessandro Varaldo,Alessandro Varaldo,explicit_post_poem_signature,nineteenth_century,https://liberliber.it/autori/autori-v/alessandro-varaldo/il-1-libro-dei-trittici/,explicit_author_signature,14,14,15640,16139,e55fb2733bf3331829ef5becbff9a3982838a71b936fee99c28da642a1cca2c4,e55fb2733bf3331829ef5becbff9a3982838a71b936fee99c28da642a1cca2c4,"Un getto d’acqua in fondo, a quel vïale",tristi fanciulle e giovinette spose.,,,,eligible_standard_sonnet_inactive_pending_checkpoint7,standard_sonnets,inactive_pending_cross_archive_freeze,sonnet_materialized_inactive,data/processed/liber_liber_resolved_v1/standard_sonnets/part-0001.txt,11285,11801,499,516,e55fb2733bf3331829ef5becbff9a3982838a71b936fee99c28da642a1cca2c4
ll:2427167:char16158-16638,ll:2427167,Il 1. libro dei trittici,Alessandro Varaldo,Mario Malfettani,explicit_post_poem_signature,nineteenth_century,https://liberliber.it/autori/autori-v/alessandro-varaldo/il-1-libro-dei-trittici/,explicit_author_signature,14,14,16158,16638,a25b9906b9cb6f2d291976b5ffc7719ceb03944907a7c52da7bee16960c52243,a25b9906b9cb6f2d291976b5ffc7719ceb03944907a7c52da7bee16960c52243,"Fra i cipressi pensosi, immacolata",il mar ricanta i suoi cantici alati!,,,,eligible_standard_sonnet_inactive_pending_checkpoint7,standard_sonnets,inactive_pending_cross_archive_freeze,sonnet_materialized_inactive,data/processed/liber_liber_resolved_v1/standard_sonnets/part-0001.txt,11802,12285,480,483,a25b9906b9cb6f2d291976b5ffc7719ceb03944907a7c52da7bee16960c52243
ll:2427167:char16656-17192,ll:2427167,Il 1. libro dei trittici,Alessandro Varaldo,Alessandro Giribaldi,explicit_post_poem_signature,nineteenth_century,https://liberliber.it/autori/autori-v/alessandro-varaldo/il-1-libro-dei-trittici/,explicit_author_signature,14,14,16656,17192,2a348eacb7f36690c2f94b18146c670f5cea635292fd2cb5d6c619d69504798d,2a348eacb7f36690c2f94b18146c670f5cea635292fd2cb5d6c619d69504798d,"Sorge da l’acque glauche, sotto il puro",bacio de l’acque qual morir vi attende?,,,,eligible_standard_sonnet_inactive_pending_checkpoint7,standard_sonnets,inactive_pending_cross_archive_freeze,sonnet_materialized_inactive,data/processed/liber_liber_resolved_v1/standard_sonnets/part-0001.txt,12286,12834,536,548,2a348eacb7f36690c2f94b18146c670f5cea635292fd2cb5d6c619d69504798d
ll:2427167:char17341-17849,ll:2427167,Il 1. libro dei trittici,Alessandro Varaldo,Alessandro Varaldo,explicit_post_poem_signature,nineteenth_century,https://liberliber.it/autori/autori-v/alessandro-varaldo/il-1-libro-dei-trittici/,explicit_author_signature,14,14,17341,17849,b335e500cd34e36ebe3bd5d8530e171fccff8e00335675782be9cf4efe2f38f1,b335e500cd34e36ebe3bd5d8530e171fccff8e00335675782be9cf4efe2f38f1,"Poi che t’amo, poi che segno una via,",che per me sarà semplice magione?,,,,eligible_standard_sonnet_inactive_pending_checkpoint7,standard_sonnets,inactive_pending_cross_archive_freeze,sonnet_materialized_inactive,data/processed/liber_liber_resolved_v1/standard_sonnets/part-0001.txt,12835,13354,508,519,b335e500cd34e36ebe3bd5d8530e171fccff8e00335675782be9cf4efe2f38f1
ll:2427167:char17869-18368,ll:2427167,Il 1. libro dei trittici,Alessandro Varaldo,Mario Malfettani,explicit_post_poem_signature,nineteenth_century,https://liberliber.it/autori/autori-v/alessandro-varaldo/il-1-libro-dei-trittici/,explicit_author_signature,14,14,17869,18368,b2bf3567458f3ce4c4936d1733836c44fd2554270b6c5051791406aca07c5223,b2bf3567458f3ce4c4936d1733836c44fd2554270b6c5051791406aca07c5223,"Bianco è il Tempio, d’un bianco siderale:",Il figlioletto è rachitico e smorto!,,,,eligible_standard_sonnet_inactive_pending_checkpoint7,standard_sonnets,inactive_pending_cross_archive_freeze,sonnet_materialized_inactive,data/processed/liber_liber_resolved_v1/standard_sonnets/part-0001.txt,13355,13870,499,515,b2bf3567458f3ce4c4936d1733836c44fd2554270b6c5051791406aca07c5223
ll:2427167:char18386-18895,ll:2427167,Il 1. libro dei trittici,Alessandro Varaldo,Alessandro Giribaldi,explicit_post_poem_signature,nineteenth_century,https://liberliber.it/autori/autori-v/alessandro-varaldo/il-1-libro-dei-trittici/,explicit_author_signature,14,14,18386,18895,f908dc17969e6ee3a8539a5691c7ddaf48627aed9c5cc51c9abf0980010870f2,f908dc17969e6ee3a8539a5691c7ddaf48627aed9c5cc51c9abf0980010870f2,"Voci da i ciechi abissi, senza pianti,",nella fiamma tëurgica del Male!,,,,eligible_standard_sonnet_inactive_pending_checkpoint7,standard_sonnets,inactive_pending_cross_archive_freeze,sonnet_materialized_inactive,data/processed/liber_liber_resolved_v1/standard_sonnets/part-0001.txt,13871,14391,509,520,f908dc17969e6ee3a8539a5691c7ddaf48627aed9c5cc51c9abf0980010870f2
ll:2427167:char19046-19549,ll:2427167,Il 1. libro dei trittici,Alessandro Varaldo,Alessandro Varaldo,explicit_post_poem_signature,nineteenth_century,https://liberliber.it/autori/autori-v/alessandro-varaldo/il-1-libro-dei-trittici/,explicit_author_signature,14,14,19046,19549,e6104f98eae7b7c1ea8c3841e46fef86a41b01e57c154b3051834194ff0e973d,e6104f98eae7b7c1ea8c3841e46fef86a41b01e57c154b3051834194ff0e973d,Io so che invano nel mio dolce dire,presso il tuo fiore che ricorda il Bene.,,,,eligible_standard_sonnet_inactive_pending_checkpoint7,standard_sonnets,inactive_pending_cross_archive_freeze,sonnet_materialized_inactive,data/processed/liber_liber_resolved_v1/standard_sonnets/part-0001.txt,14392,14900,503,508,e6104f98eae7b7c1ea8c3841e46fef86a41b01e57c154b3051834194ff0e973d
ll:2427167:char19581-20077,ll:2427167,Il 1. libro dei trittici,Alessandro Varaldo,Mario Malfettani,explicit_post_poem_signature,nineteenth_century,https://liberliber.it/autori/autori-v/alessandro-varaldo/il-1-libro-dei-trittici/,explicit_author_signature,14,14,19581,20077,b14fc9f49171f9eeb0175af27b25816330d61992233abadb537406b215231c9e,b14fc9f49171f9eeb0175af27b25816330d61992233abadb537406b215231c9e,Tra i giovinetti selci d’un villino,Ma il dolce canto a poco a poco muore.,,,,eligible_standard_sonnet_inactive_pending_checkpoint7,standard_sonnets,inactive_pending_cross_archive_freeze,sonnet_materialized_inactive,data/processed/liber_liber_resolved_v1/standard_sonnets/part-0001.txt,14901,15411,496,510,b14fc9f49171f9eeb0175af27b25816330d61992233abadb537406b215231c9e
ll:2427167:char20111-20623,ll:2427167,Il 1. libro dei trittici,Alessandro Varaldo,Alessandro Giribaldi,explicit_post_poem_signature,nineteenth_century,https://liberliber.it/autori/autori-v/alessandro-varaldo/il-1-libro-dei-trittici/,explicit_author_signature,14,14,20111,20623,8816b6e65da030b53db33e54028fa17a991f870eedbae69d495792b30555ab0f,8816b6e65da030b53db33e54028fa17a991f870eedbae69d495792b30555ab0f,"Biondo ciel, biondi fiori, biondo mare,",sorger dinnanti a me – ecco – dal Mare!,,,,eligible_standard_sonnet_inactive_pending_checkpoint7,standard_sonnets,inactive_pending_cross_archive_freeze,sonnet_materialized_inactive,data/processed/liber_liber_resolved_v1/standard_sonnets/part-0001.txt,15412,15942,512,530,8816b6e65da030b53db33e54028fa17a991f870eedbae69d495792b30555ab0f
ll:2427167:char20775-21289,ll:2427167,Il 1. libro dei trittici,Alessandro Varaldo,Alessandro Varaldo,explicit_post_poem_signature,nineteenth_century,https://liberliber.it/autori/autori-v/alessandro-varaldo/il-1-libro-dei-trittici/,explicit_author_signature,14,14,20775,21289,73ab1f81800e62e64fdfd13c6e4d9041d20ede03428c8a5fd52d0f4f831ee53b,73ab1f81800e62e64fdfd13c6e4d9041d20ede03428c8a5fd52d0f4f831ee53b,La strana donna da i capelli bianchi,Piange e ricorda umile a capo chino.,,,,eligible_standard_sonnet_inactive_pending_checkpoint7,standard_sonnets,inactive_pending_cross_archive_freeze,sonnet_materialized_inactive,data/processed/liber_liber_resolved_v1/standard_sonnets/part-0001.txt,15943,16478,514,535,73ab1f81800e62e64fdfd13c6e4d9041d20ede03428c8a5fd52d0f4f831ee53b
ll:2427167:char21309-21778,ll:2427167,Il 1. libro dei trittici,Alessandro Varaldo,Mario Malfettani,explicit_post_poem_signature,nineteenth_century,https://liberliber.it/autori/autori-v/alessandro-varaldo/il-1-libro-dei-trittici/,explicit_author_signature,14,14,21309,21778,2be0e173d8c343618dcbb9954bf877040b0ab5ff3bca5fad8876bcc79504f5b8,2be0e173d8c343618dcbb9954bf877040b0ab5ff3bca5fad8876bcc79504f5b8,L’ombra vïola del tramonto aulente,L’ombra vïola sfuma tremolando.,,,,eligible_standard_sonnet_inactive_pending_checkpoint7,standard_sonnets,inactive_pending_cross_archive_freeze,sonnet_materialized_inactive,data/processed/liber_liber_resolved_v1/standard_sonnets/part-0001.txt,16479,16974,469,495,2be0e173d8c343618dcbb9954bf877040b0ab5ff3bca5fad8876bcc79504f5b8
ll:2427167:char21796-22304,ll:2427167,Il 1. libro dei trittici,Alessandro Varaldo,Alessandro Giribaldi,explicit_post_poem_signature,nineteenth_century,https://liberliber.it/autori/autori-v/alessandro-varaldo/il-1-libro-dei-trittici/,explicit_author_signature,14,14,21796,22304,f4582c4e91f788b278d13f475c1b4fd0daf9ed6012adac0cc034cf99cbee44db,f4582c4e91f788b278d13f475c1b4fd0daf9ed6012adac0cc034cf99cbee44db,L’esili membra esangui uniche e sole,"bianca, che il tuo porpureo sogno adombra?",,,,eligible_standard_sonnet_inactive_pending_checkpoint7,standard_sonnets,inactive_pending_cross_archive_freeze,sonnet_materialized_inactive,data/processed/liber_liber_resolved_v1/standard_sonnets/part-0001.txt,16975,17508,508,533,f4582c4e91f788b278d13f475c1b4fd0daf9ed6012adac0cc034cf99cbee44db
ll:2427167:char22475-22962,ll:2427167,Il 1. libro dei trittici,Alessandro Varaldo,Alessandro Varaldo,explicit_post_poem_signature,nineteenth_century,https://liberliber.it/autori/autori-v/alessandro-varaldo/il-1-libro-dei-trittici/,explicit_author_signature,14,14,22475,22962,bd0323890d6c77e6e4b13303063315565e4eec7e70e6bb260e537a9e59277777,bd0323890d6c77e6e4b13303063315565e4eec7e70e6bb260e537a9e59277777,"Come un lembo d’azzurro, inaspettata",per riprendere il bel raggio di sole.,,,,eligible_standard_sonnet_inactive_pending_checkpoint7,standard_sonnets,inactive_pending_cross_archive_freeze,sonnet_materialized_inactive,data/processed/liber_liber_resolved_v1/standard_sonnets/part-0001.txt,17509,18015,487,506,bd0323890d6c77e6e4b13303063315565e4eec7e70e6bb260e537a9e59277777
ll:2427167:char22982-23475,ll:2427167,Il 1. libro dei trittici,Alessandro Varaldo,Mario Malfettani,explicit_post_poem_signature,nineteenth_century,https://liberliber.it/autori/autori-v/alessandro-varaldo/il-1-libro-dei-trittici/,explicit_author_signature,14,14,22982,23475,0a5bb6eeb99dd5e067d89b5b373939585ac0687e3126c9cd78bb2d874684c232,0a5bb6eeb99dd5e067d89b5b373939585ac0687e3126c9cd78bb2d874684c232,Il marito le à tolto da i capelli,ella canta la prece virginale.,,,,eligible_standard_sonnet_inactive_pending_checkpoint7,standard_sonnets,inactive_pending_cross_archive_freeze,sonnet_materialized_inactive,data/processed/liber_liber_resolved_v1/standard_sonnets/part-0001.txt,18016,18522,493,506,0a5bb6eeb99dd5e067d89b5b373939585ac0687e3126c9cd78bb2d874684c232
ll:2427167:char23493-24013,ll:2427167,Il 1. libro dei trittici,Alessandro Varaldo,Alessandro Giribaldi,explicit_post_poem_signature,nineteenth_century,https://liberliber.it/autori/autori-v/alessandro-varaldo/il-1-libro-dei-trittici/,explicit_author_signature,14,14,23493,24013,c2dccbc4841f4a01b833ac52358160116a0c03b3c6b0671e1f38d2883d19080b,c2dccbc4841f4a01b833ac52358160116a0c03b3c6b0671e1f38d2883d19080b,"Signora, il vostro sguardo è triste assai,",angiolo d’un distrutto paradiso.,,,,eligible_standard_sonnet_inactive_pending_checkpoint7,standard_sonnets,inactive_pending_cross_archive_freeze,sonnet_materialized_inactive,data/processed/liber_liber_resolved_v1/standard_sonnets/part-0001.txt,18523,19068,520,545,c2dccbc4841f4a01b833ac52358160116a0c03b3c6b0671e1f38d2883d19080b
ll:2427167:char24161-24645,ll:2427167,Il 1. libro dei trittici,Alessandro Varaldo,Alessandro Varaldo,explicit_post_poem_signature,nineteenth_century,https://liberliber.it/autori/autori-v/alessandro-varaldo/il-1-libro-dei-trittici/,explicit_author_signature,14,14,24161,24645,b8600dc671aa38a46cd97a4de681d60ec80d6100e9e84ca03fdbdec4ee2cc50b,b8600dc671aa38a46cd97a4de681d60ec80d6100e9e84ca03fdbdec4ee2cc50b,Inginocchiati: è tempo di pregare.,io non Rosa morrò cupa la notte.,,,,eligible_standard_sonnet_inactive_pending_checkpoint7,standard_sonnets,inactive_pending_cross_archive_freeze,sonnet_materialized_inactive,data/processed/liber_liber_resolved_v1/standard_sonnets/part-0001.txt,19069,19557,484,488,b8600dc671aa38a46cd97a4de681d60ec80d6100e9e84ca03fdbdec4ee2cc50b
ll:2427167:char24691-25173,ll:2427167,Il 1. libro dei trittici,Alessandro Varaldo,Mario Malfettani,explicit_post_poem_signature,nineteenth_century,https://liberliber.it/autori/autori-v/alessandro-varaldo/il-1-libro-dei-trittici/,explicit_author_signature,14,14,24691,25173,359e234f0fa9414ad35fd857b3cc11c342a4db05050791f034e1e192429dffcf,359e234f0fa9414ad35fd857b3cc11c342a4db05050791f034e1e192429dffcf,"Al bacio de la mamma, a la carezza",lo vide penzolare fra i cipressi.,,,,eligible_standard_sonnet_inactive_pending_checkpoint7,standard_sonnets,inactive_pending_cross_archive_freeze,sonnet_materialized_inactive,data/processed/liber_liber_resolved_v1/standard_sonnets/part-0001.txt,19558,20054,482,496,359e234f0fa9414ad35fd857b3cc11c342a4db05050791f034e1e192429dffcf
ll:2427167:char25208-25731,ll:2427167,Il 1. libro dei trittici,Alessandro Varaldo,Alessandro Giribaldi,explicit_post_poem_signature,nineteenth_century,https://liberliber.it/autori/autori-v/alessandro-varaldo/il-1-libro-dei-trittici/,explicit_author_signature,14,14,25208,25731,891b9ea8c9ccf99af12f58a378a6891aa6a22bd66936cfedc92722a99dcac8fe,891b9ea8c9ccf99af12f58a378a6891aa6a22bd66936cfedc92722a99dcac8fe,Il cielo del Supremo Attimo appare,cercano?) Il giorno come un giglio muore.,,,,eligible_standard_sonnet_inactive_pending_checkpoint7,standard_sonnets,inactive_pending_cross_archive_freeze,sonnet_materialized_inactive,data/processed/liber_liber_resolved_v1/standard_sonnets/part-0001.txt,20055,20591,523,536,891b9ea8c9ccf99af12f58a378a6891aa6a22bd66936cfedc92722a99dcac8fe
